province,fire_id,latitude,longitude,year,size_ha,cause
Alberta,HWF175,57.552983,-115.553983,2023,251.8,Unknown
Saskatchewan,23SR-LLHIR03,58.182064,-103.05088,2023,214.7,Natural
Quebec,20231080689,50.5713,-79.3046,2023,19248.49051,Natural
Saskatchewan,23LA-HARDY,55.622898,-106.39554,2023,314.0,Natural
Saskatchewan,23BN-LINVALL,56.361978,-109.013426,2023,660.0,Natural
Saskatchewan,23BN-GARSON,56.170922,-109.592501,2023,689.0,Natural
Northwest Territories,SS080-23,60.0,-115.9914,2023,2000.0,Natural
Saskatchewan,23LA-MCTAVISH,55.845,-105.360333,2023,7102.0,Natural
Saskatchewan,23BN-HILLS,55.982667,-109.2232,2023,1500.0,Natural
Alberta,HWF159,59.684617,-119.684367,2023,12059.99,Natural
Alberta,HWF161,59.731,-119.751217,2023,200.0,Natural
British Columbia,2023-K53294,49.771,-119.9618,2023,1116.2,Human
Ontario,COC55,50.6355,-80.3291,2023,3835.9,Natural
British Columbia,2023-G73406,55.6319,-121.4276,2023,1246.0,Natural
Saskatchewan,23DB-DEER,55.841219,-103.025465,2023,656.0,Natural
Northwest Territories,SS074-23,60.984167,-102.544333,2023,350.0,Natural
Northwest Territories,ZF101-23,64.279433,-115.197217,2023,2382.33,Natural
Northwest Territories,ZF100-23,63.915,-114.671383,2023,4305.0,Natural
Northwest Territories,SS073-23,60.52395,-113.7263,2023,882.0,Natural
Ontario,COC52,51.4104,-82.1242,2023,408.6,Natural
British Columbia,2023-G83130,58.2204,-121.7444,2023,673.0,Natural
British Columbia,2023-V83128,49.5076,-125.5733,2023,1217.1,Natural
Alberta,2023WB31,59.6844,-115.2978,2023,7822.0,Natural
Northwest Territories,2023WB30,60.455,-115.5999,2023,5088.0,Natural
British Columbia,2023-G93120,58.7596,-127.7105,2023,700.0,Natural
Ontario,COC53,51.5625,-84.8141,2023,1383.0,Natural
Saskatchewan,23LA-ERROL,55.9852,-103.254533,2023,374.5,Human
British Columbia,2023-V53075,50.5322,-124.3396,2023,262.0,Natural
British Columbia,2023-V33029,50.3991,-122.6656,2023,410.0,Natural
British Columbia,2023-V53027,49.7123,-123.5527,2023,415.5,Natural
Yukon,2023OT004,59.934129,-127.74958,2023,475.74,Natural
British Columbia,2023-C53189,51.6808,-124.994,2023,200.0,Natural
British Columbia,2023-R13068,53.4286,-126.9397,2023,419.0,Natural
British Columbia,2023-R13093,53.3021,-126.7535,2023,913.0,Natural
British Columbia,2023-C53002,52.0622,-123.5597,2023,1235.3,Human
Yukon,2023WL008,61.579784,-129.990649,2023,250.0,Natural
British Columbia,2023-C52978,51.5811,-125.0824,2023,16842.0,Natural
British Columbia,2023-V33258,50.5959,-122.7344,2023,300.0,Natural
British Columbia,2023-G52955,55.0552,-125.641,2023,1590.6,Natural
British Columbia,2023-G62952,55.5756,-123.5436,2023,205.06,Natural
British Columbia,2023-G92947,59.2269,-128.0591,2023,7301.75,Natural
British Columbia,2023-G92940,59.2838,-121.8901,2023,71002.7,Natural
British Columbia,2023-K73066,50.3079,-122.044,2023,480.37,Natural
Quebec,20231080663,51.0539,-79.1325,2023,300.0,Natural
Northwest Territories,ZF098-23,64.36555,-119.0525,2023,274.0,Natural
Northwest Territories,ZF099-23,63.31555,-116.6845,2023,572.0,Natural
Manitoba,NO129,57.3806,-101.626,2023,350.0,Natural
British Columbia,2023-V93289,51.7347,-125.8142,2023,433.0,Natural
Saskatchewan,23SR-EISEN2,59.110383,-104.8664,2023,1445.0,Natural
Alberta,2023WB29,58.0812,-113.2374,2023,5900.0,Natural
British Columbia,2023-VA2884,52.2916,-126.0645,2023,900.0,Natural
Saskatchewan,23LA-KINO,57.081448,-102.112563,2023,2238.0,Natural
Saskatchewan,23SR-DEBUS2,59.012867,-109.621583,2023,4816.0,Natural
British Columbia,2023-K52813,49.3014,-119.7091,2023,2043.8,Human
British Columbia,2023-K42815,50.0275,-119.4413,2023,372.6,Natural
British Columbia,2023-V82787,49.5919,-126.2774,2023,425.0,Unknown
British Columbia,2023-K52808,49.9343,-119.4611,2023,733.0,Unknown
British Columbia,2023-V52804,50.6693,-123.9888,2023,302.0,Natural
British Columbia,2023-K52767,49.9081,-119.6328,2023,13970.4,Unknown
British Columbia,2023-VA2752,52.8213,-126.1975,2023,330.0,Natural
Yukon,2023OC031,67.015282,-136.476263,2023,8833.09,Unknown
Yukon,2023OC029,67.335411,-139.888516,2023,3618.86,Natural
Yukon,2023OC030,67.463174,-136.682325,2023,475.0,Unknown
British Columbia,2023-V12722,49.1089,-121.2662,2023,1517.7,Natural
Northwest Territories,FS028-23,61.434667,-120.5569,2023,328.0,Human
Manitoba,NO123,58.575,-101.253,2023,230.0,Natural
Manitoba,NO121,57.2531,-93.4672,2023,333.0,Natural
Northwest Territories,ZF097-23,62.767217,-103.574433,2023,517.2,Natural
Northwest Territories,2023TH5,62.4854,-110.4762,2023,314.0,Unknown
British Columbia,2023-K72705,50.3647,-122.0244,2023,1015.5,Natural
Manitoba,NO117,56.8086,-100.829,2023,853.0,Natural
Northwest Territories,SS069-23,60.019783,-112.673983,2023,43000.0,Natural
Yukon,2023MA049,63.911283,-132.949933,2023,990.27,Unknown
Yukon,2023DA057,63.376267,-139.616783,2023,1790.01,Natural
Yukon,2023MA048,64.271108,-134.2267,2023,557.89,Unknown
Yukon,2023MA050,65.422167,-135.799633,2023,7117.23,Unknown
Yukon,2023DA058,64.552581,-140.343781,2023,421.54,Unknown
Northwest Territories,FS027-23,63.091667,-124.0185,2023,760.0,Natural
British Columbia,2023-G92594,59.9374,-127.762,2023,316.5,Natural
Yukon,2023MA047,63.1636,-135.178983,2023,479.0,Unknown
Northwest Territories,VQ046-23,64.390683,-120.814217,2023,6290.0,Natural
Northwest Territories,VQ044-23,65.73945,-117.95255,2023,1089.0,Natural
Northwest Territories,ZF093-23,62.673333,-113.3007,2023,513.0,Natural
British Columbia,2023-N12546,50.1617,-114.995,2023,2512.0,Natural
British Columbia,2023-N72730,50.0903,-116.757,2023,463.0,Natural
British Columbia,2023-N12589,49.2067,-115.0082,2023,1909.0,Natural
British Columbia,2023-N72601,50.2953,-117.1051,2023,228.0,Natural
British Columbia,2023-N72824,50.123,-116.6149,2023,383.0,Natural
British Columbia,2023-N72833,50.1619,-117.139,2023,366.0,Natural
Yukon,2023XY024,61.6115,-134.6355,2023,221.1,Unknown
Yukon,2023RR013,62.450667,-131.000833,2023,382.75,Unknown
Yukon,2023TE001,60.7585,-133.753167,2023,636.06,Unknown
British Columbia,2023-R92525,59.4578,-132.8638,2023,1171.95,Natural
Saskatchewan,23LA-FORD,57.437417,-102.725867,2023,250.0,Natural
Saskatchewan,23LA-CAIRNS,57.6443,-103.340667,2023,564.9,Natural
Manitoba,NO115,52.9847,-95.1306,2023,239.2,Natural
Yukon,2023MA040,65.388967,-135.532033,2023,2162.31,Unknown
Yukon,2023MA039,65.554983,-135.424267,2023,5410.66,Unknown
Yukon,2023MA044,65.023871,-134.817319,2023,557.3,Unknown
Yukon,2023MA043,65.410933,-133.381767,2023,1999.97,Unknown
Yukon,2023MA042,65.676892,-135.907609,2023,3831.65,Unknown
Yukon,2023MA038,65.685483,-135.040167,2023,11651.05,Unknown
Yukon,2023MA045,64.181663,-134.920768,2023,6021.66,Unknown
Yukon,2023MA041,65.677865,-135.754957,2023,1399.02,Unknown
Northwest Territories,FS025-23,63.500833,-121.386333,2023,12000.0,Natural
British Columbia,2023-N22508,50.4956,-115.3742,2023,711.0,Natural
Ontario,RED70,52.3064,-94.8182,2023,1178.8,Natural
Yukon,2023OC027,68.397133,-138.79745,2023,549.79,Natural
Yukon,2023DA055,63.692483,-140.369462,2023,375.84,Natural
Northwest Territories,SS067-23,60.018817,-118.325867,2023,430000.0,Natural
British Columbia,2023-V82558,49.7641,-125.7,2023,2320.0,Natural
Ontario,HEA18,50.1384,-82.3944,2023,1607.5,Natural
Yukon,2023DA052,64.135967,-137.834833,2023,926.62,Natural
Yukon,2023MA036,63.7793,-136.635117,2023,2794.87,Unknown
Yukon,2023DA054,65.439383,-136.036617,2023,1557.09,Unknown
Yukon,2023DA053,65.807476,-136.065396,2023,520.51,Unknown
Yukon,2023MA034,63.60305,-136.166683,2023,912.03,Natural
Manitoba,2023WP1,57.2509,-93.4627,2023,450.0,Natural
Yukon,2023CA009,61.766872,-135.106274,2023,3939.56,Unknown
Yukon,2023DA050,63.938183,-140.282867,2023,582.59,Unknown
Yukon,2023DA051,64.03465,-137.95465,2023,3020.49,Unknown
Yukon,2023CA010,62.655817,-135.959617,2023,823.06,Unknown
Northwest Territories,ZF088-23,64.783333,-115.193,2023,3000.0,Natural
Northwest Territories,SS063-23,61.094067,-105.40955,2023,300.0,Natural
Northwest Territories,SS052-23,60.766667,-116.8,2023,252253.0,Natural
Northwest Territories,VQ029-23,64.622967,-124.87775,2023,266.0,Natural
Northwest Territories,ZF090-23,65.057667,-115.4325,2023,7000.0,Natural
Northwest Territories,SS062-23,61.194083,-106.173133,2023,2000.0,Natural
Northwest Territories,VQ047-23,63.623683,-125.2411,2023,5865.0,Natural
Northwest Territories,ZF091-23,65.120833,-116.10085,2023,2600.0,Natural
Northwest Territories,SS066-23,61.530817,-105.94815,2023,2000.0,Natural
Northwest Territories,SS064-23,61.296917,-104.109533,2023,7500.0,Natural
Northwest Territories,ZF089-23,64.872333,-115.4225,2023,4100.0,Natural
Northwest Territories,SS065-23,61.401967,-104.759667,2023,2000.0,Natural
Northwest Territories,ZF094-23,64.738883,-118.813333,2023,3800.0,Natural
Northwest Territories,ZF085-23,62.18555,-113.386667,2023,73109.17,Natural
Northwest Territories,ZF081-23,65.520333,-114.308333,2023,3000.0,Natural
British Columbia,2023-N42390,51.5235,-117.5588,2023,644.0,Natural
Saskatchewan,23DB-LAIRD,56.232583,-102.134717,2023,506.0,Natural
Quebec,20231080643,56.7081,-66.9035,2023,1265.03059,Natural
Yukon,2023MA033,63.506,-135.822633,2023,5036.66,Natural
Northwest Territories,VQ036-23,66.017033,-125.542133,2023,4000.0,Natural
Northwest Territories,ZF083-23,64.416667,-118.90555,2023,11412.24,Natural
Northwest Territories,ZF086-23,63.491333,-113.5075,2023,15346.54,Natural
Northwest Territories,ZF080-23,64.454167,-115.202667,2023,22806.82,Natural
Northwest Territories,ZF092-23,63.556667,-111.994433,2023,8796.53,Natural
Northwest Territories,VQ039-23,65.369917,-125.279483,2023,643.0,Natural
British Columbia,2023-G92498,58.5786,-120.9371,2023,275054.7,Natural
British Columbia,2023-N52393,50.3582,-117.6146,2023,868.0,Natural
Yukon,2023MA032,63.602133,-135.027967,2023,527.14,Unknown
Northwest Territories,VQ037-23,66.6366,-127.456183,2023,1185.09,Natural
Northwest Territories,ZF087-23,64.450833,-111.4855,2023,1100.0,Natural
British Columbia,2023-N72365,50.1718,-116.7934,2023,479.0,Natural
British Columbia,2023-N22370,50.9437,-116.4795,2023,960.0,Natural
British Columbia,2023-N72419,50.742,-117.0683,2023,519.0,Natural
British Columbia,2023-N72369,50.8046,-117.3171,2023,890.0,Natural
British Columbia,2023-N52372,50.4053,-117.7668,2023,200.0,Natural
Saskatchewan,23LA-MULLIN,57.5828,-103.348433,2023,716.0,Natural
Manitoba,NO106,56.9414,-99.1797,2023,563.1,Natural
Yukon,2023OC017,68.080404,-138.434946,2023,68201.82,Unknown
Yukon,2023DA038,65.917283,-138.076333,2023,3570.42,Unknown
Yukon,2023OC026,67.775724,-139.06673,2023,26367.0,Unknown
Yukon,2023OC010,67.313087,-139.732345,2023,509.22,Unknown
Yukon,2023OC024,66.253136,-139.038494,2023,17574.17,Unknown
Yukon,2023DA042,65.450033,-136.650333,2023,289.8,Unknown
Yukon,2023DA045,65.398123,-136.819642,2023,2937.22,Unknown
Yukon,2023OC018,66.027432,-135.596068,2023,17001.36,Unknown
Yukon,2023OC009,67.532533,-139.676667,2023,416.31,Natural
Yukon,2023DA043,65.383333,-136.594515,2023,590.37,Unknown
Yukon,2023DA041,65.567633,-136.681,2023,442.6,Unknown
Yukon,2023OC020,66.817032,-136.83334,2023,8700.0,Unknown
Yukon,2023OC011,67.785928,-140.392042,2023,6359.14,Unknown
Yukon,2023OC012,67.708262,-139.89993,2023,824.0,Unknown
Yukon,2023OC015,67.272133,-137.73987,2023,1105.24,Unknown
Yukon,2023OC019,66.838545,-137.398577,2023,9675.89,Unknown
Yukon,2023OC014,67.528806,-138.278775,2023,4661.76,Unknown
Yukon,2023DA044,65.263311,-136.47372,2023,973.75,Unknown
Yukon,2023OC021,66.760242,-136.729634,2023,13668.91,Unknown
Yukon,2023OC016,67.959885,-138.61084,2023,16116.0,Unknown
Northwest Territories,ZF078-23,63.13387443,-107.6224221,2023,1000.0,Natural
Northwest Territories,ZF067-23,64.4625,-113.122167,2023,342.0,Natural
Northwest Territories,ZF076-23,62.272217,-104.927767,2023,250.0,Natural
Northwest Territories,ZF062-23,65.158333,-109.822167,2023,2700.0,Natural
Northwest Territories,ZF072-23,63.625167,-115.998333,2023,22285.96,Natural
Northwest Territories,ZF071-23,64.470833,-114.679167,2023,800.0,Natural
Northwest Territories,ZF059-23,64.451667,-107.385,2023,300.0,Natural
Northwest Territories,ZF061-23,65.158333,-109.934167,2023,1300.0,Natural
Northwest Territories,ZF070-23,64.425,-114.475,2023,2179.0,Natural
Northwest Territories,EV019-23,67.592,-130.609333,2023,9000.0,Natural
Northwest Territories,ZF064-23,64.854,-114.641667,2023,2100.0,Natural
Northwest Territories,VQ028-23,64.54985,-125.545583,2023,5000.0,Natural
Northwest Territories,ZF073-23,63.793333,-115.979167,2023,12338.95,Natural
Northwest Territories,ZF066-23,64.7325,-115.986667,2023,25063.37,Natural
Northwest Territories,ZF069-23,64.361,-114.729167,2023,7132.0,Natural
Yukon,2023VU1,68.4036,-138.8071,2023,600.0,Unknown
British Columbia,2023-K52318,49.0011,-119.5057,2023,7060.6,Unknown
Saskatchewan,23BN-BROAD,56.629214,-108.359585,2023,1645.0,Natural
Saskatchewan,23BN-BENT,56.71475,-108.353717,2023,1371.0,Natural
Yukon,2023DA024,64.610467,-139.81565,2023,1028.67,Unknown
Yukon,2023DA027,65.577067,-138.015667,2023,800.0,Unknown
Yukon,2023DA029,63.8365,-137.810667,2023,11683.83,Unknown
Yukon,2023MA029,64.155833,-135.8625,2023,351.0,Unknown
Yukon,2023MA030,63.769983,-135.9885,2023,399.0,Unknown
Yukon,2023DA028,65.861501,-137.15107,2023,626.78,Unknown
Northwest Territories,ZF063-23,64.941667,-114.258333,2023,3300.0,Natural
Saskatchewan,23SR-PREMIER,59.833133,-106.16583,2023,493.0,Natural
Yukon,2023MA027,64.03545,-136.59915,2023,297.1,Unknown
Yukon,2023DA017,63.879796,-139.370332,2023,1105.4,Natural
Yukon,2023MA026,63.761733,-133.866833,2023,1624.32,Unknown
Northwest Territories,SS058-23,60.197617,-106.355067,2023,8000.0,Natural
Northwest Territories,SS059-23,60.2394,-106.809117,2023,500.0,Natural
Northwest Territories,SS055-23,60.44355,-108.101417,2023,10000.0,Natural
Northwest Territories,VQ027-23,65.678133,-127.605983,2023,11000.0,Natural
Northwest Territories,VQ030-23,67.779583,-129.701883,2023,25000.0,Natural
Northwest Territories,SS056-23,60.244567,-108.11215,2023,21000.0,Natural
Northwest Territories,VQ034-23,65.934783,-129.8975,2023,12000.0,Natural
Northwest Territories,SS057-23,60.026683,-106.992,2023,3700.0,Natural
Northwest Territories,ZF056-23,65.430833,-115.251667,2023,600.0,Natural
Northwest Territories,SS053-23,60.179,-107.661583,2023,325.0,Natural
Northwest Territories,VQ038-23,64.71735,-121.2397,2023,9000.0,Natural
Northwest Territories,ZF052-23,65.919167,-116.941667,2023,20279.58,Natural
Northwest Territories,VQ033-23,66.0378,-130.074,2023,11000.0,Natural
Northwest Territories,SS054-23,60.0747,-106.24215,2023,5500.0,Natural
Northwest Territories,ZF054-23,65.55,-115.804167,2023,5400.0,Natural
Manitoba,NO104,58.8442,-101.107,2023,450.0,Natural
Ontario,COC49,50.5531,-80.7494,2023,10194.7,Natural
Yukon,2023DA014,65.948833,-137.311167,2023,21418.49,Natural
Yukon,2023OC007,66.379333,-136.647333,2023,5673.67,Natural
Yukon,2023DA015,65.914,-137.3595,2023,12500.0,Natural
Northwest Territories,ZF049-23,63.5625,-112.2884,2023,1591.69,Natural
Northwest Territories,EV020-23,68.3375,-130.368,2023,3000.0,Natural
Northwest Territories,VQ025-23,66.992717,-128.746967,2023,1900.0,Natural
Northwest Territories,EV021-23,68.3255,-130.671667,2023,3000.0,Natural
Northwest Territories,EV018-23,67.842167,-131.1755,2023,224.0,Natural
Northwest Territories,EV026-23,67.973167,-131.019833,2023,300.0,Natural
Northwest Territories,VQ032-23,66.173783,-130.413433,2023,11000.0,Natural
Northwest Territories,EV025-23,67.6925,-130.087333,2023,7000.0,Natural
Northwest Territories,EV016-23,68.086333,-132.359333,2023,18000.0,Natural
Northwest Territories,VQ042-23,67.900917,-128.011633,2023,200.0,Natural
Northwest Territories,VQ035-23,66.979967,-128.999133,2023,2907.0,Natural
Northwest Territories,VQ026-23,66.929567,-128.535917,2023,10400.0,Natural
Northwest Territories,VQ031-23,67.986783,-127.434333,2023,307.0,Natural
Northwest Territories,2023TH4,62.3408,-109.1399,2023,1507.0,Unknown
Saskatchewan,23SR-MANSON,58.615433,-103.240033,2023,500.1,Natural
Saskatchewan,23SR-HAMIL,58.283733,-104.214783,2023,11740.7,Natural
Saskatchewan,23SR-HELMER,59.007364,-107.430436,2023,4381.2,Natural
Northwest Territories,SS050-23,60.841067,-110.3106,2023,1396.0,Natural
British Columbia,2023-G32441,52.277,-119.374,2023,231.0,Natural
Saskatchewan,23LA-NICOLE,55.904871,-105.559947,2023,1056.0,Natural
Saskatchewan,23SR-EISEN,59.090283,-104.97345,2023,3106.5,Natural
Manitoba,NO097,54.5494,-96.5622,2023,430.0,Natural
Yukon,2023MA022,63.496861,-132.841242,2023,555.66,Unknown
Northwest Territories,EV014-23,68.5205,-133.1005,2023,35583.0,Natural
Alberta,MWF055,59.287383,-110.89775,2023,1653.9,Natural
Ontario,COC46,50.9907,-85.0603,2023,1473.9,Natural
Yukon,2023CA005,62.9816,-134.404333,2023,830.72,Natural
Yukon,2023MA020,63.752601,-132.29139,2023,621.04,Natural
Yukon,2023MA016,64.08295,-132.398183,2023,432.0,Natural
Yukon,2023MA015,64.174842,-132.671654,2023,10108.17,Natural
Yukon,2023MA018,63.132165,-132.844643,2023,1788.19,Natural
Yukon,2023DA010,63.445925,-140.420342,2023,621.08,Natural
Yukon,2023MA017,63.563083,-133.95665,2023,963.93,Natural
Yukon,2023MA019,63.11085,-134.796333,2023,843.61,Natural
Yukon,2023OC006,66.772196,-137.309415,2023,2352.0,Unknown
Yukon,2023MA014,64.100413,-133.526893,2023,454.49,Unknown
Yukon,2023DA009,64.009233,-140.6619,2023,398.92,Natural
Yukon,2023MA021,65.354233,-134.7034,2023,7868.24,Natural
Northwest Territories,ZF048-23,62.4296,-105.9499,2023,678.0,Natural
British Columbia,2023-N22243,50.5343,-116.2428,2023,3918.5,Natural
British Columbia,2023-N22240,50.2737,-115.6343,2023,5419.6,Natural
British Columbia,2023-N52251,50.6177,-117.2668,2023,1038.0,Natural
Saskatchewan,23LA-BRAD,55.6305,-104.277167,2023,4191.0,Natural
Saskatchewan,23SR-DEBUS,59.034617,-109.756617,2023,3781.9,Natural
Saskatchewan,23LA-BAY,55.954367,-103.659283,2023,8414.1,Natural
Saskatchewan,23DB-TRAILL,55.424983,-103.838133,2023,1645.8,Natural
Saskatchewan,23SR-ZANGE,58.005983,-102.046133,2023,200.0,Natural
Manitoba,EA076,53.1089,-96.5064,2023,1000.0,Natural
Manitoba,NO095,54.0097,-96.8203,2023,800.2,Natural
Yukon,2023RR010,62.816333,-133.814333,2023,255.51,Unknown
Yukon,2023RR011,62.907333,-133.912667,2023,1466.25,Unknown
Yukon,2023MA013,63.4061,-135.313567,2023,956.07,Unknown
Northwest Territories,VQ021-23,65.660067,-126.841267,2023,1542.0,Natural
Northwest Territories,ZF041-23,64.7693,-119.5291,2023,36070.35,Natural
Northwest Territories,ZF046-23,63.9224,-113.8541,2023,11210.49,Natural
Northwest Territories,EV023-23,68.02685,-129.993017,2023,920.0,Natural
Northwest Territories,EV013-23,68.617733,-129.82375,2023,350.0,Natural
Alberta,PWF120,57.23575,-116.358767,2023,200.0,Natural
Alberta,PWF125,56.859183,-119.659367,2023,17714.2,Natural
British Columbia,2023-N72170,50.6931,-117.1213,2023,1337.0,Natural
British Columbia,2023-K52125,49.1726,-120.0607,2023,46504.2,Natural
British Columbia,2023-G62150,55.8255,-123.1873,2023,375.53,Natural
Saskatchewan,23LA-PELT,55.5534,-105.0417,2023,9601.0,Natural
Saskatchewan,23SR-SEGUIN,59.729731,-105.237048,2023,16367.9,Natural
Saskatchewan,23SR-CHAMB,59.652583,-105.28545,2023,16566.4,Natural
Saskatchewan,23LA-POOLE,55.913083,-104.54705,2023,9584.0,Natural
Saskatchewan,23SR-TODOS,59.336523,-106.725416,2023,5538.1,Natural
Saskatchewan,23SR-MESSUM,58.948517,-103.29765,2023,6436.4,Natural
Saskatchewan,23SR-BENTLEY,58.930803,-103.060627,2023,1076.8,Natural
Quebec,20231080628,53.541,-78.1303,2023,1103.056343,Natural
Northwest Territories,ZF037-23,62.7542,-112.2085,2023,1678.0,Natural
Northwest Territories,ZF036-23,62.6353,-112.4867,2023,386.0,Natural
Northwest Territories,SS049-23,61.294567,-109.8511,2023,5500.0,Natural
Northwest Territories,ZF039-23,65.4942,-114.7059,2023,2200.0,Natural
Northwest Territories,ZF040-23,65.669,-115.6223,2023,22000.0,Natural
Northwest Territories,ZF035-23,62.5917,-112.7354,2023,1227.0,Natural
Northwest Territories,ZF038-23,64.5512,-119.9343,2023,21572.73,Natural
Northwest Territories,ZF075-23,62.1374,-105.6324,2023,279.0,Natural
Northwest Territories,ZF045-23,62.7653,-102.0207,2023,416.0,Natural
Northwest Territories,2023TH2,63.1422,-107.6286,2023,1426.0,Natural
Northwest Territories,2023TH1,63.0052,-108.509,2023,1716.0,Natural
Northwest Territories,2023TH3,62.8605,-107.3331,2023,2465.0,Natural
British Columbia,2023-N12046,49.7128,-114.9208,2023,1295.0,Natural
British Columbia,2023-C12135,52.6094,-122.2498,2023,270.0,Natural
British Columbia,2023-N42102,51.0106,-116.3746,2023,449.0,Natural
British Columbia,2023-N42228,51.2003,-116.7542,2023,284.0,Natural
British Columbia,2023-N52138,50.6323,-117.2956,2023,372.0,Natural
British Columbia,2023-N52156,50.462,-117.5974,2023,876.0,Natural
British Columbia,2023-R23091,53.4993,-127.0712,2023,1255.0,Natural
Saskatchewan,23BN-PARKER,56.807933,-108.705267,2023,345.0,Natural
Manitoba,NO089,57.475,-95.5261,2023,1150.0,Natural
Ontario,SLK47,53.1217,-90.366,2023,17104.0,Natural
Northwest Territories,SS061-23,60.529767,-103.398867,2023,450.0,Natural
British Columbia,2023-C51974,52.0612,-123.4915,2023,1306.0,Natural
British Columbia,2023-K22024,50.4484,-120.4009,2023,11382.0,Natural
British Columbia,2023-G12002,54.609,-121.7952,2023,351.7,Natural
British Columbia,2023-N52009,50.7671,-117.475,2023,413.0,Natural
British Columbia,2023-G91933,59.463,-120.0004,2023,2272.0,Unknown
British Columbia,2023-C51981,52.2005,-123.4805,2023,1400.0,Natural
Saskatchewan,23SR-PHELPS,59.130258,-103.283011,2023,3729.5,Natural
Manitoba,NO085,57.8178,-96.9844,2023,1100.0,Natural
Manitoba,NO086,55.8011,-100.99,2023,534.8,Natural
Manitoba,NO090,57.7817,-97.7894,2023,500.0,Natural
Yukon,2023MA010,64.084317,-136.7934,2023,1249.97,Unknown
Yukon,2023MA011,64.029453,-135.850085,2023,13853.11,Natural
Northwest Territories,FS022-23,61.029833,-121.346167,2023,14000.0,Natural
Saskatchewan,23LA-GERMAN,56.45435,-103.394333,2023,6470.0,Natural
Yukon,2023MA008,64.923917,-135.811483,2023,4873.21,Unknown
Northwest Territories,FS021-23,60.7423,-120.5908,2023,1320.0,Natural
British Columbia,2023-K22757,51.4623,-119.7008,2023,1771.9,Natural
British Columbia,2023-C11892,52.9119,-125.4362,2023,341.9,Natural
British Columbia,2023-N42074,51.0961,-118.4314,2023,1265.3,Natural
British Columbia,2023-N72169,50.7441,-117.13,2023,287.0,Natural
British Columbia,2023-N12352,49.6784,-115.4511,2023,2952.0,Natural
British Columbia,2023-N71918,49.3602,-116.2142,2023,1457.0,Natural
British Columbia,2023-N11805,49.6108,-115.7134,2023,4640.0,Human
British Columbia,2023-N72350,50.4515,-117.0131,2023,590.0,Natural
Saskatchewan,23SR-SOMER,59.561133,-105.078283,2023,9675.6,Natural
Yukon,2023MA007,63.030367,-133.854317,2023,17157.57,Unknown
Northwest Territories,FS018-23,60.7384,-120.9336,2023,250.0,Natural
Northwest Territories,FS019-23,60.7707,-121.0307,2023,1400.0,Natural
Northwest Territories,VQ020-23,67.32465,-130.092883,2023,35000.0,Natural
Alberta,2023WB25,59.5079,-114.2576,2023,77293.0,Natural
Quebec,20231080633,57.9732,-68.5217,2023,695.4928029,Natural
Alberta,HWF135,57.644173,-114.131117,2023,476.9,Natural
British Columbia,2023-G91739,59.4203,-123.6556,2023,33425.6,Natural
British Columbia,2023-VA1735,52.5121,-125.9057,2023,3360.0,Natural
British Columbia,2023-K71778,50.7831,-121.8895,2023,589.0,Natural
British Columbia,2023-V31726,50.7078,-123.3159,2023,399.0,Natural
Yukon,2023OT003,59.635385,-129.415924,2023,60871.77,Unknown
Northwest Territories,VQ018-23,66.91965,-129.47335,2023,38550.0,Natural
Northwest Territories,2023WAFU1,66.0041,-121.7226,2023,8126.0,Natural
British Columbia,2023-V51696,51.1679,-125.017,2023,238.0,Natural
British Columbia,2023-K51680,49.1341,-119.9525,2023,480.0,Natural
Saskatchewan,23SR-DORRELL,59.983783,-106.8046,2023,11456.0,Natural
Quebec,20231080626,51.5402,-76.892,2023,1311.924101,Natural
Yukon,2023RR004,62.816667,-132.566667,2023,1675.63,Unknown
Yukon,2023RR005,62.620417,-132.4474,2023,9941.06,Unknown
Yukon,2023RR003,61.683967,-130.757733,2023,463.69,Natural
Northwest Territories,VQ017-23,66.371567,-119.391067,2023,6376.0,Natural
Alberta,HWF130,59.466167,-119.9507,2023,5555.0,Natural
British Columbia,2023-R41659,55.7303,-127.2702,2023,278.1,Unknown
British Columbia,2023-K21620,51.0114,-119.6968,2023,10004.9,Natural
British Columbia,2023-K21633,51.0035,-119.8255,2023,45613.0,Natural
British Columbia,2023-VA1638,52.7022,-126.4986,2023,3555.0,Natural
British Columbia,2023-K71658,50.802,-122.5285,2023,241.0,Natural
British Columbia,2023-K71705,50.3047,-121.8258,2023,5021.6,Natural
British Columbia,2023-K71649,50.8561,-122.9739,2023,9565.0,Natural
British Columbia,2023-K71634,50.3474,-121.7151,2023,4734.3,Natural
British Columbia,2023-K71707,50.1667,-122.0922,2023,651.0,Natural
British Columbia,2023-N71690,50.6605,-116.9419,2023,241.0,Natural
British Columbia,2023-G41560,53.4541,-124.2051,2023,1144.3,Natural
British Columbia,2023-C51571,52.7728,-125.5802,2023,3350.0,Natural
British Columbia,2023-G41569,53.675,-124.3337,2023,801.1,Natural
Quebec,20231080621,52.6198,-77.0026,2023,1408.869109,Natural
Quebec,20231080629,58.1374,-67.4721,2023,650.2204949,Natural
Yukon,2023OC004,67.505067,-138.3513,2023,229.29,Natural
Northwest Territories,SS023-23,61.208333,-113.203883,2023,641.0,Natural
Northwest Territories,VQ016-23,65.170883,-120.116317,2023,767.0,Natural
Alberta,2023WB24,59.5512,-115.5107,2023,13736.0,Natural
British Columbia,2023-G91494,59.8051,-121.7854,2023,6996.4,Natural
British Columbia,2023-R31512,55.0104,-127.4476,2023,556.13,Natural
British Columbia,2023-G41502,53.5682,-125.2453,2023,34853.6,Natural
British Columbia,2023-G41493,53.2252,-124.9064,2023,4878.8,Natural
British Columbia,2023-G91534,59.4272,-121.0306,2023,32257.2,Natural
British Columbia,2023-G41511,53.7755,-124.4256,2023,4767.8,Natural
British Columbia,2023-N42216,51.7139,-118.1829,2023,303.0,Natural
British Columbia,2023-N71835,50.2359,-116.8421,2023,709.0,Natural
British Columbia,2023-G11532,54.9614,-122.6221,2023,1100.0,Natural
British Columbia,2023-K71535,50.6806,-122.3862,2023,11284.0,Natural
British Columbia,2023-G51564,54.5447,-125.033,2023,6143.2,Natural
British Columbia,2023-R31581,55.5963,-126.784,2023,239.0,Natural
British Columbia,2023-G81530,57.429,-120.2001,2023,6108.9,Natural
Quebec,20231080619,54.2242,-77.3654,2023,1231.77114,Natural
Quebec,20231080624,52.9583,-76.729,2023,16385.71501,Natural
Quebec,20231080622,53.1408,-76.8378,2023,448.5,Natural
Yukon,2023OC003,66.780617,-137.255617,2023,450.0,Natural
Northwest Territories,SS029-23,60.803883,-112.726667,2023,2986.0,Natural
Northwest Territories,FS023-23,64.008,-121.356,2023,26000.0,Natural
British Columbia,2023GL1,51.2619,-117.3568,2023,1956.0,Natural
British Columbia,2023-G91467,59.2839,-122.1495,2023,888.01,Natural
British Columbia,2023-C11499,53.1661,-123.7126,2023,7864.0,Natural
British Columbia,2023-C11437,53.296,-123.6686,2023,4422.1,Natural
British Columbia,2023-G41466,53.659,-123.7843,2023,262.0,Natural
British Columbia,2023-C11405,52.74,-125.0359,2023,1282.0,Natural
British Columbia,2023-R31465,55.3867,-126.7215,2023,639.0,Natural
British Columbia,2023-G41422,53.9829,-124.8257,2023,736.6,Natural
British Columbia,2023-G51411,55.3288,-125.3514,2023,451.6,Natural
British Columbia,2023-R31585,55.0761,-126.7662,2023,520.0,Natural
British Columbia,2023-VA1462,52.0616,-125.7398,2023,1708.0,Natural
British Columbia,2023-R13124,54.4756,-125.1785,2023,280.0,Natural
British Columbia,2023-R21673,53.8076,-126.6908,2023,4360.0,Natural
Quebec,20231080618,56.9721,-67.36,2023,8809.438368,Natural
Yukon,2023XY019,60.826467,-135.7492,2023,1264.98,Unknown
Northwest Territories,VQ012-23,65.675617,-129.443283,2023,12000.0,Natural
Alberta,HWF124,59.046633,-117.080833,2023,346.2,Natural
British Columbia,2023-G51474,54.7353,-125.1753,2023,1503.4,Natural
British Columbia,2023-VA1335,52.8191,-126.6494,2023,2337.6,Natural
British Columbia,2023-G51279,54.4219,-123.6492,2023,48396.3,Natural
British Columbia,2023-R31391,55.6386,-126.734,2023,3030.0,Unknown
British Columbia,2023-G51344,54.7485,-123.8708,2023,5219.6,Natural
British Columbia,2023-K21382,52.1472,-120.0256,2023,350.0,Natural
British Columbia,2023-G41307,53.591,-124.1523,2023,44641.7,Natural
British Columbia,2023-VA1456,52.2844,-125.7294,2023,4616.4,Natural
British Columbia,2023-C31349,52.4453,-120.754,2023,240.15,Natural
British Columbia,2023-R11725,53.5365,-126.6308,2023,330.0,Natural
British Columbia,2023-C11319,52.971,-124.6291,2023,376.0,Natural
British Columbia,2023-G11293,53.4815,-123.8472,2023,2420.0,Natural
British Columbia,2023-R11387,53.7504,-126.1737,2023,12142.0,Natural
British Columbia,2023-R21377,54.0454,-126.5994,2023,4762.24,Natural
British Columbia,2023-N21453,50.6298,-115.7368,2023,2946.6,Natural
British Columbia,2023-R11592,53.4714,-125.2031,2023,203.8,Natural
British Columbia,2023-R21630,54.116,-126.9227,2023,220.0,Natural
British Columbia,2023-V11337,49.9815,-121.64,2023,17405.9,Natural
Quebec,20231080613,53.684,-73.786,2023,2195.324878,Natural
Yukon,2023OT002,59.70392,-134.252167,2023,2246.18,Unknown
Northwest Territories,EV012-23,67.179,-135.669883,2023,3000.0,Natural
Northwest Territories,VQ015-23,64.16715,-124.067567,2023,4024.0,Natural
Alberta,PWF093,57.981817,-119.972633,2023,27174.4,Natural
British Columbia,2023-C11290,52.8138,-122.9345,2023,2784.7,Natural
British Columbia,2023-C11243,53.0419,-123.4067,2023,1297.6,Natural
British Columbia,2023-V11256,49.2088,-121.383,2023,805.0,Natural
British Columbia,2023-R51245,53.8538,-128.5935,2023,200.0,Natural
British Columbia,2023-K21379,52.106,-120.0346,2023,2407.14,Natural
British Columbia,2023-K21384,52.1458,-119.9619,2023,20745.0,Natural
British Columbia,2023-C51562,52.5471,-124.7398,2023,6651.9,Natural
British Columbia,2023-R51555,54.9494,-128.8513,2023,230.0,Natural
British Columbia,2023-VA1381,53.0425,-126.3309,2023,40580.0,Natural
British Columbia,2023-R11238,54.0775,-126.1776,2023,359.0,Natural
British Columbia,2023-R11277,54.4004,-125.4675,2023,6890.0,Natural
British Columbia,2023-R11282,53.5192,-125.8533,2023,24810.8,Natural
British Columbia,2023-R21234,54.0151,-126.384,2023,6758.0,Natural
British Columbia,2023-R21250,54.4102,-126.4153,2023,2061.0,Natural
British Columbia,2023-R51710,53.125,-127.651,2023,230.0,Unknown
British Columbia,2023-R11378,54.3421,-125.293,2023,1400.0,Natural
British Columbia,2023-R51336,55.1462,-128.7224,2023,200.0,Natural
British Columbia,2023-R51711,53.114,-127.599,2023,512.0,Unknown
British Columbia,2023-R11244,54.2352,-125.6435,2023,8044.0,Natural
British Columbia,2023-R11274,54.4547,-125.2762,2023,428.0,Natural
British Columbia,2023-R21217,54.8934,-125.8987,2023,7984.0,Natural
British Columbia,2023-V31300,50.6978,-123.4493,2023,1915.0,Natural
British Columbia,2023-R51712,53.0898,-127.5075,2023,770.0,Unknown
British Columbia,2023-R11388,53.4616,-126.101,2023,2779.0,Natural
Quebec,20231080595,51.7062,-77.4492,2023,2931.694756,Natural
Quebec,20231080597,51.7425,-78.4303,2023,10041.71378,Natural
Quebec,20231080601,53.0429,-77.1398,2023,130555.9184,Natural
Quebec,20231080602,52.7774,-78.3195,2023,174991.9983,Natural
Quebec,20231080603,51.9618,-76.8492,2023,9812.817651,Natural
Quebec,20231080604,51.7179,-77.0625,2023,1757.868154,Natural
Quebec,20231080605,52.7548,-76.9695,2023,1202.044934,Natural
Quebec,20231080607,51.8933,-76.8685,2023,2371.839281,Natural
Quebec,20231080608,50.838,-78.4067,2023,193555.6816,Natural
Quebec,20231080606,51.232,-78.1722,2023,58400.0,Natural
Yukon,2023MA005,63.52175,-136.6647,2023,5297.09,Natural
Yukon,2023XY018,61.860833,-134.511667,2023,28374.65,Unknown
Yukon,2023OC002,67.185917,-138.333033,2023,200.0,Natural
Alberta,SWF116,57.1762,-113.801217,2023,10670.0,Natural
British Columbia,2023-G41158,52.9571,-125.672,2023,21926.5,Natural
British Columbia,2023-R91162,59.6421,-129.5938,2023,60064.12,Natural
British Columbia,2023-G11240,53.3965,-123.332,2023,224.0,Natural
British Columbia,2023-R21178,54.3053,-126.7612,2023,1444.72,Natural
British Columbia,2023-R91184,59.7041,-134.2523,2023,2253.27,Human
Quebec,20231080590,51.9708,-77.9334,2023,48033.04385,Natural
Quebec,20231080593,51.472,-77.3682,2023,10560.61351,Natural
Quebec,20231080598,52.4825,-78.2353,2023,580.9171164,Natural
Quebec,20231080588,53.3481,-76.9054,2023,32074.1,Natural
Quebec,20231080589,53.2592,-76.9775,2023,1143.3,Natural
Newfoundland and Labrador,2023-616,53.8739,-66.42141,2023,500.0,Natural
Yukon,2023DA004,65.734017,-140.689767,2023,350.0,Unknown
Northwest Territories,SS025-23,60.511633,-109.888967,2023,5857.0,Natural
Alberta,HWF121,59.054108,-114.359425,2023,3173.2,Natural
British Columbia,2023-C31143,52.6903,-121.3638,2023,308.0,Natural
Manitoba,EA073,52.7689,-96.4156,2023,13359.0,Natural
Quebec,20231080574,54.6667,-77.4605,2023,5805.794554,Natural
Quebec,20231080575,51.3065,-77.3302,2023,39888.0108,Natural
Quebec,20231080579,52.6016,-76.1739,2023,5014.020579,Natural
Quebec,20231080583,52.4255,-78.4068,2023,4916.821479,Natural
Quebec,20231080611,55.6812,-74.9027,2023,533.4576584,Natural
Quebec,20231080577,51.2201,-77.1335,2023,6964.4,Natural
Quebec,20231080578,51.1292,-77.0174,2023,4132.8,Natural
Quebec,20231080581,52.762,-78.443,2023,232.1,Natural
Quebec,20231080584,52.1065,-78.0565,2023,6437.7,Natural
Quebec,20231080586,51.923,-77.7809,2023,4720.7,Natural
Quebec,20231080587,53.0594,-77.9686,2023,113712.7,Natural
Newfoundland and Labrador,2023-614,56.99908,-62.04144,2023,4852.0,Natural
Northwest Territories,SS027-23,61.281233,-111.385017,2023,176000.0,Natural
Northwest Territories,VQ010-23,64.380883,-125.962067,2023,18000.0,Natural
Northwest Territories,SS022-23,60.290967,-111.85055,2023,641421.0,Natural
Northwest Territories,EV010-23,67.116667,-134.5,2023,311.0,Natural
British Columbia,2023-V11152,49.3115,-122.2438,2023,215.0,Human
Saskatchewan,23SR-MCCRADY,58.7195,-108.639017,2023,536.0,Natural
Ontario,SLK70,54.4874,-91.6793,2023,237.0,Natural
Quebec,20231080569,56.8518,-66.2846,2023,690.4908214,Natural
Northwest Territories,SS024-23,60.07345,-108.410717,2023,4911.0,Natural
Northwest Territories,EV008-23,65.931283,-131.415,2023,2024.0,Natural
Northwest Territories,2023WB23,60.457,-113.851,2023,13934.0,Natural
Alberta,HWF109,59.453166,-114.158713,2023,45061.0,Natural
Alberta,HWF112,59.225,-114.4041,2023,57412.0,Natural
Manitoba,NO078,56.6175,-93.3706,2023,260.0,Natural
Ontario,NIP43,53.4902,-87.8313,2023,257.6,Natural
Ontario,COC32,54.6032,-85.1801,2023,653.2,Natural
Ontario,NIP37,52.3818,-87.494,2023,306.7,Natural
Quebec,20231080540,53.4431,-72.7168,2023,1434.433794,Natural
Quebec,20231080541,56.9319,-67.5871,2023,357.2212301,Natural
Quebec,20231080543,54.8165,-72.3633,2023,990.6326078,Natural
Quebec,20231080546,55.3215,-68.7827,2023,2074.456063,Natural
Quebec,20231080547,55.9933,-68.9819,2023,79956.13998,Natural
Quebec,20231080548,56.8663,-66.1602,2023,882.3882588,Natural
Quebec,20231080550,56.9001,-67.0405,2023,19763.69398,Natural
Quebec,20231080552,54.1526,-70.1657,2023,805.8621038,Natural
Quebec,20231080554,56.9231,-66.0654,2023,482.2078775,Natural
Quebec,20231080555,54.8559,-71.6385,2023,4060.003829,Natural
Quebec,20231080556,54.8704,-70.3383,2023,4844.571482,Natural
Quebec,20231080557,53.8925,-74.0035,2023,369.1775868,Natural
Quebec,20231080558,55.0558,-69.4483,2023,19005.75844,Natural
Quebec,20231080559,54.6678,-73.1356,2023,8040.77828,Natural
Quebec,20231080560,54.8276,-70.5066,2023,248.6849283,Natural
Quebec,20231080562,56.4464,-68.3353,2023,990.843079,Natural
Quebec,20231080563,54.7291,-70.491,2023,5039.235893,Natural
Quebec,20231080564,54.3862,-70.4393,2023,466.2990544,Natural
Quebec,20231080566,53.1793,-68.8026,2023,2533.902174,Natural
Northwest Territories,FS011-23,61.02575,-122.985367,2023,320.0,Natural
Northwest Territories,ZF025-23,63.320833,-113.591667,2023,18529.16,Natural
Northwest Territories,VQ009-23,64.815,-125.137417,2023,55173.0,Natural
Alberta,2023WB21,58.2461,-113.7738,2023,1525.0,Natural
Alberta,2023WB19,58.1625,-113.4416,2023,18781.0,Natural
Alberta,HWF102,58.7211,-115.859167,2023,1166.5,Natural
Alberta,HWF104,59.955033,-116.247333,2023,14250.0,Natural
Manitoba,NO072,54.555,-96.5514,2023,663.3,Natural
Manitoba,NO074,54.5114,-96.9144,2023,543.0,Natural
Alberta,2023WB18,59.762,-113.908,2023,109244.0,Natural
British Columbia,2023-G41149,54.212,-124.2843,2023,501.06,Natural
Saskatchewan,23LA-CHURCH,55.752129,-106.22122,2023,698.0,Natural
Saskatchewan,23LA-HEPBURN,55.946867,-104.900417,2023,2958.3,Natural
Saskatchewan,23SR-KINGSTON,58.9695,-102.534767,2023,985.0,Natural
Manitoba,NO066,56.2333,-101.628,2023,11017.0,Natural
Manitoba,NO061,53.7319,-97.0003,2023,309.7,Natural
Ontario,COC30,54.3855,-89.6942,2023,2244.6,Natural
Quebec,20231080533,50.3594,-78.1033,2023,1769.711908,Natural
Quebec,20231080536,49.6589,-69.9224,2023,209.0367673,Natural
Northwest Territories,ZF018-23,63.066667,-112.033333,2023,62082.85,Natural
Northwest Territories,EV004-23,67.116667,-132.31445,2023,100000.0,Natural
Northwest Territories,ZF012-23,63.01205,-114.424317,2023,31138.66,Natural
Northwest Territories,EV007-23,65.97915,-131.60745,2023,745.56,Natural
Northwest Territories,ZF013-23,64.24,-113.591667,2023,132001.0,Natural
British Columbia,2023-K71032,50.6616,-123.0929,2023,220.57,Natural
Saskatchewan,23SR-KILLOCK,58.614383,-103.211483,2023,980.2,Natural
Saskatchewan,23LX-TIMSON,57.8539,-106.348133,2023,3759.0,Natural
Saskatchewan,23SR-ANDERSON,59.041333,-102.53515,2023,1536.5,Natural
Manitoba,NO057,55.8553,-95.645,2023,200.0,Natural
Ontario,COC38,50.7194,-79.8475,2023,21879.7,Natural
Ontario,COC39,50.4308,-81.2076,2023,542.7,Natural
Northwest Territories,VQ006-23,64.9089,-125.218717,2023,32101.0,Natural
Northwest Territories,ZF033-23,65.316667,-116.25,2023,99628.3,Natural
Northwest Territories,ZF051-23,65.779167,-116.750167,2023,4000.0,Natural
Northwest Territories,ZF019-23,63.2,-114.533333,2023,82000.0,Natural
Northwest Territories,SS028-23,61.291383,-103.7911,2023,1093.0,Natural
Northwest Territories,ZF020-23,63.816667,-115.683333,2023,19736.16,Natural
Alberta,HWF087,58.158117,-114.182933,2023,12508.0,Natural
Alberta,HWF083,57.79945,-114.7748,2023,13700.0,Natural
Alberta,PWF082,56.950667,-119.776167,2023,8550.0,Natural
Alberta,MWF048,57.8415,-113.262833,2023,3369.0,Natural
Alberta,MWF043,59.7624,-111.149033,2023,130805.0,Natural
Saskatchewan,23LA-ISLAND,55.645833,-105.610167,2023,590.0,Natural
Manitoba,NO055,54.3497,-98.4075,2023,554.0,Natural
Manitoba,WE027,53.4722,-99.5917,2023,22055.0,Natural
Yukon,2023WL007,60.753214,-130.738591,2023,4510.03,Unknown
Yukon,2023RR002,62.5005,-133.387,2023,239.93,Unknown
Northwest Territories,ZF011-23,62.864967,-113.718333,2023,57413.62,Natural
Northwest Territories,VQ007-23,64.157583,-125.645783,2023,18000.0,Natural
Northwest Territories,SS016-23,61.41925,-110.399733,2023,75643.0,Natural
Northwest Territories,ZF014-23,63.2415,-114.374,2023,200.0,Natural
Northwest Territories,2023NA2,60.9682,-126.6807,2023,1400.0,Natural
Alberta,MWF038,57.460167,-113.390167,2023,569.0,Natural
Alberta,MWF039,57.421667,-113.400667,2023,15191.0,Natural
Alberta,MWF040,57.408,-113.496,2023,1200.0,Natural
British Columbia,2023-G91355,59.669,-122.625,2023,350.0,Natural
British Columbia,2023-G91313,58.672,-121.6427,2023,74685.7,Natural
British Columbia,2023-G91013,59.6431,-123.2241,2023,3764.8,Natural
Ontario,COC24,54.2308,-85.6068,2023,4688.0,Natural
Yukon,2023RR001,62.193817,-130.88595,2023,829.12,Unknown
Northwest Territories,ZF015-23,62.938333,-115.105,2023,215280.41,Natural
Newfoundland and Labrador,2023-612,52.09927,-58.91296,2023,1200.0,Natural
British Columbia,2023-G50912,55.7693,-126.3755,2023,816.9,Natural
Saskatchewan,23LA-SHADD,55.664783,-105.394767,2023,4849.0,Natural
Quebec,20231080526,54.4134,-72.6183,2023,12863.87219,Natural
Newfoundland and Labrador,2023-610,52.39203,-65.107481,2023,2100.0,Natural
Alberta,HWF079,59.860083,-115.8038,2023,42579.0,Natural
British Columbia,2023-G50872,55.3014,-124.841,2023,17333.8,Natural
British Columbia,2023-G90981,59.1395,-127.65,2023,22393.46,Natural
British Columbia,2023-G80875,57.2791,-120.9118,2023,19136.5,Natural
Saskatchewan,23LA-COWIE,57.188567,-102.703967,2023,9000.0,Natural
Ontario,SLK54,53.1768,-91.1363,2023,2493.0,Natural
Ontario,SLK53,53.9106,-90.8784,2023,334.0,Human
Quebec,20231080519,49.9168,-79.3999,2023,1489.012282,Natural
Quebec,20231080520,53.7711,-73.2525,2023,7929.377075,Natural
Quebec,20231080521,53.6759,-71.4792,2023,5515.282401,Natural
Quebec,20231080516,52.7905,-75.994,2023,217.0,Natural
Newfoundland and Labrador,2023-608,52.40322,-65.98835,2023,2300.0,Natural
Alberta,PWF067,57.647957,-117.89074,2023,5243.0,Natural
British Columbia,2023-G50856,55.8798,-126.4014,2023,5712.7,Natural
British Columbia,2023-R90877,57.4801,-127.652,2023,14460.07,Natural
British Columbia,2023-G60858,57.6324,-125.9272,2023,4638.0,Natural
British Columbia,2023-G90956,59.5248,-126.6508,2023,12107.21,Natural
British Columbia,2023-G60861,55.3665,-124.4427,2023,12274.62,Natural
British Columbia,2023-G60887,56.7857,-126.6837,2023,297.0,Natural
British Columbia,2023-G90949,59.628,-126.9532,2023,5278.13,Natural
British Columbia,2023-G60853,55.2402,-123.6703,2023,22372.75,Natural
Manitoba,NO047,56.6342,-101.909,2023,451.0,Natural
Ontario,COC19,49.6071,-79.7037,2023,570.2,Natural
Alberta,HWF072,57.692833,-116.019833,2023,30123.0,Natural
British Columbia,2023-R90857,57.3586,-129.0278,2023,762.36,Natural
Quebec,20231080498,54.5291,-77.7444,2023,23295.33097,Natural
Quebec,20231080501,54.4905,-77.3302,2023,15576.96599,Natural
Quebec,20231080504,54.4117,-76.0108,2023,74757.28502,Natural
Quebec,20231080508,54.6822,-74.8565,2023,12120.25432,Natural
Quebec,20231080500,54.5531,-77.8639,2023,3167.7,Natural
Quebec,20231080502,54.5135,-77.1605,2023,2798.6,Natural
Manitoba,WE023,55.1442,-99.3611,2023,1100.0,Natural
Ontario,COC20,53.0639,-84.036,2023,3118.1,Natural
Quebec,20231080535,50.295,-78.1756,2023,18405.57335,Natural
Ontario,SLK48,53.3889,-90.4112,2023,4748.0,Natural
Ontario,NIP26,53.8073,-88.7836,2023,8647.8,Natural
Manitoba,NO043,55.8589,-94.3678,2023,11391.6,Natural
Quebec,20231080488,50.2326,-78.3937,2023,31040.89224,Natural
Quebec,20231080534,50.8211,-76.1181,2023,40676.44701,Natural
Manitoba,NO037,57.0006,-100.587,2023,15779.3,Natural
Manitoba,NO038,57.0575,-100.511,2023,14019.3,Natural
Manitoba,NO041,56.7092,-98.4792,2023,309.5,Natural
Manitoba,NO042,56.6606,-98.3983,2023,749.2,Natural
Quebec,20231080490,54.8629,-70.9073,2023,2748.185755,Natural
Saskatchewan,23LA-BLACK,55.722517,-105.848817,2023,6646.3,Natural
Manitoba,WE018,55.4372,-101.673,2023,13381.0,Natural
Ontario,COC11,52.1823,-81.8548,2023,805.0,Unknown
Quebec,20231080485,53.3839,-76.1125,2023,133572.3,Natural
Northwest Territories,VQ004-23,64.9371,-124.199483,2023,400.0,Natural
Quebec,20231080483,54.0569,-74.6378,2023,349357.0055,Natural
Northwest Territories,VQ003-23,65.475367,-126.70775,2023,21099.0,Natural
Saskatchewan,23LA-FOSTER,56.437983,-105.718733,2023,971.0,Natural
Quebec,20231080481,49.032,-75.3513,2023,623.271077,Natural
Saskatchewan,23LA-DALY,56.50095,-105.609367,2023,450.0,Natural
Saskatchewan,23LA-SUTTLE,56.52935,-105.531183,2023,1456.2,Natural
Ontario,NIP19,51.0052,-87.5622,2023,10182.6,Natural
Quebec,20231080474,51.5286,-63.169,2023,262.3053594,Natural
Quebec,20231080492,51.1862,-74.0799,2023,26721.37246,Natural
Quebec,20231080473,50.5738,-75.0117,2023,27602.4,Natural
Saskatchewan,23SR-JACKFISH,58.964368,-109.956182,2023,7417.9,Natural
Manitoba,NO029,56.5225,-99.6622,2023,23014.0,Natural
Manitoba,NO032,56.2092,-90.6069,2023,19500.0,Natural
Quebec,20231080470,51.1604,-66.1951,2023,25616.05175,Natural
Quebec,20231080479,52.5229,-70.4005,2023,23928.00437,Natural
Newfoundland and Labrador,2023-607,53.08564,-64.36238,2023,10560.0,Natural
Northwest Territories,FS010-23,61.008167,-119.9915,2023,90508.0,Natural
Manitoba,EA059,52.6308,-95.7336,2023,1940.0,Natural
Manitoba,NO023,56.5839,-91.1519,2023,414.4,Natural
Manitoba,NO024,56.1592,-91.5933,2023,2030.0,Natural
Manitoba,EA057,53.1078,-96.5069,2023,394.0,Natural
Manitoba,NO025,56.4772,-92.2878,2023,20000.0,Natural
Quebec,20231080467,50.7285,-76.2619,2023,65433.96916,Natural
Quebec,20231080469,54.0028,-72.1716,2023,57224.63459,Natural
Quebec,20231080480,51.68,-73.2598,2023,48336.71038,Natural
Quebec,20231080468,53.9517,-72.4023,2023,29660.8,Natural
Quebec,20231080478,50.9453,-73.296,2023,2124.5,Natural
Saskatchewan,23LA-WAPA,54.729529,-104.650979,2023,18423.0,Natural
Manitoba,EA055,53.2792,-96.9242,2023,2910.0,Natural
Manitoba,NO019,56.6264,-91.7167,2023,1500.0,Natural
Manitoba,NO021,56.9533,-93.1547,2023,2175.0,Natural
Ontario,SLK31,50.9728,-89.1258,2023,38033.2,Natural
Alberta,HWF065,57.552833,-114.924917,2023,1425.0,Natural
British Columbia,2023-G90776,58.2226,-123.8847,2023,804.46,Natural
British Columbia,2023-G90810,57.651,-123.6047,2023,500.0,Natural
Ontario,RED27,51.2427,-92.707,2023,527.8,Natural
Ontario,NIP13,50.8433,-87.3543,2023,40833.6,Natural
Ontario,RED29,50.6102,-92.5964,2023,5013.0,Natural
Ontario,SLK29,52.106,-89.8102,2023,446.6,Natural
Ontario,SLK44,51.0888,-90.8216,2023,6208.0,Natural
Ontario,NIP24,52.2812,-86.2882,2023,1515.3,Natural
Yukon,2023DA002,65.473086,-138.158995,2023,493.47,Natural
Alberta,HWF064,59.283833,-119.0668,2023,6175.0,Natural
British Columbia,2023-C30675,52.2548,-120.8352,2023,226.0,Human
Quebec,20231080462,50.678,-72.8355,2023,12764.95531,Natural
British Columbia,2023-G60666,55.9468,-124.5446,2023,166856.9,Natural
Saskatchewan,23LA-GOW,56.45795,-104.382583,2023,271.6,Natural
Manitoba,EA050,53.0383,-96.8603,2023,554.0,Natural
Ontario,SLK23,53.7625,-90.7008,2023,18200.0,Natural
Quebec,20231080461,50.9972,-73.2609,2023,3242.8,Natural
Alberta,SWF095,54.86785,-116.6625,2023,8500.0,Natural
Alberta,LWF148,55.935333,-111.104617,2023,2317.0,Natural
British Columbia,2023-G70645,55.1541,-120.6697,2023,25095.0,Natural
British Columbia,2023-G70644,55.3792,-120.0827,2023,4427.0,Natural
British Columbia,2023-G60655,55.9945,-124.0818,2023,3215.3,Natural
Saskatchewan,23LA-KENNY,55.036183,-104.086883,2023,55344.8,Natural
Ontario,KLK5,47.5769,-80.248,2023,2300.0,Natural
Quebec,20231080450,50.6516,-73.105,2023,18866.42465,Natural
Quebec,20231080451,49.7678,-73.3866,2023,769.4204852,Natural
Quebec,20231080453,50.7173,-72.5551,2023,13832.86196,Natural
Quebec,20231080454,50.3846,-72.1813,2023,2417.81528,Natural
Quebec,20231080457,51.1353,-72.7739,2023,5456.582968,Natural
Quebec,20231080458,51.6531,-71.6949,2023,326.6391749,Natural
Quebec,20231080459,51.5557,-71.4264,2023,725.7833628,Natural
Quebec,20231080460,51.0945,-73.1646,2023,9498.523378,Natural
Alberta,GWF038,55.655002,-119.485325,2023,7148.0,Unknown
Ontario,SLK33,50.5579,-90.1077,2023,62378.0,Natural
Ontario,SLK18,52.2693,-90.2512,2023,2457.0,Natural
Ontario,SLK19,52.0922,-89.2822,2023,824.8,Natural
Quebec,20231080449,49.2594,-74.9865,2023,6356.55223,Natural
Quebec,20231080433,49.0639,-75.0464,2023,726.3,Natural
Northwest Territories,FS007-23,60.785117,-121.35875,2023,333.0,Natural
British Columbia,2023-G90709,59.8265,-123.5519,2023,37793.9,Natural
British Columbia,2023-G90628,58.5021,-120.4118,2023,173353.1,Natural
British Columbia,2023-G60603,55.912,-123.1348,2023,363.88,Natural
Manitoba,EA041,52.5019,-95.5689,2023,850.0,Natural
Ontario,RED28,50.7161,-92.2131,2023,19177.1,Natural
Quebec,20231080422,48.4611,-73.8234,2023,273.3640322,Natural
Quebec,20231080439,49.5485,-70.8078,2023,202.3042635,Natural
Quebec,20231080402,48.7513,-76.465,2023,8000.0,Natural
Quebec,20231080419,48.725,-76.3147,2023,350.0,Natural
Quebec,20231080420,48.6904,-76.3569,2023,450.0,Natural
Alberta,HWF058,58.16715,-118.41965,2023,234061.0,Natural
Alberta,GWF035,55.583557,-119.404602,2023,872.0,Unknown
British Columbia,2023-V10588,49.4837,-121.9887,2023,767.2,Human
British Columbia,2023-V70600,49.2834,-124.6147,2023,229.0,Human
Quebec,20231080375,49.5867,-68.4534,2023,1663.465059,Natural
Quebec,20231080381,48.4286,-69.8294,2023,827.3486835,Natural
Quebec,20231080385,49.714,-69.0925,2023,364.7038489,Natural
Quebec,20231080393,48.0518,-74.0329,2023,391.1966731,Natural
Quebec,20231080408,49.6003,-71.6019,2023,644.065788,Natural
Quebec,20231080411,49.2767,-71.8114,2023,341.9103546,Natural
Quebec,20231080412,49.1678,-71.8371,2023,236.8703526,Natural
Quebec,20231080410,49.3433,-71.5,2023,1817.6,Natural
British Columbia,2023-G90565,57.9132,-123.9312,2023,208.0,Natural
Saskatchewan,23BN-VOLD,55.837911,-109.774207,2023,4125.0,Natural
Saskatchewan,23LX-CENTIPEDE,56.257973,-107.311968,2023,1148.0,Natural
Saskatchewan,23LX-HAULTAIN,56.861153,-106.427403,2023,5664.0,Natural
Ontario,SUD10,46.5705,-81.8123,2023,1291.9,Natural
Ontario,RED32,52.1375,-94.6138,2023,535.6,Natural
Ontario,SUD17,46.6328,-82.2622,2023,5857.0,Natural
Ontario,SUD19,46.7506,-81.9973,2023,459.0,Natural
Quebec,20231080334,50.4529,-74.1311,2023,124302.3948,Natural
Quebec,20231080344,49.1217,-76.7867,2023,143833.0429,Natural
Quebec,20231080351,49.1097,-74.6188,2023,5391.37379,Natural
Quebec,20231080352,49.1887,-72.0814,2023,205.5210222,Natural
Quebec,20231080353,49.8556,-70.0188,2023,13594.05715,Natural
Quebec,20231080359,46.9407,-73.3527,2023,337.359204,Natural
Quebec,20231080361,47.1305,-73.7272,2023,1092.549941,Natural
Quebec,20231080365,48.3983,-74.8239,2023,262.3976388,Natural
Quebec,20231080372,48.7818,-75.2432,2023,1972.809739,Natural
Quebec,20231080373,48.8432,-75.1021,2023,17532.65499,Natural
Quebec,20231080379,50.1667,-73.4733,2023,50013.53349,Natural
Quebec,20231080382,48.2969,-76.1019,2023,1542.084565,Natural
Quebec,20231080367,50.6536,-74.1507,2023,4678.6,Natural
Quebec,20231080368,50.4835,-74.2785,2023,24152.0,Natural
Quebec,20231080369,49.1684,-75.6707,2023,24917.1,Natural
Quebec,20231080371,49.1511,-75.1669,2023,21467.7,Natural
Quebec,20231080376,48.9048,-75.8251,2023,29790.2,Natural
Quebec,20231080418,48.5694,-76.3225,2023,2105.109197,Natural
Yukon,2023WL003,60.459967,-125.971867,2023,1394.16,Natural
Northwest Territories,VQ002-23,64.349583,-122.731517,2023,19412.0,Natural
Ontario,COC6,48.9088,-80.3046,2023,1239.0,Natural
Ontario,CHA6,48.1642,-83.812,2023,1229.0,Natural
Ontario,CHA3,47.7236,-82.4194,2023,3916.8,Natural
Ontario,COC7,48.9843,-79.6735,2023,37742.0,Natural
Quebec,20231080225,48.0571,-75.2646,2023,7684.740133,Natural
Quebec,20231080226,47.9918,-75.0173,2023,1627.755685,Natural
Quebec,20231080229,47.6953,-74.0666,2023,223.437324,Natural
Quebec,20231080236,49.3775,-72.0667,2023,5952.474156,Natural
Quebec,20231080238,47.5952,-76.5984,2023,279.0025301,Natural
Quebec,20231080245,48.4702,-76.8563,2023,6254.358264,Natural
Quebec,20231080248,47.9145,-75.7324,2023,6435.395791,Natural
Quebec,20231080249,49.3577,-71.0484,2023,5302.21278,Natural
Quebec,20231080256,49.3013,-76.9185,2023,4673.568506,Natural
Quebec,20231080261,49.5063,-69.657,2023,10668.5075,Natural
Quebec,20231080265,49.4392,-71.5614,2023,2235.287854,Natural
Quebec,20231080270,49.7389,-68.6353,2023,2185.871868,Natural
Quebec,20231080271,50.292,-70.572,2023,5120.535201,Natural
Quebec,20231080274,49.5084,-75.2876,2023,34965.46073,Natural
Quebec,20231080275,48.6549,-72.8672,2023,1135.814196,Natural
Quebec,20231080277,49.5192,-72.6159,2023,2616.955201,Natural
Quebec,20231080279,50.7482,-70.1974,2023,1551.551681,Natural
Quebec,20231080281,49.062,-79.3576,2023,8440.795798,Natural
Quebec,20231080283,49.5557,-68.6728,2023,9261.120292,Natural
Quebec,20231080287,49.4581,-72.5764,2023,2148.073095,Natural
Quebec,20231080295,49.6938,-72.585,2023,934.5741834,Natural
Quebec,20231080297,48.1812,-76.909,2023,15186.47763,Natural
Quebec,20231080299,49.2891,-72.414,2023,5405.266614,Natural
Quebec,20231080302,48.7008,-74.1401,2023,1907.941043,Natural
Quebec,20231080222,49.0606,-76.1278,2023,71465.5,Natural
Quebec,20231080224,47.9748,-75.2777,2023,244.8,Natural
Quebec,20231080232,49.3691,-72.0674,2023,1096.8,Natural
Quebec,20231080233,49.435,-77.2215,2023,4933.7,Natural
Quebec,20231080237,48.6083,-76.6358,2023,27496.6,Natural
Quebec,20231080250,47.9098,-75.772,2023,400.0,Natural
Quebec,20231080252,49.545,-69.7334,2023,944.8,Natural
Quebec,20231080262,48.815,-76.0342,2023,2847.0,Natural
Quebec,20231080268,48.513,-76.0481,2023,11357.8,Natural
Quebec,20231080292,49.2112,-76.3439,2023,23280.4,Natural
Quebec,20231080296,49.2278,-76.5567,2023,500.0,Natural
Quebec,20231080305,49.7233,-72.6094,2023,1225.30997,Natural
Quebec,20231080306,50.7043,-70.731,2023,1858.567332,Natural
Quebec,20231080308,47.0041,-73.4124,2023,334.7565238,Natural
Quebec,20231080314,49.556,-76.7643,2023,96015.23444,Natural
Quebec,20231080319,48.7855,-74.2301,2023,267.1329702,Natural
Quebec,20231080326,49.6598,-69.9722,2023,442.2771979,Natural
Quebec,20231080337,46.5953,-77.3601,2023,680.8097801,Natural
Quebec,20231080339,48.4889,-74.8294,2023,1650.399928,Natural
Quebec,20231080350,48.1387,-75.3082,2023,379.8446137,Natural
Quebec,20231080357,52.8959,-73.4055,2023,267371.2364,Natural
Quebec,20231080360,47.4271,-75.9198,2023,224.0519367,Natural
Quebec,20231080370,49.2313,-75.3112,2023,1970.015155,Natural
Quebec,20231080304,48.6636,-76.2119,2023,5456.3,Natural
Quebec,20231080309,48.7808,-76.2869,2023,1136.3,Natural
Quebec,20231080312,49.0308,-76.5067,2023,20391.8,Natural
Quebec,20231080213,49.7371,-74.9946,2023,874.0967305,Human
Quebec,20231080215,50.3743,-66.3849,2023,706.2141913,Human
Quebec,20231080218,53.0505,-75.3255,2023,885388.2142,Natural
Quebec,20231080219,53.1669,-75.2666,2023,1381.5,Natural
Alberta,2023WB12,58.1171,-112.6443,2023,20280.0,Natural
Alberta,2023WB14,58.96,-113.2899,2023,83116.0,Natural
Saskatchewan,23LX-ELLERAAS,56.830067,-106.594933,2023,18342.2,Natural
Ontario,NIP9,53.0395,-88.3788,2023,48555.0,Natural
Alberta,2023WB11,59.2167,-113.4225,2023,118948.0,Natural
British Columbia,2023-V80527,50.3709,-126.0437,2023,230.0,Human
Saskatchewan,23BN-SHAD,56.4411,-107.966317,2023,24854.0,Natural
Saskatchewan,23BN-AARON,56.565,-109.301833,2023,2240.0,Natural
Alberta,2023WB9,58.8869,-113.2325,2023,4218.0,Natural
Alberta,2023WB8,58.9604,-112.9904,2023,4937.0,Natural
Alberta,2023WB7,59.6748,-112.4246,2023,348511.0,Natural
Alberta,LWF138,55.628167,-110.361883,2023,4800.0,Natural
Quebec,20231080172,50.6166,-66.0077,2023,28749.85206,Human
New Brunswick,CH-6-8-145,45.18083,-66.97483,2023,504.0,Human
Nova Scotia,09-011-2023,44.72330093,-63.87649918,2023,969.5300293,Human
Alberta,2023WB2,59.3952,-112.4517,2023,64149.0,Natural
Alberta,2023WB4,58.3837,-112.2474,2023,339.0,Natural
Alberta,2023WB3,58.2736,-112.8389,2023,6477.0,Natural
Alberta,MWF025,58.86705,-111.145817,2023,105251.0,Natural
Alberta,MWF024,57.712283,-110.6469,2023,28504.0,Natural
Alberta,MWF023,57.976283,-113.214917,2023,59444.0,Natural
Alberta,MWF026,57.882533,-111.054033,2023,1703.0,Natural
Ontario,WAW3,48.5366,-85.1704,2023,6678.1,Human
Nova Scotia,03-010-2023,43.62860107,-65.58329773,2023,23379.19922,Human
Alberta,MWF022,57.7063,-113.125317,2023,1552.0,Natural
Alberta,MWF021,57.693917,-113.29625,2023,14753.0,Natural
Ontario,SLK7,51.7644,-91.8501,2023,20426.5,Natural
British Columbia,2023-N40596,52.0451,-118.7021,2023,1160.0,Natural
British Columbia,2023-C30446,52.8374,-120.4661,2023,241.7,Natural
Saskatchewan,23LX-BOLDING,57.876629,-107.046291,2023,42844.3,Natural
British Columbia,2023-C30399,52.6166,-121.0711,2023,964.0,Natural
Saskatchewan,23LA-SHARP,55.424067,-105.1221,2023,19251.0,Natural
Saskatchewan,23HB-CLEM,52.72738,-102.481436,2023,298.0,Human
Saskatchewan,23SR-RIACH,59.7405,-109.3085,2023,18906.3,Natural
Saskatchewan,23SR-KAY,59.657167,-109.610833,2023,8689.4,Natural
Northwest Territories,FS005-23,62.853317,-124.842067,2023,540.0,Natural
Northwest Territories,FS002-23,61.86549138,-123.8933996,2023,14550.0,Natural
British Columbia,2023-G30612,52.3739,-119.3284,2023,277.0,Natural
Saskatchewan,23DB-KPIR02,54.85375,-103.389967,2023,9002.5,Human
British Columbia,2023KO1,50.6743,-115.8377,2023,307.0,Natural
British Columbia,2023-C40384,51.6366,-121.9257,2023,536.0,Natural
British Columbia,2023-K20469,52.1381,-119.5694,2023,1711.61,Natural
Northwest Territories,FS003-23,62.55395,-124.6435,2023,12453.0,Natural
Northwest Territories,FS004-23,63.258317,-125.120417,2023,10335.0,Natural
Saskatchewan,23LX-PAWR03,55.241689,-109.688796,2023,8075.8,Natural
Alberta,2023WB1,58.6371,-114.0023,2023,24947.0,Unknown
Northwest Territories,2023NA1,61.8325,-123.9356,2023,57130.0,Natural
Alberta,SWF087,55.226583,-114.2757,2023,1036.0,Unknown
Alberta,SWF086,55.179817,-114.115967,2023,4742.0,Unknown
Manitoba,NO007,54.5228,-97.7611,2023,3436.1,Human
Yukon,2023HJ004,61.380776,-139.11336,2023,399.87,Human
Saskatchewan,23PA-SLIR03,53.38445,-106.103533,2023,424.7,Human
Northwest Territories,SS005-23,60.84939217,-115.7011172,2023,3208.9,Human
Alberta,SWF081,56.990917,-113.459433,2023,33138.0,Natural
British Columbia,2023-G80291,56.5112,-121.2219,2023,29505.9,Human
Saskatchewan,23LX-LSZ001,55.282914,-110.000705,2023,69995.7,Natural
Saskatchewan,23LX-PAWR02,55.290761,-109.988132,2023,29790.2,Natural
Saskatchewan,23BR-AIR04,53.42565,-106.893233,2023,275.0,Human
Northwest Territories,FS001-23,60.0514,-120.9759,2023,541766.0,Natural
Alberta,GWF027,54.520083,-117.356783,2023,54988.4,Unknown
British Columbia,2023-G80280,57.6187,-122.0123,2023,619072.5,Natural
Saskatchewan,23LX-PAWR01,55.3215,-109.799333,2023,1756.5,Natural
Saskatchewan,23LA-KOLWASKIE,57.2352,-102.716033,2023,4538.9,Natural
Saskatchewan,23LA-DECEPTION,56.554133,-104.258291,2023,1143.7,Natural
Northwest Territories,SS004-23,60.9536,-119.1875,2023,64000.0,Natural
British Columbia,2023-G90288,59.9636,-120.9866,2023,290073.32,Natural
British Columbia,2023-G90273,58.0617,-121.9122,2023,42838.5,Natural
British Columbia,2023-G90292,58.0517,-123.3252,2023,21056.0,Natural
Saskatchewan,23LA-MCCRAE,56.06835,-105.85235,2023,339371.7,Natural
Saskatchewan,23LA-WISTIGO,55.2572,-106.374667,2023,64309.0,Natural
Saskatchewan,23LX-VEDETTE,56.3283,-106.763367,2023,85148.1,Natural
Saskatchewan,23LX-SMITH,55.984833,-106.58665,2023,543976.0,Natural
Ontario,RED5,53.4689,-93.2176,2023,11748.0,Natural
Manitoba,WE005,53.6664,-100.324,2023,266.0,Human
Ontario,COC1,51.5566,-85.3216,2023,781.4,Natural
British Columbia,2023-G60325,57.3534,-124.8435,2023,24705.0,Natural
Saskatchewan,23WY-MEYAK,54.82195,-105.7656,2023,1570.0,Human
Manitoba,EA008,51.7136,-98.6169,2023,327.5,Human
Alberta,EWF040,53.935583,-117.776167,2023,12073.4,Natural
Alberta,GWF023,55.157413,-117.330653,2023,3851.0,Unknown
British Columbia,2023-G80223,56.4161,-121.2324,2023,2947.0,Human
Alberta,PWF038,56.386752,-116.809335,2023,6129.8,Unknown
Alberta,PWF034,56.545183,-119.4788,2023,454.4,Human
Alberta,EWF035,53.836833,-115.783333,2023,19672.0,Unknown
Alberta,EWF037,53.91005,-117.55905,2023,578.0,Natural
Alberta,SWF068,55.877833,-116.407667,2023,143039.0,Natural
Alberta,GWF017,55.053025,-117.43991,2023,5478.53,Unknown
Alberta,GWF018,56.281817,-119.161633,2023,49327.7,Human
Alberta,WWF023,54.388929,-116.371578,2023,66436.7,Natural
Alberta,RWF040,52.808677,-116.203747,2023,5089.0,Human
Alberta,GWF019,54.735667,-119.032783,2023,18884.0,Natural
Alberta,SWF067,55.022167,-115.8975,2023,534.0,Natural
British Columbia,2023-G30210,53.2884,-120.0705,2023,1100.0,Human
Saskatchewan,23LX-SHAW,55.558417,-108.380233,2023,191000.0,Human
Manitoba,EA005,51.955,-99.6419,2023,1269.0,Human
Alberta,RWF032,52.905417,-115.695967,2023,15000.0,Natural
Alberta,SWF059,56.054333,-115.008333,2023,1036.0,Natural
Alberta,EWF031,53.145183,-115.686783,2023,201913.0,Natural
Alberta,SWF057,55.034283,-115.14815,2023,16728.0,Natural
Alberta,SWF058,54.893733,-115.664967,2023,1500.0,Natural
Alberta,SWF060,55.956383,-115.056367,2023,43981.0,Natural
Alberta,RWF034,52.815117,-115.450383,2023,87492.0,Natural
Alberta,SWF063,54.95775,-115.681083,2023,123670.0,Natural
Alberta,SWF064,54.896,-116.100217,2023,40606.0,Natural
Alberta,LWF091,54.50045,-113.6563,2023,200.0,Unknown
Saskatchewan,23HB-DELTA,53.960517,-102.40425,2023,359.0,Human
Saskatchewan,23BR-SAULTEAUX,53.121339,-108.196355,2023,15000.0,Human
Alberta,RWF027,52.82095,-115.908167,2023,13100.0,Natural
Alberta,HWF036,58.4906,-119.4031,2023,203022.0,Unknown
Saskatchewan,23LF-ROCKY,53.701691,-104.596457,2023,794.0,Human
Alberta,HWF030,58.468,-114.483875,2023,96582.2,Unknown
British Columbia,2023-G80220,56.271,-119.9341,2023,6422.17,Human
British Columbia,2023-G80175,56.5319,-121.9246,2023,385.0,Human
Saskatchewan,23BN-LOCAL,56.481967,-109.435333,2023,266.0,Human
Saskatchewan,23PA-LILLY,53.0138,-106.190767,2023,754.0,Human
Saskatchewan,23BN-VERMETTE,55.644317,-109.219233,2023,88446.0,Human
Alberta,2023WL2,49.0793,-113.8443,2023,240.0,Human
British Columbia,2023-C50100,52.0351,-123.177,2023,209.0,Human
Alberta,2022BA039,51.922,-116.877,2022,300.0,Unknown
British Columbia,2022-G92687,57.6557,-123.4481,2022,900.0,Human
Alberta,HWF-107-2022,58.6548,-118.7154,2022,288.0,Human
Alberta,CCU-003-2022,50.8258,-111.8942,2022,400.0,Unknown
British Columbia,2022-C52648,51.9749,-124.1548,2022,248.0,Human
British Columbia,2022-G72672,54.8054,-121.2563,2022,456.0,Natural
British Columbia,2022-N62637,49.0106,-118.3054,2022,203.0,Human
British Columbia,2022-G92640,57.7296,-123.4991,2022,1000.0,Human
British Columbia,2022-G92591,58.3698,-123.91,2022,1500.0,Human
British Columbia,2022-V12576,49.6862,-121.842,2022,360.0,Natural
Northwest Territories,FS040-22,61.72,-123.3677,2022,2009.0,Natural
Alberta,HWF-096-2022,58.8811,-114.9978,2022,2303.9,Natural
British Columbia,2022-G82427,57.4593,-123.653,2022,2484.3,Human
Northwest Territories,FS039-22,60.9471,-120.3961,2022,747.0,Natural
British Columbia,2022-V12335,49.3572,-121.51,2022,845.0,Human
British Columbia,2022-K42324,50.641,-118.3261,2022,286.0,Human
British Columbia,2022-V82307,49.8665,-125.9849,2022,358.0,Natural
Saskatchewan,22LA-GEORGE,56.2728,-106.3616,2022,1555.0,Natural
British Columbia,2022-G72252,54.7395,-120.9923,2022,2300.0,Natural
British Columbia,2022-V12211,49.1547,-121.0135,2022,282.0,Natural
British Columbia,2022-N72255,50.3086,-116.8954,2022,265.5,Natural
Alberta,ANP-001-2022,53.0511,-118.147,2022,5500.0,Unknown
Alberta,2022JA006,53.0511,-118.147,2022,6457.0,Natural
British Columbia,2022-G72178,55.0286,-120.54,2022,6499.0,Natural
British Columbia,2022-G72150,56.0043,-122.719,2022,34753.0,Natural
Northwest Territories,SS080-22,60.4372,-108.078,2022,357.5,Natural
Saskatchewan,22LX-FELLOW,55.7884,-106.899,2022,1321.5,Natural
Saskatchewan,22BN-CARIBOU,56.7963,-107.6215,2022,399.9,Natural
British Columbia,2022-K72076,50.2991,-122.0343,2022,357.0,Natural
British Columbia,2022-V12079,48.9923,-121.4383,2022,1200.0,Human
Northwest Territories,SS076-22,60.3785,-111.7865,2022,6813.6,Natural
British Columbia,2022-K72080,50.1573,-122.2095,2022,787.0,Natural
British Columbia,2022-K71995,51.0147,-122.3754,2022,4683.0,Natural
British Columbia,2022-V11952,49.0406,-121.1594,2022,1250.0,Natural
Northwest Territories,FS037-22,61.3552,-120.2028,2022,661.6,Natural
British Columbia,2022-V11912,49.0434,-121.3188,2022,215.0,Natural
British Columbia,2022-N71980,50.0457,-116.8587,2022,1106.0,Natural
Alberta,MWF-086-2022,59.4787,-111.3228,2022,1264.7,Natural
Alberta,MWF-092-2022,59.6749,-111.0799,2022,357.5,Natural
Alberta,MWF-087-2022,59.2016,-110.552,2022,400.0,Natural
Saskatchewan,22BN-EVER,57.0196,-108.8651,2022,9693.8,Natural
Saskatchewan,22SR-TRAIN,59.745,-106.9784,2022,937.6,Natural
Saskatchewan,22SR-PAINTON,58.3912,-102.53,2022,1046.6,Natural
British Columbia,2022-R21934,53.5521,-127.0484,2022,330.0,Natural
British Columbia,2022-G71778,55.6844,-122.4988,2022,1793.0,Natural
British Columbia,2022-V11746,49.0115,-120.7316,2022,14970.0,Natural
Saskatchewan,22SR-HAWKROCK,58.7222,-104.664,2022,4413.7,Natural
Saskatchewan,22SR-MURPHY,58.4777,-104.3263,2022,998.5,Natural
British Columbia,2022-K71717,50.5828,-122.1234,2022,1201.0,Natural
British Columbia,2022-N51956,49.8559,-117.8081,2022,333.91,Natural
British Columbia,2022-N51881,49.3487,-117.1308,2022,796.0,Natural
Alberta,MWF-082-2022,59.4281,-111.0923,2022,344.9,Natural
Alberta,MWF-080-2022,59.3214,-110.9842,2022,1969.8,Natural
Alberta,MWF-077-2022,59.2233,-110.5797,2022,1040.0,Natural
Saskatchewan,22SR-SMITH,58.5898,-106.3219,2022,975.6,Natural
Saskatchewan,22LA-DOUGALL,55.5418,-105.7414,2022,325.0,Natural
Saskatchewan,22SR-DAWSON,58.031,-103.8356,2022,493.0,Natural
British Columbia,2022-N41661,50.8311,-117.8456,2022,296.0,Natural
British Columbia,2022-V81666,49.7011,-125.698,2022,350.0,Natural
British Columbia,2022-N41724,51.2252,-118.095,2022,243.0,Natural
Northwest Territories,VQ033-22,66.1357,-128.2802,2022,5673.8,Natural
Northwest Territories,FS035-22,61.1246,-120.6338,2022,649.0,Natural
Northwest Territories,FS034-22,61.1582,-120.6327,2022,879.0,Natural
Northwest Territories,SS073-22,60.3,-118.3667,2022,10041.6,Natural
Northwest Territories,ZF071-22,63.0386,-114.7163,2022,516.3,Natural
Northwest Territories,ZF072-22,63.4624,-114.0147,2022,703.8,Natural
Northwest Territories,SS071-22,61.1833,-111.4333,2022,324.6,Natural
Northwest Territories,SS079-22,61.3619,-103.2181,2022,228.1,Natural
Alberta,2022WB016,58.1015,-112.512,2022,4400.0,Natural
Saskatchewan,22SR-THOMPSON,58.0876,-104.1819,2022,2364.9,Natural
Saskatchewan,22LA-MINOR,57.9,-103.8,2022,1600.0,Natural
Saskatchewan,22LA-BAILEY,55.7939,-103.6691,2022,1000.0,Natural
Alberta,MWF-074-2022,59.8744,-110.2978,2022,4354.4,Natural
Northwest Territories,FS030-22,63.069,-123.02,2022,1263.9,Natural
Northwest Territories,FS031-22,63.9393,-122.059,2022,6087.6,Natural
Northwest Territories,FS029-22,62.0627,-121.1069,2022,3594.2,Natural
Northwest Territories,FS032-22,62.8058,-120.1877,2022,1058.8,Natural
Northwest Territories,SS074-22,62.1738,-117.7913,2022,343.1,Natural
Northwest Territories,SS069-22,60.2444,-111.3497,2022,26762.0,Natural
British Columbia,2022-V11595,50.071,-122.037,2022,895.0,Natural
British Columbia,2022-N72263,49.6497,-117.3124,2022,660.0,Natural
Northwest Territories,FS028-22,63.3362,-121.7082,2022,1642.6,Natural
Alberta,2022WB015,59.8462,-114.6542,2022,330.0,Natural
Northwest Territories,2022NA010,61.2327,-125.937,2022,4000.0,Natural
British Columbia,2022-V81461,49.6559,-125.73,2022,248.0,Natural
Northwest Territories,SS061-22,60.6262,-109.6252,2022,8726.5,Natural
British Columbia,2022-K71440,50.1954,-122.2086,2022,3012.0,Natural
Alberta,ABC-003-2022,48.9998,-114.7117,2022,670.0,Unknown
Northwest Territories,SS060-22,60.7043,-112.2757,2022,402.2,Natural
Saskatchewan,22BN-NEVER,56.8266,-108.5494,2022,5543.5,Natural
British Columbia,2022-N41303,50.9282,-117.8662,2022,360.0,Human
British Columbia,2022-N71281,49.1917,-117.0842,2022,294.0,Natural
Saskatchewan,22SF-HAZLET,50.3379,-108.4819,2022,202.0,Human
British Columbia,2022-G71148,55.5312,-122.0367,2022,213.0,Natural
British Columbia,2022-N11134,49.5575,-116.3237,2022,422.0,Natural
British Columbia,2022-N11064,49.0962,-115.6781,2022,248.0,Natural
British Columbia,2022-N11062,49.0017,-114.7119,2022,1245.51,Natural
British Columbia,2022-K21279,51.4801,-119.7315,2022,385.8,Natural
British Columbia,2022-N41057,51.183,-118.0851,2022,379.0,Natural
British Columbia,2022-N10989,49.3086,-115.6165,2022,1719.2,Natural
Newfoundland and Labrador,2022-144,49.3408,-55.5691,2022,283.0,Unknown
British Columbia,2022-G61701,56.0775,-125.7202,2022,713.0,Natural
British Columbia,2022-K40937,50.6997,-118.3108,2022,270.0,Natural
Northwest Territories,ZF060-22,63.0,-116.5667,2022,16692.1,Natural
British Columbia,2022-K20872,50.8132,-120.5377,2022,268.0,Natural
British Columbia,2022-K20943,51.4279,-119.8519,2022,309.0,Natural
British Columbia,2022-K50863,49.3697,-119.8173,2022,7042.0,Human
British Columbia,2022-N20881,50.7368,-115.7054,2022,1333.0,Natural
British Columbia,2022-K70927,50.9198,-121.6894,2022,997.0,Natural
Newfoundland and Labrador,2022-139,48.594,-55.514,2022,5614.0,Unknown
Newfoundland and Labrador,2022-136,49.3693,-55.495,2022,16750.7,Unknown
Northwest Territories,ZF056-22,63.9722,-113.6188,2022,11673.0,Natural
Northwest Territories,2022NA008,61.2357,-125.9639,2022,1250.0,Natural
Manitoba,WE050,55.1089,-101.8792,2022,7153.9,Natural
Alberta,RWF-038-2022,52.4558,-116.2936,2022,480.41,Natural
Manitoba,NO050,57.1019,-101.4694,2022,1681.0,Natural
Saskatchewan,22DB-PAGATO,56.0797,-102.5499,2022,1469.0,Natural
Alberta,LWF-118-2022,56.0411,-110.319,2022,452.0,Natural
Manitoba,EA012,52.6697,-96.4333,2022,400.9,Natural
Saskatchewan,22BN-CHUNK,56.7196,-108.6419,2022,551.2,Natural
Saskatchewan,22LX-FORCIER,56.0776,-107.612,2022,714.3,Natural
Alberta,SWF-078-2022,57.1752,-113.1009,2022,1336.9,Natural
Manitoba,NO045,55.9517,-100.9692,2022,1038.6,Natural
Manitoba,NO044,55.9961,-100.9531,2022,551.3,Natural
Manitoba,NO043,56.0394,-100.8894,2022,1229.5,Natural
Saskatchewan,22LX-HOLDEN,56.1102,-106.7414,2022,2122.9,Natural
Saskatchewan,22DB-RICHARD,55.1044,-102.0827,2022,12727.5,Natural
Saskatchewan,22LX-TWIST,56.2068,-106.8695,2022,4997.9,Natural
Saskatchewan,22LX-TORN,56.3834,-106.7434,2022,543.9,Natural
Manitoba,NO033,56.155,-101.92,2022,22289.0,Natural
Manitoba,WE029,54.7378,-100.885,2022,645.2,Natural
Manitoba,NO037,56.6503,-98.7706,2022,384.3,Natural
Saskatchewan,22BN-GIPSY,56.4741,-109.9955,2022,7976.7,Natural
Saskatchewan,22SR-SNARE,58.4454,-107.8726,2022,560.2,Natural
Saskatchewan,22SR-DAVY,58.8654,-107.7934,2022,214.1,Natural
Saskatchewan,22SR-METOS,59.2799,-107.7316,2022,1063.7,Natural
Saskatchewan,22LX-EAGLE,55.9018,-106.9701,2022,659.8,Natural
Saskatchewan,22LX-HAWK,56.9705,-106.5565,2022,1216.8,Natural
Alberta,MWF-046-2022,57.5632,-111.4393,2022,790.0,Natural
Manitoba,NO030,55.8536,-101.1514,2022,2869.8,Natural
Manitoba,NO031,56.3669,-100.2911,2022,352.5,Natural
Northwest Territories,VQ028-22,66.3775,-117.2001,2022,6270.2,Natural
Saskatchewan,22LX-BLACK,55.6395,-107.881,2022,400.7,Natural
Saskatchewan,22LX-COOPER,55.6872,-107.1392,2022,2692.0,Natural
Saskatchewan,22LX-CUP,56.1848,-106.8064,2022,300.0,Natural
Saskatchewan,22LX-VEDETTE,56.5804,-106.6544,2022,9207.8,Natural
Saskatchewan,22LX-FOX,57.1195,-106.5464,2022,1192.0,Natural
British Columbia,2022-K70580,50.2408,-121.6027,2022,4564.0,Human
Manitoba,NO026,56.1419,-101.6492,2022,22289.0,Natural
Manitoba,WE026,55.7486,-101.6061,2022,52759.7,Natural
Manitoba,NO024,56.5719,-101.5894,2022,1791.2,Natural
Manitoba,NO027,55.995,-100.6383,2022,1088.9,Natural
Manitoba,WE027,54.9761,-99.4022,2022,1448.0,Natural
Manitoba,NO022,58.435,-99.0022,2022,469.2,Natural
Northwest Territories,ZF052-22,63.5925,-103.3703,2022,582.7,Natural
Saskatchewan,22BN-WASK,56.7166,-108.8752,2022,225.8,Natural
Saskatchewan,22SR-TODOS,59.3386,-106.72,2022,375.0,Natural
Saskatchewan,22DB-LABBEE,55.686,-102.5772,2022,5443.0,Natural
Saskatchewan,22LA-KYASKA,56.2171,-102.4527,2022,5000.0,Natural
Manitoba,WE019,55.5075,-100.6633,2022,31047.8,Natural
Manitoba,WE020,55.5133,-100.6406,2022,738.1,Natural
Manitoba,WE021,55.5353,-100.5353,2022,32496.9,Natural
Northwest Territories,VQ029-22,67.5553,-128.9891,2022,2885.2,Natural
Northwest Territories,ZF047-22,64.235,-117.5683,2022,944.2,Natural
Northwest Territories,ZF049-22,65.9333,-117.1833,2022,573.0,Natural
Northwest Territories,ZF050-22,65.9333,-116.555,2022,959.9,Natural
Northwest Territories,SS053-22,60.065,-110.5059,2022,6083.2,Natural
Northwest Territories,SS056-22,60.156,-105.3048,2022,306.5,Natural
Saskatchewan,22LX-WHEELER,57.0488,-106.1797,2022,5873.1,Natural
Saskatchewan,22LX-SMOKEY,57.1113,-105.9188,2022,4496.6,Natural
Saskatchewan,22LX-RAPID,57.9072,-105.6811,2022,8585.3,Natural
Northwest Territories,VQ027-22,66.3807,-127.7324,2022,7265.9,Natural
Northwest Territories,FS017-22,60.9862,-120.3518,2022,1430.3,Natural
Saskatchewan,22LA-COSTIGAN,56.9604,-105.818,2022,214.0,Natural
Saskatchewan,22LA-RUSSEL,57.4491,-105.2609,2022,3382.0,Natural
Saskatchewan,22SR-BELL,58.7159,-104.5338,2022,1932.4,Natural
Saskatchewan,22SR-HEINZ,58.2326,-102.5477,2022,10373.4,Natural
Alberta,HWF-053-2022,59.4006,-115.5616,2022,366.0,Natural
Northwest Territories,FS020-22,63.7195,-123.4343,2022,374.1,Natural
Northwest Territories,SS052-22,60.8333,-106.8833,2022,1100.0,Natural
Northwest Territories,SS050-22,60.5028,-106.5112,2022,613.0,Natural
Saskatchewan,22BN-SUNDAY,58.0586,-109.0684,2022,2693.5,Natural
Saskatchewan,22LA-GARTH,56.6288,-104.8984,2022,405.0,Natural
Northwest Territories,EV011-22,67.8147,-131.8297,2022,358.8,Natural
Northwest Territories,VQ023-22,64.9039,-124.6478,2022,16280.8,Natural
Northwest Territories,VQ022-22,63.5404,-125.5943,2022,466.2,Natural
Northwest Territories,FS019-22,63.0917,-125.0507,2022,655.5,Natural
Northwest Territories,FS015-22,62.4333,-122.6,2022,1708.4,Natural
Northwest Territories,VQ025-22,64.6641,-120.9103,2022,7981.4,Natural
Northwest Territories,VQ026-22,64.6673,-120.1428,2022,759.4,Natural
Northwest Territories,ZF034-22,63.825,-120.0917,2022,3177.4,Natural
Northwest Territories,ZF035-22,64.7292,-119.4792,2022,223.9,Natural
Northwest Territories,ZF037-22,63.925,-119.1917,2022,550.5,Natural
Northwest Territories,SS047-22,60.1645,-107.807,2022,435.2,Natural
Northwest Territories,ZF033-22,62.5833,-106.0,2022,431.7,Natural
Northwest Territories,SS049-22,61.0835,-105.976,2022,496.1,Natural
Northwest Territories,ZF038-22,63.5417,-103.9467,2022,730.0,Natural
British Columbia,2022-G90789,59.8315,-126.6955,2022,944.8,Natural
Northwest Territories,EV007-22,66.9962,-131.5474,2022,4493.7,Natural
Northwest Territories,EV008-22,67.073,-131.1924,2022,2679.0,Natural
Northwest Territories,EV009-22,67.0503,-131.1002,2022,2005.0,Natural
Northwest Territories,VQ018-22,65.4056,-129.2247,2022,646.1,Natural
Northwest Territories,VQ015-22,64.2538,-126.604,2022,737.8,Natural
Northwest Territories,VQ020-22,63.5922,-125.4358,2022,595.7,Natural
Northwest Territories,FS012-22,61.2222,-121.5425,2022,64312.1,Natural
Northwest Territories,SS038-22,60.6333,-108.1667,2022,3166.3,Natural
Northwest Territories,SS046-22,61.2833,-106.95,2022,957.8,Natural
Northwest Territories,SS039-22,60.4833,-106.5,2022,823.1,Natural
Northwest Territories,SS040-22,60.2667,-106.3,2022,526.8,Natural
Northwest Territories,SS042-22,60.3667,-105.4833,2022,227.2,Natural
Northwest Territories,SS045-22,61.4167,-105.3833,2022,627.1,Natural
Northwest Territories,SS044-22,60.6667,-105.3667,2022,549.7,Natural
Northwest Territories,SS043-22,60.2833,-105.2833,2022,739.4,Natural
Northwest Territories,2022NA004,61.3221,-126.9162,2022,9200.0,Natural
Northwest Territories,2022WB010,60.1411,-114.1775,2022,2225.0,Natural
Saskatchewan,22SR-CURRENT,59.0209,-103.7846,2022,962.0,Natural
Northwest Territories,SS033-22,61.245,-117.7167,2022,1033.2,Natural
Northwest Territories,ZF031-22,62.6242,-105.7742,2022,389.1,Natural
Northwest Territories,ZF032-22,62.617,-105.6388,2022,857.2,Natural
Northwest Territories,2022TH002,63.033,-108.6091,2022,314.0,Natural
Saskatchewan,22BN-BIRCH,56.9854,-107.6241,2022,9897.8,Natural
Northwest Territories,EV005-22,67.7915,-135.6185,2022,275.1,Natural
Northwest Territories,2022TH001,62.8982,-107.4017,2022,759.0,Natural
Northwest Territories,VQ014-22,65.377,-129.8024,2022,287.2,Natural
Northwest Territories,2022NA003,61.7986,-126.0213,2022,425.0,Natural
Northwest Territories,2022NA002,62.5107,-128.6996,2022,975.0,Natural
Northwest Territories,2022NA001,62.3406,-129.1524,2022,560.0,Natural
Northwest Territories,VQ010-22,64.965,-126.1419,2022,1564.6,Natural
Northwest Territories,SS029-22,60.8908,-112.05,2022,7084.0,Natural
British Columbia,2022-R90474,59.3855,-131.2842,2022,1100.0,Natural
British Columbia,2022-N70969,49.89,-117.0758,2022,1924.0,Natural
Alberta,MWF-033-2022,59.7682,-111.0471,2022,2010.8,Natural
Alberta,MWF-034-2022,59.5952,-110.8377,2022,1301.6,Natural
Northwest Territories,EV003-22,65.7859,-131.9972,2022,4004.7,Natural
British Columbia,2022-R90436,59.7616,-129.4523,2022,12330.0,Natural
Northwest Territories,SS027-22,62.1843,-118.3596,2022,270.4,Natural
Northwest Territories,ZF024-22,64.42,-117.6723,2022,4596.8,Natural
Northwest Territories,ZF025-22,64.76,-117.2283,2022,29246.2,Natural
Northwest Territories,ZF027-22,63.9673,-114.9938,2022,3973.6,Natural
Saskatchewan,22BN-DIGBEE,57.2827,-109.5864,2022,47155.6,Natural
Manitoba,NO007,57.1058,-100.7919,2022,1183.8,Natural
Northwest Territories,VQ008-22,64.4145,-122.7641,2022,15353.3,Natural
Saskatchewan,22BN-GOLD,56.2757,-108.1993,2022,2337.4,Natural
British Columbia,2022-V50368,50.8752,-124.7301,2022,258.0,Natural
Alberta,HWF-043-2022,59.8682,-118.2986,2022,6604.4,Natural
Saskatchewan,22LX-BAKER,56.7054,-107.4981,2022,1089.6,Natural
Alberta,MWF-031-2022,59.031,-111.1564,2022,40417.71,Natural
Alberta,MWF-032-2022,56.4519,-110.0784,2022,6585.2,Natural
Northwest Territories,FS010-22,60.6188,-124.309,2022,440.5,Natural
British Columbia,2022-R90464,57.7019,-127.8192,2022,324.0,Natural
British Columbia,2022-G60782,56.1373,-122.9407,2022,1661.7,Natural
Northwest Territories,ZF018-22,64.3048,-114.3517,2022,18709.4,Natural
Saskatchewan,22BN-BARTLETT,58.617,-109.7866,2022,880.3,Natural
Saskatchewan,22SR-MORRISON,58.6998,-108.4098,2022,232.4,Natural
Saskatchewan,22LX-MANN,57.5375,-105.1173,2022,463.8,Natural
Northwest Territories,VQ006-22,64.3143,-120.98,2022,711.7,Natural
Northwest Territories,FS008-22,62.8901,-123.1419,2022,38104.3,Natural
Northwest Territories,FS009-22,61.9333,-122.4833,2022,9572.7,Natural
Northwest Territories,VQ005-22,64.5309,-122.3203,2022,769.4,Natural
Northwest Territories,ZF010-22,63.9488,-116.9132,2022,868.3,Natural
Northwest Territories,VQ003-22,64.5506,-121.7505,2022,15234.5,Natural
Northwest Territories,ZF017-22,65.1555,-118.8825,2022,40234.0,Natural
Northwest Territories,ZF009-22,61.9497,-115.3353,2022,36706.0,Natural
Saskatchewan,22SR-BANNOCK,58.89,-102.8815,2022,1194.0,Natural
Northwest Territories,FS006-22,60.7223,-123.7153,2022,8660.9,Natural
Saskatchewan,22BN-BERRY,58.3268,-109.0462,2022,1786.9,Natural
Northwest Territories,ZF008-22,63.7393,-114.7174,2022,27464.6,Natural
Northwest Territories,SS018-22,60.2543,-110.4927,2022,22811.4,Natural
Quebec,20221080269,56.7853,-65.9153,2022,466.7,Natural
Saskatchewan,22SR-WATSON,58.7186,-102.8555,2022,1197.6,Natural
Saskatchewan,22SR-EVAN,59.4952,-102.3294,2022,20533.3,Natural
British Columbia,2022-G90313,58.5758,-127.5882,2022,1608.0,Natural
Northwest Territories,SS013-22,60.7788,-113.0658,2022,205.8,Natural
Quebec,20221080265,55.1161,-74.4865,2022,1983.4,Natural
Quebec,20221080268,52.9563,-74.2485,2022,360.9,Natural
Quebec,20221080267,57.8609,-68.1948,2022,200.5,Natural
Quebec,20221080266,52.3369,-66.7323,2022,3558.6,Natural
Saskatchewan,22SR-BOARDER,59.9876,-108.6862,2022,6691.9,Natural
Alberta,MWF-022-2022,59.4184,-110.8127,2022,33207.1,Natural
Alberta,MWF-025-2022,56.6829,-110.7144,2022,1554.0,Natural
Manitoba,NO003,55.855,-100.2961,2022,2684.9,Natural
Northwest Territories,SS014-22,60.1663,-109.593,2022,250.2,Natural
Northwest Territories,SS015-22,60.0033,-108.657,2022,5543.5,Natural
Northwest Territories,SS016-22,61.1188,-104.8418,2022,2738.9,Natural
Quebec,20221080264,55.1481,-74.4843,2022,3474.2,Natural
Quebec,20221080263,52.259,-72.076,2022,224.6,Natural
Saskatchewan,22SR-BYERS,59.7877,-108.3978,2022,1831.1,Natural
Alberta,MWF-018-2022,59.641,-111.3252,2022,2942.3,Natural
Alberta,LWF-099-2022,56.1632,-110.6552,2022,207.4,Natural
Newfoundland and Labrador,2022-602,55.7661,-65.153,2022,424.0,Unknown
Northwest Territories,SS012-22,61.6444,-112.0343,2022,461.4,Natural
Saskatchewan,22SR-MELEN,59.4494,-106.4954,2022,19123.8,Natural
Saskatchewan,22SR-GILES,58.9042,-105.8412,2022,899.5,Natural
Saskatchewan,22SR-SHARGORY,59.9028,-104.9408,2022,2910.0,Natural
Saskatchewan,22SR-ANDERSON,59.0503,-102.5779,2022,594.8,Natural
Alberta,MWF-015-2022,59.8171,-111.1186,2022,4057.9,Natural
Manitoba,NO001,56.5836,-99.2147,2022,3713.4,Human
Northwest Territories,SS011-22,60.5507,-110.009,2022,3053.0,Natural
Northwest Territories,SS006-22,60.9035,-113.2422,2022,830.6,Natural
Quebec,20221080261,58.5531,-64.6494,2022,4206.0,Human
Quebec,20221080259,56.0537,-71.6195,2022,14768.4,Human
Alberta,SWF-035-2022,56.9006,-113.989,2022,262.5,Natural
Saskatchewan,22LA-MCCAFE,55.3791,-104.6019,2022,12367.0,Human
British Columbia,2022-G80265,57.3972,-122.3773,2022,545.0,Natural
Northwest Territories,FS003-22,62.1872,-121.9398,2022,1028.8,Natural
Northwest Territories,FS004-22,63.7368,-121.3692,2022,23283.5,Natural
Alberta,HWF-014-2022,59.9713,-119.9997,2022,386.0,Natural
Alberta,HWF-013-2022,59.71,-119.7668,2022,8300.0,Natural
Alberta,HWF-015-2022,59.2928,-118.9971,2022,3000.0,Natural
British Columbia,2022-G90274,59.9817,-120.0221,2022,488.11,Natural
Saskatchewan,22HB-RICE,53.9125,-102.2217,2022,221.6,Human
Ontario,SUD4,46.3085,-80.7542,2022,229.0,Human
Ontario,SUD7,46.6348,-80.5547,2022,221.0,Human
Nova Scotia,04-004-2022,43.9741,-65.5871,2022,3199.09,Human
Ontario,TIM1,47.4608,-81.4159,2022,1445.199951,Human
Manitoba,MB2021EA208,51.97833322,-99.48777777,2021,278.5806156,Human
Manitoba,MB2021EA209,52.61765893,-95.42719429,2021,2050.472156,Natural
Manitoba,MB2021EA211,51.47207755,-95.34671737,2021,216.9509047,Natural
Manitoba,MB2021EA210,51.55482444,-95.45543975,2021,307.842548,Natural
Manitoba,MB2021EA207,49.76129877,-96.27861495,2021,1117.604503,Human
Manitoba,MB2021NO160,55.563271,-96.37465789,2021,1371.601914,Natural
Manitoba,MB2021NO161,55.44726019,-96.2522203,2021,2223.170085,Natural
Saskatchewan,21HB-SHENIGAN,52.794167,-102.782933,2021,318.7,Human
Manitoba,MB2021WE093,55.04109819,-100.5464202,2021,409.2236459,Human
Manitoba,MB2021NO154,57.93790898,-100.5727019,2021,338.0505611,Natural
Manitoba,MB2021NO162,59.19254166,-98.9157063,2021,2101.57963,Natural
Manitoba,MB2021NO177,59.00673827,-99.13373283,2021,201.508695,Natural
Manitoba,MB2021NO165,59.0407824,-99.06973828,2021,561.5864878,Natural
Manitoba,MB2021NO163,58.94302247,-99.1314895,2021,2851.749181,Natural
Manitoba,MB2021NO158,59.25682768,-98.44872609,2021,1960.051579,Natural
Manitoba,MB2021NO168,58.88240789,-100.2015231,2021,248.0410343,Natural
Manitoba,MB2021NO159,59.25631635,-100.1809097,2021,1775.613545,Natural
Manitoba,MB2021NO164,59.1300801,-100.8867673,2021,231.4990364,Natural
Manitoba,MB2021NO166,59.77868412,-101.0647973,2021,310.9998719,Natural
Manitoba,MB2021NO167,59.73569133,-100.8569185,2021,679.8052994,Natural
Saskatchewan,21HB-SMOKE,53.191383,-102.966367,2021,15685.0,Natural
Saskatchewan,21HB-PEPAW,52.59735,-102.302267,2021,1491.5,Natural
Saskatchewan,21HB-RESERVE,52.4742,-102.599467,2021,357.3,Natural
Saskatchewan,21LA-KELLY,55.870233,-103.848883,2021,200.3,Natural
Saskatchewan,21LA-BAILEY,57.124117,-104.520683,2021,360.0,Natural
Saskatchewan,21LA-WILMA,57.030817,-104.43735,2021,2781.0,Natural
Manitoba,MB2021NO152,57.67692142,-100.0463727,2021,1624.006493,Natural
Manitoba,MB2021NO174,56.89672806,-97.46689937,2021,504.8100274,Natural
Manitoba,MB2021NO171,58.16256811,-97.47439546,2021,3794.191223,Natural
Manitoba,MB2021NO173,57.93047852,-97.35501922,2021,1822.176229,Natural
Manitoba,MB2021NO172,57.92929976,-96.6224017,2021,7446.112072,Natural
Manitoba,MB2021NO169,57.63050919,-98.43948187,2021,9692.9661,Natural
British Columbia,2021-K52739,49.4488,-119.6524,2021,227.0,Human
Manitoba,MB2021EA204,51.29564183,-95.28416842,2021,227.6076754,Natural
Ontario,COC28,49.5202,-79.5424,2021,332.0,Natural
Saskatchewan,21BN-DIGBY,55.666067,-109.986717,2021,379.4,Natural
Ontario,HEA4,50.1759,-84.1953,2021,1850.0,Natural
British Columbia,2021-K52627,49.8144,-119.7134,2021,976.0,Human
British Columbia,2021-N12620,49.1867,-115.4508,2021,286.0,Unknown
British Columbia,2021-K62615,49.8292,-120.8955,2021,500.0,Human
British Columbia,2021-G72591,55.5293,-122.4928,2021,2542.0,Human
Alberta,LWF-184-2021,55.678433,-112.2258,2021,499.5,Natural
British Columbia,2021-G62563,56.4545,-125.7329,2021,435.0,Human
Saskatchewan,21LA-PATTER,57.755283,-104.29515,2021,425.9,Natural
British Columbia,2021-G72511,54.5042,-120.5935,2021,6500.0,Natural
Manitoba,MB2021NO146,56.21593357,-99.71072922,2021,200.4372172,Natural
Saskatchewan,21DB-BIRKETT,55.1435,-103.672667,2021,246.0,Natural
Northwest Territories,SS010-21,60.883017,-108.01895,2021,807.7,Natural
Northwest Territories,SS011-21,60.254167,-103.632183,2021,676.0,Natural
Ontario,FOR120,48.2727,-91.7607,2021,214.199997,Natural
Saskatchewan,21SR-TRAIN,59.680817,-107.0122,2021,281.9,Natural
Manitoba,MB2021EA196,52.37649398,-96.49387758,2021,690.4016443,Natural
Manitoba,MB2021NO141,55.98270532,-98.61398999,2021,986.6462192,Natural
British Columbia,2021-G72463,55.0356,-120.5133,2021,2512.0,Natural
British Columbia,2021-C32369,52.478,-120.7149,2021,332.0,Natural
Saskatchewan,21SR-CAMSELL,59.641073,-109.440186,2021,776.2,Natural
Saskatchewan,21LX-ERIR01,57.375714,-107.06622,2021,224.5,Natural
Saskatchewan,21SR-FARAUD,59.787283,-105.13365,2021,3852.1,Natural
Saskatchewan,21SR-CUNNING,58.421952,-103.619281,2021,629.2,Natural
Manitoba,MB2021NO135,56.4138022,-99.65739505,2021,4798.34798,Natural
Manitoba,MB2021NO137,56.94714135,-99.73335176,2021,356.668118,Natural
Manitoba,MB2021NO132,56.81245912,-101.4238636,2021,1253.893886,Natural
Manitoba,MB2021NO134,56.4588892,-100.4542343,2021,923.0391114,Natural
Yukon,2021WL010,60.75,-129.8666667,2021,200.0,Natural
Northwest Territories,FS028-21,62.291667,-124.012167,2021,2664.3,Natural
British Columbia,2021-G92297,59.3923,-120.9856,2021,566.0,Natural
Saskatchewan,21LA-GERMAN,56.456,-103.469483,2021,216.8,Natural
Saskatchewan,21LA-PEARCE2,57.762183,-102.762583,2021,1245.2,Natural
Saskatchewan,21SR-BROWN,58.078,-104.217,2021,572.9,Natural
Manitoba,MB2021NO129,56.71347619,-100.3471444,2021,9253.461059,Natural
Manitoba,MB2021NO123,55.3748669,-97.10897059,2021,915.4696177,Natural
Manitoba,MB2021NO124,56.91816964,-96.29535092,2021,7959.36004,Natural
Manitoba,MB2021NO126,57.26281564,-96.8811711,2021,2821.512348,Natural
Manitoba,MB2021NO125,57.23511317,-96.38782593,2021,22785.10254,Natural
Northwest Territories,VQ018-21,65.3941,-126.3654,2021,408.3,Natural
Northwest Territories,VQ019-21,65.216667,-126.066933,2021,2602.1,Natural
British Columbia,2021-V12269,49.9067,-121.5862,2021,405.0,Natural
British Columbia,2021-V12270,49.6827,-121.7927,2021,465.0,Natural
British Columbia,2021-V12262,49.5155,-121.8413,2021,256.0,Natural
Saskatchewan,21LA-WATHA,57.017571,-103.704019,2021,373.7,Natural
Saskatchewan,21SR-YURKOW,58.711423,-105.041122,2021,1506.9,Natural
Saskatchewan,21DB-GOLD,55.702617,-102.01995,2021,344.5,Natural
Saskatchewan,21LA-PINK,56.6346,-104.313233,2021,8690.5,Natural
Saskatchewan,21LA-CHATWIN2,56.670133,-105.203083,2021,1110.2,Natural
Saskatchewan,21LA-TRADE,55.417883,-104.080367,2021,451.8,Natural
Manitoba,MB2021NO121,57.41179632,-94.95783052,2021,6560.992197,Natural
Saskatchewan,21LA-MELANSON,55.625407,-105.963546,2021,201.0,Natural
Saskatchewan,21SR-NICHOL,58.202433,-103.995483,2021,4458.6,Natural
Saskatchewan,21LA-CHRISTIE2,57.573983,-105.100817,2021,26249.3,Natural
Saskatchewan,21SR-THERIAU,58.41808,-104.491344,2021,4498.8,Natural
Manitoba,MB2021WE083,55.23225696,-100.7819032,2021,2205.628076,Natural
Northwest Territories,EV030-21,67.386933,-131.205,2021,13954.2,Natural
Northwest Territories,ZF042-21,63.5071,-119.893333,2021,9260.5,Natural
Manitoba,MB2021WE080,53.47205204,-101.3591452,2021,526.6286174,Natural
Manitoba,MB2021NO110,58.33892345,-96.44901772,2021,11654.90212,Natural
Manitoba,MB2021NO108,56.96183663,-93.93124293,2021,389.0231851,Natural
Manitoba,MB2021NO109,57.72880019,-94.01529379,2021,209.5083721,Natural
Manitoba,MB2021NO112,55.81914417,-95.18507107,2021,746.5257961,Natural
Manitoba,MB2021NO106,57.99446011,-98.60979136,2021,41257.59764,Natural
Manitoba,MB2021NO103,53.53358135,-95.52780958,2021,516.6119879,Natural
Manitoba,MB2021WE078,52.75850919,-99.36779112,2021,9556.786482,Natural
Manitoba,MB2021WE075,55.43979676,-101.5820992,2021,911.1632421,Natural
Manitoba,MB2021NO101,57.59611651,-101.3118384,2021,873.0244494,Natural
Manitoba,MB2021NO102,57.38697029,-101.3345806,2021,2430.7807,Natural
Manitoba,MB2021NO099,54.95477882,-93.80937409,2021,253.9254092,Natural
Northwest Territories,ZF041-21,63.2896,-119.404833,2021,3452.9,Natural
Northwest Territories,VQ016-21,65.3507,-126.366967,2021,5335.1,Natural
Ontario,SLK115,53.3609,-91.6648,2021,980.5,Natural
British Columbia,2021-K22230,52.3038,-119.9537,2021,2169.0,Natural
Manitoba,MB2021EA182,51.44382451,-95.75972911,2021,230.7195528,Natural
Manitoba,MB2021EA181,51.45193821,-95.65045932,2021,937.1827195,Natural
Ontario,NIP71,50.4659,-85.7818,2021,731.2000122,Natural
Saskatchewan,21HB-NOMAN,54.121767,-103.27615,2021,1423.7,Natural
Saskatchewan,21LA-TEN,55.935883,-103.63255,2021,1038.8,Natural
Manitoba,MB2021NO094,53.38386201,-97.37591591,2021,388.8448101,Natural
Manitoba,MB2021EA177,52.12822137,-95.18925774,2021,2962.343654,Natural
Northwest Territories,ZF038-21,63.674333,-115.758667,2021,297.0,Natural
Northwest Territories,ZF035-21,63.086167,-116.7765,2021,7327.4,Natural
Northwest Territories,2021NA010,61.8588,-125.306,2021,1133.2,Natural
Saskatchewan,21LA-BAR,55.487574,-106.456414,2021,714.6,Natural
Manitoba,MB2021EA175,51.57501752,-97.00390868,2021,577.5001824,Natural
Manitoba,MB2021EA171,51.81820852,-95.17883429,2021,4770.258205,Natural
Northwest Territories,VQ012-21,64.923,-124.582,2021,2034.3,Natural
Ontario,RED216,51.432,-95.1413,2021,803.7999878,Natural
British Columbia,2021-N12156,49.8158,-116.5103,2021,312.0,Natural
Alberta,CCU-004-2021,50.683333,-111.438167,2021,2000.0,Unknown
Manitoba,MB2021EA168,52.36954668,-95.67577321,2021,615.1404892,Natural
Yukon,2021MA011,63.12,-132.8037,2021,466.0,Natural
Northwest Territories,FS023-21,62.166333,-122.324167,2021,557.9,Natural
Northwest Territories,VQ010-21,65.750083,-128.128967,2021,3894.5,Natural
Northwest Territories,ZF034-21,63.680333,-115.824167,2021,8575.4,Natural
Northwest Territories,VQ014-21,65.349083,-124.955433,2021,359.1,Natural
Yukon,2021VU001,68.42467,-138.67091,2021,200.0,Unknown
Ontario,RED221,53.7808,-93.1434,2021,236.199997,Natural
British Columbia,2021-K42140,50.5729,-118.2739,2021,1122.0,Natural
British Columbia,2021-K42139,50.6103,-118.2545,2021,462.0,Natural
Saskatchewan,21SR-OTTER,59.02492,-104.29195,2021,313.2,Natural
Saskatchewan,21SR-OFFSET,59.814207,-104.055157,2021,286.0,Natural
Saskatchewan,21SR-MCGILL,59.941481,-107.694694,2021,10123.2,Natural
Yukon,2021RR009,62.65781667,-132.2158833,2021,500.0,Natural
Northwest Territories,EV013-21,67.033333,-135.6,2021,5445.7,Natural
Northwest Territories,SS009-21,60.613333,-106.842833,2021,555.2,Natural
Northwest Territories,VQ006-21,66.028733,-127.601633,2021,3383.5,Natural
Northwest Territories,VQ005-21,65.878433,-127.279567,2021,1300.4,Natural
Ontario,DRY76,49.7769,-91.77,2021,546.0,Natural
British Columbia,2021-N42094,51.2721,-116.7151,2021,445.0,Natural
British Columbia,2021-N42162,51.6879,-117.8181,2021,210.0,Natural
British Columbia,2021-K42078,50.7952,-118.9828,2021,2499.0,Human
Saskatchewan,21LA-ROMAN,55.565833,-105.81,2021,7596.0,Natural
Manitoba,MB2021NO088,54.98166391,-95.52989239,2021,510.5009055,Natural
Manitoba,MB2021NO086,54.93211794,-97.60765276,2021,5416.891009,Natural
Ontario,DRY71,49.7029,-91.5916,2021,730.0999756,Natural
British Columbia,2021-K62058,49.9112,-121.2255,2021,244.0,Natural
British Columbia,2021-K52061,49.0892,-119.4862,2021,19335.0,Human
British Columbia,2021-K62088,49.1858,-120.6746,2021,14735.3,Human
Saskatchewan,21SR-KIDD,58.044633,-103.992333,2021,2554.2,Natural
Saskatchewan,21LA-BURRELL,55.519367,-106.161833,2021,8704.0,Natural
Saskatchewan,21LA-AIR,55.643617,-106.256233,2021,940.0,Natural
Saskatchewan,21SR-WEERES,58.476,-106.985,2021,1908.3,Natural
Saskatchewan,21LX-ENS,58.026745,-105.182418,2021,403.3,Natural
Saskatchewan,21SR-REITH,58.492,-106.186,2021,209.2,Natural
Saskatchewan,21DB-GOLDEN,55.3181,-102.076267,2021,216.5,Natural
Saskatchewan,21LA-ANGUS,55.784167,-104.853,2021,326.5,Natural
Saskatchewan,21SR-YOTIN,59.971778,-104.856741,2021,3164.8,Natural
Manitoba,MB2021NO084,57.2036258,-101.6577089,2021,795.3374974,Human
Manitoba,MB2021EA158,51.64232787,-96.6606118,2021,1056.518931,Natural
Yukon,2021CA005,62.5644,-136.2011167,2021,3500.0,Natural
Ontario,SLK104,52.7057,-92.1881,2021,967.5,Natural
Saskatchewan,21SR-FLATT,59.196376,-103.390048,2021,332.8,Natural
Saskatchewan,21SR-TAYLOR,59.567,-103.02,2021,716.7,Natural
Saskatchewan,21LA-NESBITT,55.29955,-104.537333,2021,923.1,Natural
Saskatchewan,21LA-PETA,55.741232,-104.358817,2021,1894.8,Natural
Saskatchewan,21SR-PLUTO,59.279023,-104.997312,2021,1290.0,Natural
Saskatchewan,21SR-CORA,59.506533,-105.465583,2021,17899.8,Natural
Saskatchewan,21SR-STEVE,59.378983,-105.122983,2021,3907.8,Natural
Manitoba,MB2021EA153,50.06681914,-95.21024311,2021,813.808713,Natural
Manitoba,MB2021EA151,51.89222949,-95.56389258,2021,461.1586937,Natural
Ontario,RED163,52.4098,-94.4032,2021,441.7000122,Natural
Ontario,RED192,51.825,-95.1483,2021,439.2000122,Natural
Ontario,SLK73,52.585,-92.4561,2021,3744.399902,Natural
Ontario,RED147,51.7015,-94.9022,2021,2248.899902,Natural
British Columbia,2021-N42008,51.7118,-118.5825,2021,300.0,Natural
British Columbia,2021-K42042,49.9315,-118.6371,2021,5080.5,Natural
Saskatchewan,21HB-WEASEL,54.01095,-103.084767,2021,233.4,Natural
Saskatchewan,21HB-NISKA,53.55645,-101.778983,2021,418.1,Natural
Saskatchewan,21LX-MCLURG,55.048322,-106.658134,2021,772.0,Natural
Manitoba,MB2021NO077,56.9258158,-101.6903217,2021,507.4452486,Natural
Manitoba,MB2021NO079,56.39447598,-97.93821668,2021,9927.311623,Natural
Manitoba,MB2021NO083,57.74109161,-94.50675161,2021,14660.70157,Natural
British Columbia,2021-K22068,51.674,-119.7617,2021,582.0,Natural
Saskatchewan,21DB-FORSBERG,54.840783,-102.83735,2021,677.9,Natural
Saskatchewan,21LF-POINT,53.85751,-104.087168,2021,4796.9,Natural
Saskatchewan,21DB-HOBB,54.601917,-102.819767,2021,3699.0,Natural
Saskatchewan,21LX-PLAWR03,55.328567,-109.8502,2021,1477.0,Natural
Saskatchewan,21LA-HADLEY,55.592433,-105.897567,2021,2394.0,Natural
Saskatchewan,21LX-PINEHOUSE,55.669117,-106.410067,2021,798.5,Natural
Saskatchewan,21LX-COWPACK,55.759399,-106.39579,2021,2655.9,Natural
Manitoba,MB2021NO071,56.2089856,-99.89393216,2021,250.3115738,Natural
Manitoba,MB2021NO073,56.05207014,-101.579318,2021,3194.491136,Natural
Manitoba,MB2021WE064,55.51445377,-100.8670223,2021,56543.86529,Natural
Manitoba,MB2021WE062,55.08103558,-101.147589,2021,236.0085735,Natural
Manitoba,MB2021NO074,54.07094525,-98.31942107,2021,2283.11478,Natural
Manitoba,MB2021EA150,51.88638136,-96.53824615,2021,4023.667422,Natural
Manitoba,MB2021EA145,51.55725472,-96.39890744,2021,87305.46782,Natural
Ontario,NIP60,51.612,-88.9331,2021,410.6000061,Natural
Ontario,SLK106,52.3952,-91.825,2021,1175.599976,Natural
Ontario,RED137,51.8618,-94.5081,2021,5779.799805,Natural
British Columbia,2021-C31947,52.6294,-120.4232,2021,1512.0,Natural
Alberta,MWF-083-2021,56.534444,-112.563975,2021,328.0,Natural
Alberta,MWF-082-2021,57.506667,-113.605,2021,471.7,Natural
Saskatchewan,21LF-WHITE,54.019237,-105.220222,2021,470.0,Natural
Saskatchewan,21LX-MOOSE,57.097783,-106.80192,2021,683.9,Natural
Saskatchewan,21LA-BIRNIE,55.465667,-106.232667,2021,3360.0,Natural
Manitoba,MB2021WE058,53.03746628,-99.84859302,2021,541.2060771,Natural
British Columbia,2021-K41921,50.8709,-118.4258,2021,682.0,Human
British Columbia,2021-N11958,49.6556,-115.4299,2021,540.0,Natural
Saskatchewan,21SR-AHENAKEW,58.066024,-103.861931,2021,300.0,Natural
Saskatchewan,21LA-NICHOL,56.075883,-106.4132,2021,3017.1,Natural
Saskatchewan,21HB-BELL,53.205583,-102.628,2021,88805.3,Natural
Saskatchewan,21DB-CHICKUN,55.555865,-101.963336,2021,491.0,Natural
Saskatchewan,21SR-SHASKO,59.175167,-106.704333,2021,22951.4,Natural
Saskatchewan,21SR-TORWALT,58.293033,-103.900717,2021,462.2,Natural
Saskatchewan,21BN-WESTEND,55.813533,-109.57595,2021,2323.2,Natural
Saskatchewan,21LX-HAWK,56.662997,-107.399667,2021,1946.4,Natural
Saskatchewan,21LA-TORRANS,56.8948,-105.89975,2021,242.9,Natural
Manitoba,MB2021EA136,51.55666646,-96.34555561,2021,497.4653849,Natural
Manitoba,MB2021WE056,55.49131413,-99.89533352,2021,1370.266412,Natural
Manitoba,MB2021NO063,56.43803929,-96.40637886,2021,17939.88167,Natural
Manitoba,MB2021EA133,51.49410156,-95.92958468,2021,2266.064797,Natural
Manitoba,MB2021NO058,55.44524235,-95.60202087,2021,544.6056765,Natural
Manitoba,MB2021EA136,51.55666646,-96.34555561,2021,497.4653849,Natural
British Columbia,2021-K61882,49.742,-121.1041,2021,19660.7,Natural
British Columbia,2021-G31934,52.6855,-119.4231,2021,200.0,Natural
Alberta,MWF-079-2021,57.42035,-110.35745,2021,3948.0,Natural
Alberta,MWF-078-2021,57.515424,-110.829576,2021,1274.9,Natural
Saskatchewan,21LA-BROWN,56.35095,-103.88735,2021,6385.0,Natural
Saskatchewan,21LA-BERNARD,56.2834,-102.28,2021,14250.6,Natural
Saskatchewan,21BN-DYCK,57.613945,-108.707156,2021,493.6,Natural
Saskatchewan,21LF-LITTLE,54.374733,-104.641133,2021,824.4,Natural
Saskatchewan,21BN-BORDER,55.393867,-109.940067,2021,2983.0,Natural
Saskatchewan,21LF-LORENZ,54.038017,-104.923417,2021,2022.9,Natural
Manitoba,MB2021WE055,55.31277759,-100.1763889,2021,596.958462,Natural
Manitoba,MB2021WE049,55.72948273,-100.2393481,2021,20748.83767,Natural
Manitoba,MB2021WE053,55.56364417,-101.9503271,2021,426.8460583,Natural
Manitoba,MB2021NO054,55.57498794,-99.13857084,2021,803.3452079,Natural
Manitoba,MB2021NO051,55.49035406,-95.69473558,2021,310.7110715,Natural
Northwest Territories,ZF025-21,64.2525,-118.845667,2021,602.0,Natural
Northwest Territories,FS020-21,62.234533,-123.155483,2021,1214.4,Natural
Ontario,NIP54,51.3576,-88.4139,2021,303.1000061,Natural
Ontario,COC26,53.8125,-83.4977,2021,7628.0,Natural
Ontario,SLK60,51.6863,-92.0777,2021,1212.699951,Natural
British Columbia,2021-K61884,50.3058,-120.0268,2021,83342.0,Natural
British Columbia,2021-C41866,51.2348,-121.4345,2021,454.0,Natural
Alberta,SWF-099-2021,57.151889,-113.221668,2021,5960.0,Natural
Saskatchewan,21LA-STOVER,56.351466,-105.795398,2021,780.9,Natural
Saskatchewan,21BR-HELENE,53.649167,-108.134833,2021,7160.5,Natural
Saskatchewan,21LA-HARES,56.841254,-105.911649,2021,13949.5,Natural
Saskatchewan,21LA-TOM,57.167193,-102.617955,2021,518.8,Natural
Saskatchewan,21LA-KYASKA,56.272483,-102.4139,2021,6955.0,Natural
Saskatchewan,21LA-FOSTER,56.408167,-105.878167,2021,784.9,Natural
Saskatchewan,21LA-KELSEY,56.9879,-103.975833,2021,3673.2,Natural
Saskatchewan,21LA-CHRISTIE,57.61095,-105.070867,2021,7837.6,Natural
Saskatchewan,21LA-APEX,56.639834,-104.233834,2021,8276.6,Natural
Manitoba,MB2021NO034,54.10001812,-94.64061912,2021,433.7902358,Natural
Manitoba,MB2021WE048,55.72361094,-100.1672222,2021,596.958462,Natural
Manitoba,MB2021NO041,56.10324487,-100.0222037,2021,202.0289012,Natural
Manitoba,MB2021WE046,55.61182281,-101.7116519,2021,634.886381,Natural
Manitoba,MB2021NO036,55.87017878,-101.7216862,2021,3967.973762,Natural
Manitoba,MB2021WE047,55.06885024,-99.50922734,2021,6168.690613,Natural
Manitoba,MB2021NO045,56.32489098,-96.00457122,2021,8595.999502,Natural
Manitoba,MB2021NO033,54.05782245,-94.44590051,2021,3017.504909,Natural
Manitoba,MB2021EA119,51.27307126,-95.16569884,2021,1167.677318,Natural
Northwest Territories,SS006-21,60.54095,-107.452067,2021,3042.9,Natural
Northwest Territories,ZF024-21,65.79945,-117.331117,2021,14020.7,Natural
Northwest Territories,VQ004-21,64.015683,-129.48185,2021,318.6,Natural
Northwest Territories,SS005-21,60.917833,-106.078167,2021,573.2,Natural
Northwest Territories,SS004-21,60.6885,-106.391167,2021,1223.5,Natural
Ontario,RED114,51.8729,-95.0651,2021,35646.60156,Natural
Ontario,RED127,52.2953,-93.747,2021,550.4000244,Natural
Ontario,RED102,52.593,-93.5705,2021,2909.5,Natural
Ontario,RED120,52.3435,-94.7343,2021,3627.899902,Natural
British Columbia,2021-C11805,53.1181,-121.2105,2021,1758.0,Natural
British Columbia,2021-N72278,50.3371,-116.8081,2021,956.0,Natural
British Columbia,2021-K51794,49.3616,-119.534,2021,10597.0,Human
Alberta,MWF-067-2021,57.153667,-112.768,2021,665.3,Natural
Saskatchewan,21DB-ALIR01,54.565767,-102.395767,2021,31492.0,Natural
Saskatchewan,21LA-ROTHNIE,55.93055,-103.953583,2021,1280.6,Natural
Saskatchewan,21LA-KLYNE,56.390083,-103.313083,2021,4197.9,Natural
Saskatchewan,21LA-SEIR02,56.389383,-103.1698,2021,4678.9,Natural
Saskatchewan,21LA-MILNE,56.42135,-103.125,2021,406.9,Natural
Saskatchewan,21LA-POND,54.688483,-104.5345,2021,8466.3,Natural
Saskatchewan,21LA-CONTACT,56.2349,-103.744017,2021,18616.1,Natural
Saskatchewan,21LA-GRAY,55.917783,-104.232333,2021,22315.5,Natural
Saskatchewan,21LA-WARNER,57.1179,-103.92565,2021,347.1,Natural
Saskatchewan,21DB-MCGAFFIN,55.766033,-102.3876,2021,13097.6,Natural
Saskatchewan,21LA-MINE,55.696278,-104.739087,2021,7903.0,Natural
Saskatchewan,21LA-HENSCHEL,55.74495,-104.277467,2021,1656.7,Natural
Saskatchewan,21LA-RATTLER,55.6848,-104.4635,2021,692.3,Natural
Saskatchewan,21LA-WHITE,56.045383,-103.279967,2021,8851.8,Natural
Saskatchewan,21LA-NUNN,55.211283,-104.414117,2021,3415.6,Natural
Manitoba,MB2021EA118,51.88816755,-96.00067579,2021,232.98696,Natural
Manitoba,MB2021WE042,54.44069558,-100.0495451,2021,746.61898,Natural
Manitoba,MB2021WE034,55.12722216,-100.1472222,2021,208.9354617,Natural
Manitoba,MB2021WE038,55.08567576,-101.6479852,2021,9832.286703,Natural
Manitoba,MB2021WE032,55.2258528,-100.2472142,2021,64114.55824,Natural
Manitoba,MB2021WE037,54.74653627,-99.56834398,2021,520.8623081,Natural
Manitoba,MB2021WE036,54.71411983,-99.58171202,2021,425.0626323,Natural
Manitoba,MB2021NO031,54.18166304,-97.17364736,2021,3851.905911,Natural
Manitoba,MB2021EA116,51.80044586,-95.73794898,2021,21224.04194,Natural
Manitoba,MB2021NO031,54.18166304,-97.17364736,2021,3851.905911,Natural
Northwest Territories,FS019-21,61.8367,-123.5243,2021,14083.7,Natural
Northwest Territories,ZF023-21,63.5825,-112.2603,2021,505.7,Natural
Ontario,RED139,51.8927,-94.5585,2021,392.7999878,Natural
British Columbia,2021-K41807,50.9426,-118.4572,2021,498.0,Natural
British Columbia,2021-N41814,51.8419,-118.338,2021,911.0,Natural
British Columbia,2021-K21867,51.6667,-120.4051,2021,395.0,Natural
British Columbia,2021-G51748,54.4973,-125.0085,2021,310.8,Natural
British Columbia,2021-C11753,53.0511,-121.0511,2021,395.0,Natural
British Columbia,2021-N11795,49.5229,-116.6259,2021,1130.0,Natural
Alberta,MWF-059-2021,57.0999,-110.594483,2021,4138.7,Natural
Saskatchewan,21SR-MURPHY,58.5031,-104.159417,2021,28037.3,Natural
Saskatchewan,21LX-BUDD,54.859957,-106.844065,2021,16650.4,Natural
Saskatchewan,21LA-MULE,55.342915,-104.552801,2021,1041.0,Natural
Saskatchewan,21SR-FISHER,58.237,-104.91,2021,57760.7,Natural
Saskatchewan,21LX-PARKER,55.334183,-108.443217,2021,1568.3,Natural
Saskatchewan,21BN-LANDING,56.08215,-108.76615,2021,222.7,Natural
Manitoba,MB2021NO020,53.07809723,-95.17071269,2021,544.2376866,Natural
Manitoba,MB2021NO022,53.2113428,-94.64552706,2021,1016.918537,Natural
Northwest Territories,EV010-21,66.921267,-134.017667,2021,24009.3,Natural
Ontario,NIP37,50.2203,-85.9479,2021,2125.699951,Natural
Ontario,COC22,50.6925,-84.9222,2021,2062.0,Natural
Ontario,RED108,52.1304,-95.1147,2021,20831.09961,Natural
Ontario,RED111,53.267,-94.3681,2021,1543.099976,Natural
British Columbia,2021-G41711,53.5819,-123.7386,2021,4891.0,Natural
British Columbia,2021-K41769,51.0811,-118.8232,2021,4359.0,Natural
British Columbia,2021-K41656,51.0385,-118.7119,2021,420.0,Natural
Alberta,MWF-042-2021,57.564867,-110.303767,2021,28011.4,Natural
Saskatchewan,21LX-MANSON,56.242533,-107.814367,2021,14206.3,Natural
Saskatchewan,21BN-WESTGATE,57.38405,-107.873767,2021,4665.8,Natural
Saskatchewan,21LX-MAYSON,57.984704,-107.105819,2021,7695.4,Natural
Saskatchewan,21SR-KEWEN,58.171783,-103.807033,2021,11977.4,Natural
Saskatchewan,21LA-MILLER,57.16245,-104.175,2021,3559.9,Natural
Saskatchewan,21LA-WATHAMAN,57.006,-104.278,2021,11102.0,Natural
Saskatchewan,21DB-FRIDAY,54.9395,-103.402,2021,430.2,Human
Saskatchewan,21LA-LYNX,55.353083,-105.0267,2021,5044.6,Natural
Saskatchewan,21DN-STRIKE,54.524833,-108.6491,2021,3027.9,Natural
Saskatchewan,21LA-GMB01,55.612867,-104.63375,2021,6680.0,Natural
Saskatchewan,21LF-HARDING,53.851717,-104.532583,2021,25259.0,Natural
Saskatchewan,21LA-DOUG,54.947833,-105.846983,2021,873.0,Natural
Saskatchewan,21LA-CREEK,54.960333,-105.843417,2021,250.0,Natural
Saskatchewan,21DB-PIX,55.281033,-103.800233,2021,3217.0,Natural
Saskatchewan,21LA-MOSS,54.899833,-105.517967,2021,1365.0,Natural
Saskatchewan,21WY-RABBIT,54.84925,-105.442483,2021,3014.3,Natural
Manitoba,MB2021WE029,54.39692311,-100.8888029,2021,2505.582071,Natural
Manitoba,MB2021NO015,55.78048809,-100.9510293,2021,1159.722386,Human
Manitoba,MB2021NO019,55.29622778,-98.74840853,2021,229.255048,Natural
Manitoba,MB2021NO018,55.76640074,-97.22964131,2021,1050.737655,Natural
Northwest Territories,FS018-21,62.783333,-122.85,2021,1616.1,Natural
Northwest Territories,2021NA008,61.167833,-125.463667,2021,738.8,Natural
Ontario,FOR57,48.3219,-91.5073,2021,7137.0,Natural
British Columbia,2021-N51705,49.6324,-117.4644,2021,6023.0,Natural
British Columbia,2021-K51924,49.874,-120.0433,2021,871.0,Unknown
British Columbia,2021-N51800,49.7245,-118.0476,2021,22049.0,Natural
British Columbia,2021-K51845,49.169,-120.2467,2021,400.0,Natural
British Columbia,2021-N51724,49.7316,-117.2868,2021,2359.0,Natural
British Columbia,2021-K21644,50.8643,-120.0019,2021,991.0,Natural
British Columbia,2021-K41676,51.1594,-118.908,2021,3355.0,Natural
British Columbia,2021-N71793,50.1698,-116.6126,2021,1075.0,Natural
British Columbia,2021-C41602,51.4937,-121.617,2021,73862.0,Natural
British Columbia,2021-C51606,52.7128,-125.6437,2021,924.0,Natural
British Columbia,2021-K41651,50.5159,-118.47,2021,1265.0,Natural
British Columbia,2021-K21658,51.3485,-119.3933,2021,16534.0,Natural
British Columbia,2021-V11669,50.0495,-121.4527,2021,5097.9,Natural
British Columbia,2021-N61687,49.335,-118.3545,2021,7431.0,Natural
British Columbia,2021-N11629,49.746,-115.6278,2021,2990.0,Natural
Alberta,MWF-040-2021,57.58725,-110.412733,2021,500.0,Natural
Alberta,HWF-059-2021,58.88675,-114.9492,2021,2728.0,Natural
Saskatchewan,21SR-MAY,59.441133,-105.291405,2021,2005.0,Natural
Manitoba,MB2021WE024,53.91489015,-99.89686027,2021,1137.800618,Natural
Manitoba,MB2021EA112,50.78391172,-95.18811252,2021,4931.499293,Natural
Northwest Territories,FS017-21,62.183333,-123.05,2021,6858.6,Natural
British Columbia,2021-C52323,52.9432,-125.5573,2021,233.67,Natural
British Columbia,2021-K21849,50.6622,-121.2018,2021,63547.7,Natural
British Columbia,2021-N71686,49.4616,-116.6764,2021,3795.0,Natural
British Columbia,2021-N71743,49.3605,-116.2915,2021,910.0,Natural
Saskatchewan,21SR-CHER,59.14465,-103.6596,2021,2772.0,Natural
Saskatchewan,21DB-ALSMITH,54.974167,-103.871567,2021,255.4,Natural
Saskatchewan,21BN-ASINEE,57.446574,-108.134968,2021,445.0,Natural
Northwest Territories,FS016-21,61.756967,-120.958467,2021,1839.1,Natural
Northwest Territories,FS015-21,62.079633,-122.497233,2021,507.4,Natural
Ontario,NIP62,51.8121,-88.7327,2021,285.7000122,Natural
British Columbia,2021-K41561,50.5628,-118.679,2021,4733.0,Natural
British Columbia,2021-R21558,54.0604,-126.9482,2021,200.0,Natural
British Columbia,2021-R11562,53.5063,-126.1315,2021,20750.0,Natural
Saskatchewan,21LA-PEARCE,57.76965,-102.752617,2021,834.0,Natural
Saskatchewan,21DB-PAGATO,56.166233,-102.439133,2021,225.8,Natural
Saskatchewan,21LA-BORDER,55.834283,-103.338633,2021,6475.0,Natural
Saskatchewan,21LA-SIMMER,56.395183,-105.431433,2021,5506.6,Natural
Saskatchewan,21SR-STALLARD,59.2752,-105.516483,2021,2966.4,Natural
Quebec,20211080450,54.3859,-76.8618,2021,9824.7,Natural
Ontario,COC21,51.5717,-81.2849,2021,300.0,Natural
British Columbia,2021-C11491,53.2661,-123.9222,2021,8100.0,Natural
British Columbia,2021-G91588,58.8237,-126.9705,2021,400.0,Natural
British Columbia,2021-N71813,50.4768,-117.3516,2021,522.0,Natural
British Columbia,2021-R91496,57.8668,-129.2931,2021,7493.8,Natural
British Columbia,2021-C41515,51.7056,-120.7814,2021,330.0,Natural
British Columbia,2021-VA1545,52.2115,-126.0311,2021,297.0,Natural
Saskatchewan,21LA-WAPUS,56.510383,-102.306133,2021,5278.7,Natural
Quebec,20211080453,55.3554,-76.0912,2021,26858.9,Natural
Yukon,2021RR005,62.45848333,-132.7066,2021,1000.0,Natural
Northwest Territories,2021NA006,61.302093,-125.545164,2021,11262.9,Natural
Northwest Territories,2021NA007,61.398333,-124.985567,2021,636.6,Natural
Ontario,SLK47,52.0072,-91.8672,2021,19840.80078,Natural
Ontario,FOR56,48.2749,-91.5639,2021,1273.0,Natural
British Columbia,2021-K21809,51.6211,-119.0143,2021,481.6,Natural
British Columbia,2021-N71875,50.7001,-117.2439,2021,248.0,Natural
British Columbia,2021-C41395,51.9179,-120.8967,2021,1600.0,Natural
Manitoba,MB2021WE022,52.1371662,-100.4876507,2021,2297.991695,Natural
Northwest Territories,ZF016-21,63.109667,-111.740833,2021,981.6,Natural
Ontario,RED68,51.5026,-93.5136,2021,26674.40039,Natural
Ontario,RED72,51.1031,-94.5618,2021,5931.299805,Natural
Ontario,RED64,51.9991,-93.2755,2021,11843.7998,Natural
Ontario,RED93,52.0977,-94.8664,2021,1226.300049,Natural
Ontario,RED73,51.104,-94.8551,2021,8400.599609,Natural
Ontario,SLK50,53.8039,-91.0023,2021,256.5,Natural
Ontario,RED77,50.9414,-94.5493,2021,36037.80078,Natural
Ontario,RED70,51.2617,-94.4711,2021,12001.5,Natural
Ontario,RED81,53.8833,-92.9307,2021,5162.899902,Natural
Ontario,RED65,52.0212,-94.6329,2021,20254.40039,Natural
British Columbia,2021-N51765,49.5865,-118.1862,2021,14032.0,Natural
British Columbia,2021-C51355,52.4862,-125.6745,2021,1533.0,Natural
British Columbia,2021-K41384,50.6033,-118.5722,2021,623.0,Natural
Saskatchewan,21BN-ROCK,56.613017,-108.5373,2021,6044.1,Natural
Saskatchewan,21LA-WAPA,54.83495,-104.48485,2021,23016.1,Natural
Saskatchewan,21LA-PAUL,57.339933,-105.337483,2021,4496.8,Natural
Saskatchewan,21SR-WHITE,59.233467,-103.853167,2021,573.5,Natural
British Columbia,2021-G61381,56.787,-125.7108,2021,7770.0,Natural
British Columbia,2021-N51317,49.6662,-118.11,2021,500.0,Natural
Alberta,LWF-129-2021,55.720233,-110.439217,2021,372.0,Natural
Saskatchewan,21LA-POTHOLE,55.230244,-104.586391,2021,1874.1,Human
Saskatchewan,21BN-FROG,56.615017,-108.252317,2021,17717.2,Natural
Saskatchewan,21BN-OGSTON,56.67305,-109.861583,2021,10833.0,Natural
Ontario,RED55,51.3923,-92.3226,2021,474.6000061,Human
Ontario,SLK39,51.8658,-91.0777,2021,17514.40039,Natural
Ontario,SLK37,53.374,-90.6015,2021,244.3999939,Natural
British Columbia,2021-K21361,51.794,-119.7198,2021,358.0,Natural
British Columbia,2021-K21478,51.4094,-119.4053,2021,219.0,Natural
British Columbia,2021-K21232,50.6232,-120.7082,2021,289.5,Natural
British Columbia,2021-C51290,52.054,-125.0824,2021,7195.0,Human
British Columbia,2021-N71245,49.3163,-116.8813,2021,7589.0,Natural
British Columbia,2021-K22007,51.4766,-119.5238,2021,832.0,Natural
British Columbia,2021-N41254,51.6858,-118.57,2021,430.0,Natural
British Columbia,2021-N41221,51.5881,-117.5438,2021,457.0,Natural
Northwest Territories,SS003-21,61.827667,-110.151333,2021,341.2,Natural
Ontario,SLK35,53.2152,-90.7602,2021,478.6000061,Natural
Ontario,RED67,51.4406,-94.3157,2021,14536.7998,Natural
British Columbia,2021-G41269,53.5995,-124.814,2021,33418.0,Natural
British Columbia,2021-C41147,51.933,-120.9927,2021,636.0,Natural
British Columbia,2021-C31115,52.5841,-121.0421,2021,327.0,Natural
British Columbia,2021-G61199,56.3877,-125.0223,2021,10678.0,Natural
British Columbia,2021-C41100,51.7593,-120.8599,2021,3049.0,Natural
British Columbia,2021-C41097,51.2125,-120.9229,2021,7453.0,Natural
British Columbia,2021-C41102,51.5793,-120.8678,2021,652.0,Natural
British Columbia,2021-K71086,50.2261,-121.5832,2021,83671.3,Human
British Columbia,2021-C31295,52.3129,-120.9089,2021,609.0,Natural
British Columbia,2021-G11126,53.5005,-123.974,2021,1451.0,Natural
British Columbia,2021-G61132,55.3892,-124.5843,2021,8412.0,Natural
British Columbia,2021-G71138,54.9433,-121.2515,2021,3380.0,Natural
British Columbia,2021-G71134,54.7725,-121.2412,2021,258.0,Natural
British Columbia,2021-G61316,56.2893,-125.502,2021,16314.0,Natural
Saskatchewan,21SR-LAUDER,59.6077,-104.667233,2021,29197.0,Natural
Manitoba,MB2021EA102,52.76416622,-95.48805572,2021,1193.916924,Natural
Manitoba,MB2021EA101,52.80382467,-95.43820389,2021,36608.50857,Natural
Yukon,2021WL002,60.58456667,-125.2057,2021,500.0,Natural
Yukon,2021WL003,60.73645,-125.8087,2021,1000.0,Natural
Yukon,2021WL005,60.50043333,-125.2618833,2021,300.0,Natural
Northwest Territories,2021NA004,61.004867,-125.675667,2021,1689.4,Natural
Northwest Territories,2021NA005,60.960867,-125.14735,2021,14155.8,Natural
British Columbia,2021-K71030,50.9456,-121.9177,2021,44964.2,Human
British Columbia,2021-C11179,52.6452,-123.3899,2021,760.0,Natural
British Columbia,2021-K51041,49.9205,-118.9089,2021,1140.0,Natural
Saskatchewan,21LA-FRASER,57.055983,-104.846383,2021,24293.4,Natural
Saskatchewan,21LA-BRIGGS,57.98875,-104.694033,2021,23125.5,Natural
Ontario,RED57,51.3243,-94.4933,2021,1404.699951,Natural
Ontario,RED51,52.5677,-94.8214,2021,53521.89844,Natural
British Columbia,2021-G80997,57.4972,-123.0157,2021,6398.5,Natural
British Columbia,2021-G91020,57.7957,-122.8647,2021,3470.0,Natural
British Columbia,2021-K21001,50.9096,-120.8122,2021,95980.0,Human
British Columbia,2021-G81007,57.1428,-121.865,2021,3359.0,Natural
Alberta,MWF-025-2021,57.802733,-113.388867,2021,1536.1,Natural
Saskatchewan,21BN-LOCK,55.755957,-109.273838,2021,24234.2,Natural
Saskatchewan,21LA-TIGHE,57.711033,-103.150683,2021,1961.5,Natural
Manitoba,MB2021EA096,52.29641298,-96.08560565,2021,271700.52,Natural
Yukon,2021WL001,60.70795,-125.2876167,2021,1200.0,Natural
British Columbia,2021-C31056,52.2685,-120.8955,2021,1834.0,Human
Manitoba,MB2021EA091,52.69430342,-96.71758033,2021,8146.909717,Natural
Ontario,SLK43,51.8093,-90.5985,2021,8509.5,Natural
Ontario,FOR55,48.36,-91.3995,2021,3696.0,Natural
Saskatchewan,21LA-TAYLOR,56.301379,-105.262104,2021,19851.0,Natural
Saskatchewan,21SR-ACTON,59.326996,-104.761018,2021,18966.7,Natural
Northwest Territories,ZF006-21,64.419333,-118.704167,2021,567.7,Natural
Northwest Territories,ZF007-21,64.720333,-118.672167,2021,572.1,Natural
Northwest Territories,EV007-21,65.8538,-132.0166,2021,211.0,Natural
Saskatchewan,21SR-DUNES,58.961533,-109.41405,2021,914.0,Natural
Saskatchewan,21LA-WHEELER,57.506461,-104.937956,2021,273.0,Natural
Northwest Territories,ZF004-21,63.724167,-115.555167,2021,870.3,Natural
Saskatchewan,21LA-GREG,55.171617,-106.105767,2021,602.0,Natural
Saskatchewan,21LA-HIGHWAY,55.110267,-106.596917,2021,785.8,Natural
Yukon,2021OC002,67.32333333,-138.8388333,2021,450.0,Natural
Ontario,NIP24,53.0557,-88.2898,2021,316.2999878,Natural
Yukon,2021MA003,63.77893333,-137.29515,2021,3379.0,Natural
Quebec,20211080409,53.3322,-78.4345,2021,316.4,Natural
Quebec,20211080412,52.6301,-76.8588,2021,247.1,Natural
Quebec,20211080434,53.622,-73.5333,2021,3207.3,Natural
Ontario,COC13,49.9786,-80.2252,2021,271.6000061,Natural
Quebec,20211080400,48.5108,-77.8375,2021,437.8,Human
Ontario,SLK17,50.8662,-91.8695,2021,1690.800049,Human
British Columbia,2021-K70804,50.1776,-121.5657,2021,5017.1,Human
Northwest Territories,2021NA001,61.681667,-123.753611,2021,12230.2,Natural
Ontario,FOR38,48.2569,-91.7126,2021,3380.199951,Natural
Ontario,FOR40,48.2072,-91.6204,2021,937.0,Natural
Ontario,FOR35,48.2401,-91.888,2021,37158.39844,Natural
Quebec,20211080306,48.9076,-70.456,2021,212.8,Human
Quebec,20211080326,49.4379,-71.3612,2021,3397.9,Natural
Quebec,20211080329,49.9876,-71.0024,2021,1611.9,Natural
Ontario,THU33,49.6261,-89.6898,2021,216.699997,Natural
Ontario,NIP18,52.1116,-87.7849,2021,368.5,Natural
British Columbia,2021-G61192,55.7882,-124.5433,2021,13659.0,Natural
Ontario,KEN51,50.6897,-95.0167,2021,191810.0,Natural
Saskatchewan,21LF-GULL,53.952641,-105.150176,2021,1081.9,Natural
Saskatchewan,21BN-BHILL,55.996267,-109.43225,2021,291.7,Natural
Ontario,DRY31,50.1285,-90.3268,2021,1038.800049,Natural
Ontario,NIP7,49.0962,-87.6431,2021,2410.0,Natural
Ontario,FOR47,48.867,-93.6147,2021,407.0,Natural
Ontario,FOR19,48.6207,-91.0363,2021,265.0,Natural
Ontario,THU36,48.8815,-90.7882,2021,613.2999878,Natural
Saskatchewan,21BN-DILLON,55.763917,-109.4432,2021,594.2,Natural
Saskatchewan,21LX-SWAN1,54.874267,-106.691067,2021,1392.9,Natural
Quebec,20211080294,53.3684,-72.4091,2021,297.3,Natural
Quebec,20211080307,49.6026,-68.4614,2021,490.0,Natural
Northwest Territories,FS001-21,62.216667,-122.433333,2021,6024.8,Natural
British Columbia,2021-C21250,51.43,-122.2371,2021,12040.0,Natural
Ontario,SLK46,52.0461,-91.2858,2021,3987.699951,Natural
Ontario,RED16,51.3855,-94.9221,2021,158737.0,Natural
Quebec,20211080293,53.7725,-71.6012,2021,339.8,Natural
Quebec,20211080295,53.6643,-72.6302,2021,910.9,Natural
Manitoba,MB2021EA065,51.26743766,-97.50710606,2021,286.5755682,Human
Manitoba,MB2021EA063,51.7089232,-99.18073791,2021,397.6594056,Human
Saskatchewan,21PA-JSIR02,53.11695,-104.88425,2021,236.7,Human
Manitoba,MB2021WE010,51.62600204,-100.3507944,2021,7936.380801,Human
Manitoba,MB2021WE011,51.96398223,-100.5179337,2021,7546.427213,Unknown
Manitoba,MB2021WE013,52.60155445,-100.8924577,2021,1159.658091,Unknown
Manitoba,MB2021EA059,49.91610539,-95.34079361,2021,1431.390387,Human
Saskatchewan,21PA-CLOVERDALE,53.235783,-105.665783,2021,5469.9,Natural
Saskatchewan,21PA-DIVISION,53.269967,-104.7166,2021,1239.7,Natural
Manitoba,MB2021EA056,50.02045437,-95.91925458,2021,7528.869076,Human
Manitoba,MB2021WE007,49.71828165,-99.43239963,2021,5974.597779,Unknown
Ontario,KEN25,49.8115,-94.0268,2021,2062.0,Human
Ontario,RED10,50.7696,-94.6797,2021,6004.299805,Natural
British Columbia,2021-G31653,53.0015,-120.3473,2021,237.0,Natural
Manitoba,MB2021EA055,50.25999941,-96.79305567,2021,1293.410001,Unknown
Ontario,SLK5,50.4723,-92.1404,2021,226.1000061,Natural
Ontario,KEN30,49.863,-93.9732,2021,1162.0,Natural
Ontario,KEN27,50.2309,-94.6187,2021,4480.0,Natural
Ontario,SLK3,50.43,-92.329,2021,3103.800049,Natural
Manitoba,MB2021WE006,52.21368392,-100.1743056,2021,4323.018127,Human
Manitoba,MB2021EA047,52.10003332,-99.64381595,2021,21195.50013,Human
Saskatchewan,21SF-KFN01,50.539775,-102.599992,2021,1682.3,Human
Manitoba,MB2021EA042,51.79343436,-98.39381145,2021,892.5452615,Human
Manitoba,MB2021EA044,52.00460961,-99.15760189,2021,173626.8091,Human
Manitoba,MB2021WE005,51.73485257,-100.1489919,2021,10078.69583,Human
Manitoba,MB2021WE003,52.75333311,-100.7216666,2021,596.958462,Human
Manitoba,MB2021EA033,49.33256007,-96.20851383,2021,1977.38343,Human
Alberta,WCU-002-2021,53.3649,-114.820492,2021,2219.0,Unknown
Alberta,LCU-002-2021,54.602017,-112.386683,2021,208.11,Unknown
Alberta,WCU-003-2021,53.761017,-114.646717,2021,400.0,Unknown
Manitoba,MB2021EA025,51.63125501,-98.59382075,2021,978.8017763,Human
Alberta,EWF-036-2021,53.414,-115.785417,2021,479.3,Human
Saskatchewan,21HB-PELLY,51.990217,-101.930217,2021,381.0,Human
Manitoba,MB2021EA019,51.73393665,-98.45958012,2021,665.1855834,Human
Ontario,FOR3,48.8193,-94.5632,2021,592.0,Human
Manitoba,MB2021EA015,50.94632252,-97.7618377,2021,230.9800217,Human
British Columbia,2021-K60230,50.1046,-120.26,2021,500.0,Human
Saskatchewan,21DN-TRACKS01,52.62956,-109.558145,2021,248.9,Human
Manitoba,MB2021EA014,51.33527765,-97.53472224,2021,294.4995079,Human
Manitoba,MB2021EA012,51.72998736,-99.08083611,2021,506.3248735,Human
Manitoba,MB2021EA011,51.7880654,-98.37077053,2021,791.6915597,Human
Manitoba,MB2021EA008,51.72154845,-98.60601719,2021,326.6787164,Human
Manitoba,MB2021EA004,51.87448119,-98.34275825,2021,215.3696991,Human
Manitoba,MB2021EA005,51.84224179,-98.34301302,2021,912.9200882,Human
Manitoba,MB2021EA006,51.83555518,-98.36972225,2021,919.6145107,Human
Manitoba,MB2021EA007,51.78564631,-99.20906582,2021,1333.681673,Human
British Columbia,2021-K60064,50.0834,-120.5157,2021,839.0,Human
Manitoba,MB2021WE001,49.881111,-99.55,2021,224.854354,Human
Manitoba,MB2021EA002,49.60576764,-96.34493277,2021,215.4283989,Human
Alberta,CMD-001-2021,49.97845,-113.59695,2021,6500.0,Unknown
Alberta,CWF-156-2020,51.322217,-115.2826,2020,2420.0,Human
British Columbia,2020-K51287,49.41,-119.5514,2020,2122.5,Unknown
British Columbia,2020-N21257,50.068,-116.1429,2020,7645.0,Natural
British Columbia,2020-V51227,50.8476,-124.5364,2020,388.0,Natural
British Columbia,2020-N51250,49.5817,-117.6962,2020,1302.0,Natural
British Columbia,2020-V31179,50.2067,-122.5038,2020,367.5,Natural
Manitoba,MB2020NO050,56.469167,-90.654722,2020,254.9,Natural
Newfoundland and Labrador,2020_616,53.76,-66.15,2020,1030.0,Natural
Ontario,RED49,50.9709,-93.9093,2020,552.0,Human
Ontario,NIP45,51.4206,-88.6421,2020,6678.0,Natural
Ontario,NIP47,51.5281,-86.9343,2020,707.4000244,Natural
Ontario,NIP49,51.3316,-85.6571,2020,391.3999939,Natural
Northwest Territories,SS032-20,60.0645,-118.231166,2020,203.0,Natural
Manitoba,MB2020NO049,57.583611,-101.356944,2020,202.8,Natural
Quebec,20201080622,51.5378,-61.8633,2020,439.0,Natural
Quebec,20201080634,51.9117,-59.7019,2020,604.4,Natural
Manitoba,MB2020NO029,57.6,-96.646389,2020,248.9,Natural
Manitoba,MB2020NO027,57.436944,-96.176111,2020,1814.1,Natural
Manitoba,MB2020NO021,57.209444,-98.147222,2020,352.1,Natural
Manitoba,MB2020NO023,57.264722,-93.480556,2020,661.8,Natural
Manitoba,MB2020NO022,57.198333,-93.471667,2020,723.0,Natural
Ontario,COC18,55.0804,-88.9964,2020,250.0,Natural
Ontario,SLK26,54.042,-90.2941,2020,260.0,Natural
British Columbia,2020-N71114,49.8152,-117.0298,2020,1160.0,Natural
Ontario,COC9,53.9908,-83.5694,2020,200.0,Natural
Newfoundland and Labrador,2020_605,52.28,-66.15,2020,2002.5,Natural
Newfoundland and Labrador,2020_606,54.02,-60.77,2020,388.0,Natural
Newfoundland and Labrador,2020_607,54.15,-59.22,2020,373.0,Natural
Quebec,20201080588,52.8739,-68.2114,2020,321.9,Natural
Quebec,20201080580,53.1542,-77.0434,2020,294.9,Natural
Quebec,20201080565,52.4331,-70.0842,2020,1074.9,Natural
Ontario,RED29,52.6455,-94.5349,2020,283.0,Natural
Quebec,20201080538,53.4744,-70.1792,2020,2651.4,Natural
Quebec,20201080546,53.3819,-70.5653,2020,1416.4,Natural
Ontario,RED18,53.4969,-92.9962,2020,1693.0,Natural
Northwest Territories,ZF016-20,64.919166,-117.404166,2020,900.0,Natural
Northwest Territories,ZF015-20,64.925,-117.441666,2020,234.0,Natural
Northwest Territories,SS016-20,60.027333,-111.0425,2020,489.61,Natural
Saskatchewan,20SR-OLDMAN,59.629476,-107.521191,2020,301.5,Natural
Northwest Territories,ZF013-20,62.840333,-116.769,2020,550.0,Natural
Alberta,MWF-014-2020,59.064833,-110.731,2020,254.2,Natural
Northwest Territories,SS021-20,60.5455,-107.6015,2020,1000.0,Natural
Northwest Territories,SS020-20,60.307333,-109.420166,2020,200.0,Natural
Northwest Territories,ZF012-20,64.606166,-119.737166,2020,1150.0,Natural
Northwest Territories,EV003-20,68.253833,-133.769666,2020,354.0,Human
Northwest Territories,SS014-20,60.265333,-105.836833,2020,2029.79,Natural
Northwest Territories,SS008-20,60.515166,-105.548166,2020,2117.31,Natural
Northwest Territories,SS009-20,60.566666,-104.5,2020,1000.0,Natural
Northwest Territories,SS011-20,61.466666,-107.983333,2020,700.0,Natural
Northwest Territories,SS010-20,61.066666,-104.65,2020,1000.0,Natural
Northwest Territories,SS006-20,61.280333,-112.012833,2020,1969.21,Natural
Northwest Territories,FS004-20,63.278166,-121.660333,2020,2971.3,Natural
Northwest Territories,FS001-20,63.181,-121.372333,2020,3724.0,Natural
Quebec,20201080433,47.4653,-69.922,2020,361.1,Human
Ontario,RED22,53.0434,-94.8175,2020,1109.300049,Natural
Ontario,COC7,53.083,-83.3351,2020,500.0,Natural
Quebec,20201080395,49.6073,-71.5166,2020,50891.5,Human
Ontario,RED9,51.5888,-94.8599,2020,363.1000061,Natural
Yukon,2020MA001,65.25503333,-135.9007333,2020,200.0,Natural
Saskatchewan,20HB-SLASH,52.872333,-102.838717,2020,293.6,Natural
Yukon,2020OC003,67.91171667,-138.7592333,2020,1047.0,Natural
Yukon,2020OC002,66.49645,-138.0443833,2020,1800.0,Natural
Yukon,2020OC001,66.30716667,-136.7602167,2020,200.0,Natural
Manitoba,MB2020EA036,51.386667,-96.954444,2020,479.0,Human
Manitoba,MB2020EA035,50.798333,-95.769167,2020,9028.8,Natural
Manitoba,MB2020WE011,51.814722,-100.311944,2020,1228.8,Human
New Brunswick,NO-2-16-38,46.58783,-65.721,2020,838.0,Human
Manitoba,MB2020WE008,51.890278,-100.481389,2020,2000.0,Human
Manitoba,MB2020WE009,51.77,-100.469167,2020,2230.0,Human
Manitoba,MB2020EA027,49.398611,-96.110833,2020,232.9,Human
Manitoba,MB2020EA021,51.910278,-98.314444,2020,264.4,Human
Manitoba,MB2020WE004,52.085833,-100.179722,2020,25260.3,Human
Saskatchewan,20ER-GOODSPIRIT,51.49995,-102.641917,2020,773.2,Unknown
Manitoba,MB2020EA017,51.881944,-99.560556,2020,205.0,Human
Saskatchewan,20PA-ENGLISH,53.308333,-105.016667,2020,40898.4,Human
Alberta,SWF-013-2020,55.246944,-116.609589,2020,243.79,Human
Manitoba,MB2020EA011,52.012778,-99.646389,2020,1291.0,Human
British Columbia,2020-V30067,49.889,-123.2615,2020,203.0,Human
British Columbia,2019-R91233,57.8689,-132.023,2019,4600.0,Natural
British Columbia,2019-K51244,49.2563,-119.5052,2019,2632.0,Human
Northwest Territories,ZF056-19,63.178833,-106.256666,2019,500.0,Natural
Yukon,2019OC005,68.10615,-139.49275,2019,363.0,Natural
Ontario,RED59,51.1928,-94.6378,2019,3961.899902,Natural
Ontario,RED62,53.5655,-93.7541,2019,517.7000122,Natural
Manitoba,MB2019NE083,59.022778,-97.296111,2019,590.6,Natural
Manitoba,MB2019NE080,58.274167,-99.978056,2019,225.2,Natural
Manitoba,MB2019NE078,57.475278,-100.909722,2019,315.9,Natural
Quebec,20191080204,51.955,-63.6117,2019,1009.5,Natural
Quebec,20191080194,51.6479,-63.8619,2019,352.1,Natural
Quebec,20191080202,51.3194,-65.3778,2019,549.7,Natural
Quebec,20191080198,51.2545,-64.8448,2019,1178.7,Natural
Ontario,SLK38,53.1334,-90.7152,2019,408.0,Natural
Ontario,SLK40,53.2496,-92.1944,2019,226.0,Natural
Yukon,2019OC003,66.71986667,-138.2536,2019,3000.0,Natural
Yukon,2019MA024,63.6889,-132.3137167,2019,1000.0,Natural
Northwest Territories,ZF051-19,65.508333,-117.784333,2019,300.0,Natural
Northwest Territories,ZF047-19,63.069333,-110.609666,2019,300.0,Natural
Northwest Territories,SS036-19,60.690166,-106.722666,2019,492.0,Natural
Ontario,SLK37,53.5194,-91.6116,2019,333.0,Natural
British Columbia,2019-K51089,49.0681,-119.6924,2019,403.0,Natural
Alberta,CCU003,49.8352,-110.096817,2019,1668.2,Unknown
Saskatchewan,19LA-BROWN,56.543367,-105.958883,2019,288.6,Natural
Manitoba,MB2019NE072,56.8625,-100.983611,2019,793.2,Natural
Yukon,2019DA038,65.97301667,-136.4125833,2019,700.0,Natural
Northwest Territories,EV005-19,67.272166,-131.572833,2019,52813.0,Natural
Northwest Territories,SS032-19,60.765833,-107.311666,2019,1575.0,Natural
Northwest Territories,SS031-19,60.340666,-107.5655,2019,883.0,Natural
Alberta,2019WB25,59.8225,-113.2941,2019,397.5,Natural
Alberta,2019WB26,59.7947,-112.2764,2019,757.3,Natural
Alberta,2019WB28,59.8358,-112.1207,2019,338.2,Natural
Ontario,SLK33,53.5748,-92.161,2019,988.9000244,Natural
Alberta,MWF075,57.88644,-112.957952,2019,249.3,Natural
Saskatchewan,19SR-DEERING,58.353067,-102.061833,2019,414.0,Natural
Yukon,2019DA037,64.8215,-136.8366667,2019,300.0,Natural
Northwest Territories,VQ014-19,67.4625,-125.639833,2019,200.0,Natural
Northwest Territories,ZF045-19,64.233333,-114.266666,2019,628.0,Natural
Northwest Territories,SS030-19,60.985166,-109.57,2019,456.0,Natural
Manitoba,MB2019NE054,59.523611,-100.310833,2019,2411.8,Natural
Northwest Territories,FS015-19,62.496666,-122.384166,2019,1354.0,Natural
Northwest Territories,SS029-19,60.949166,-109.382333,2019,1949.0,Natural
Northwest Territories,SS035-19,61.748,-110.2995,2019,2148.01,Natural
Alberta,HWF140,57.701633,-114.865,2019,273.0,Natural
Yukon,2019OC001,67.4881,-140.6416333,2019,2454.0,Natural
Yukon,2019DA034,65.11136667,-140.0582667,2019,250.0,Natural
Yukon,2019MA020,63.49601667,-134.8942833,2019,1350.0,Natural
Northwest Territories,ZF031-19,64.258333,-119.125,2019,1500.0,Natural
Northwest Territories,ZF057-19,62.917166,-104.8655,2019,750.0,Natural
Alberta,2019WB20,59.8929,-113.3107,2019,2572.2,Natural
Northwest Territories,2019WB23,60.0241,-113.3945,2019,217.9,Natural
Saskatchewan,19SR-MCINTYRE,59.447917,-104.1732,2019,363.2,Natural
Saskatchewan,19SR-KOSDAW,58.912717,-103.935267,2019,1924.1,Natural
Northwest Territories,FS019-19,63.625833,-123.1255,2019,225.0,Natural
Northwest Territories,ZF030-19,63.931666,-115.108333,2019,3834.0,Natural
Alberta,MWF063,59.602517,-110.6879,2019,593.9,Natural
Alberta,HWF132,58.927483,-115.559167,2019,1027.8,Natural
Alberta,HWF133,58.86,-114.793333,2019,12385.0,Natural
Saskatchewan,19SR-JERVOIS,59.321417,-104.409933,2019,1168.7,Natural
Saskatchewan,19SR-OBST,58.879767,-103.420517,2019,4416.0,Natural
Manitoba,MB2019NE051,58.704722,-97.543333,2019,310.6,Natural
Northwest Territories,SS026-19,61.25,-107.516666,2019,6054.0,Natural
Alberta,2019WB13,59.4308,-113.3323,2019,590.9,Natural
Alberta,2019WB14,59.6755,-113.7076,2019,970.5,Natural
Alberta,2019WB15,59.6704,-113.6722,2019,1760.7,Natural
Northwest Territories,2019WB17,60.1682,-114.8633,2019,1896.1,Natural
Alberta,MWF056,59.348817,-111.083183,2019,5028.8,Natural
Saskatchewan,19SR-LYTLE,59.418795,-105.395369,2019,1485.4,Natural
Saskatchewan,19SR-SHOAL,59.638908,-105.52139,2019,3013.8,Natural
Saskatchewan,19SR-PERCH,59.081083,-104.23895,2019,7915.6,Natural
Saskatchewan,19SR-OTT,59.417494,-104.793145,2019,3667.6,Natural
Saskatchewan,19SR-RAMSDELL,59.875467,-107.468733,2019,776.2,Natural
Yukon,2019MA011,64.07966667,-137.4854667,2019,300.0,Natural
Yukon,2019MA010,63.9,-135.65,2019,6865.0,Natural
Yukon,2019MA008,63.46701667,-134.7275667,2019,1100.0,Natural
Northwest Territories,ZF028-19,64.044166,-114.865833,2019,265.0,Natural
Northwest Territories,ZF024-19,62.816666,-114.766666,2019,4084.0,Natural
Northwest Territories,SS023-19,60.959333,-111.9135,2019,3687.0,Natural
Northwest Territories,SS024-19,61.664666,-111.328166,2019,1917.0,Natural
Northwest Territories,2019WB11,60.0624,-114.3972,2019,2959.3,Natural
Alberta,MWF055,59.397383,-110.960983,2019,1038.5,Natural
Alberta,MWF054,59.367667,-110.925533,2019,5004.0,Natural
Alberta,MWF052,58.787133,-110.145967,2019,1599.0,Natural
Alberta,MWF051,58.647883,-110.31355,2019,36523.2,Natural
Northwest Territories,VQ004-19,64.202333,-125.836166,2019,3262.0,Natural
Northwest Territories,SS021-19,60.000833,-117.613333,2019,3298.0,Natural
Saskatchewan,19BN-TRAIL,58.193783,-109.594567,2019,18454.1,Natural
Yukon,2019MA007,64.23386667,-134.4362167,2019,1911.0,Natural
Northwest Territories,SS019-19,60.404666,-119.479333,2019,565.0,Natural
Alberta,CCU002,49.057354,-110.316141,2019,385.0,Unknown
Yukon,2019BC006,62.43518333,-138.4181667,2019,1000.0,Natural
Yukon,2019BC007,62.51666667,-138.8333333,2019,1000.0,Natural
Yukon,2019BC008,62.54791667,-138.88125,2019,200.0,Natural
Yukon,2019BC009,62.57116667,-138.7178333,2019,3000.0,Natural
Yukon,2019CA009,62.57117,-138.7178,2019,3000.0,Natural
Yukon,2019RR006,62.43073333,-131.1664167,2019,5000.0,Natural
British Columbia,2019-R90894,59.1299,-131.9359,2019,400.0,Natural
British Columbia,2019-R90881,59.4301,-134.3715,2019,1197.0,Natural
Yukon,2019MA006,63.46976667,-137.1489833,2019,4399.0,Natural
Yukon,2019BC005,62.27325,-140.7348667,2019,3280.0,Natural
Yukon,2019BC003,62.51353333,-139.6428667,2019,1925.0,Natural
Manitoba,MB2019EA061,52.640278,-95.611389,2019,3243.6,Natural
Yukon,2019CA005,62.8775,-137.5806667,2019,2400.0,Natural
Yukon,2019DA027,63.17383333,-140.0265,2019,1242.0,Natural
Ontario,COC10,50.4598,-79.8697,2019,317.0,Natural
Manitoba,MB2019NE037,54.513889,-94.708611,2019,378.2,Human
Manitoba,MB2019EA049,51.946111,-95.7575,2019,3166.9,Natural
Manitoba,MB2019EA053,51.837778,-96.219722,2019,3022.7,Natural
Manitoba,MB2019EA054,51.899444,-95.99,2019,4855.6,Natural
Manitoba,MB2019EA051,51.746667,-95.248889,2019,2790.1,Natural
Quebec,20191080116,52.5747,-76.5213,2019,408.5,Natural
Yukon,2019DA024,63.24556667,-138.8561167,2019,1100.0,Natural
Yukon,2019XY009,61.85466667,-134.4447333,2019,8315.0,Natural
Ontario,RED49,51.7691,-95.1515,2019,849.5,Natural
Manitoba,MB2019NE034,54.069444,-93.839167,2019,1615.6,Natural
Yukon,2019DA023,63.025,-138.9633333,2019,6000.0,Natural
Ontario,RED44,51.7493,-95.052,2019,8414.099609,Natural
Ontario,RED39,51.6457,-94.3116,2019,43308.30078,Natural
Ontario,RED38,51.7544,-94.1467,2019,1233.599976,Natural
Ontario,RED45,51.5278,-95.0679,2019,37770.30078,Natural
Manitoba,MB2019NW011,52.626944,-99.567778,2019,449.6,Natural
Yukon,2019MA005,63.90663333,-134.7082333,2019,20010.0,Natural
Alberta,2019WB9,59.9124,-113.5574,2019,18557.0,Natural
Northwest Territories,SS017-19,60.517166,-111.6315,2019,597.0,Natural
Yukon,2019DA020,63.87903333,-138.8752167,2019,14431.0,Natural
Northwest Territories,ZF015-19,63.122333,-111.100166,2019,329.0,Natural
Ontario,RED40,51.4267,-93.753,2019,30212.69922,Natural
Yukon,2019DA017,63.49781667,-139.2538167,2019,4428.0,Natural
Yukon,2019RR003,62.53716667,-130.9663333,2019,15000.0,Natural
Northwest Territories,SS016-19,60.485833,-106.416666,2019,622.0,Natural
Alberta,2019WB8,59.7928,-112.367,2019,663.2,Natural
Alberta,2019WB7,58.7327,-112.0187,2019,676.1,Natural
Saskatchewan,19LA-KEY,57.509833,-104.987667,2019,1247.0,Natural
Alberta,HWF088,58.846433,-117.5365,2019,216.0,Natural
Northwest Territories,2019WB6,60.152,-114.4474,2019,339.1,Natural
Alberta,LWF123,56.102367,-111.1708,2019,1711.3,Natural
Northwest Territories,SS010-19,60.046166,-118.481833,2019,3929.0,Natural
Manitoba,MB2019NE020,53.400556,-97.100278,2019,15233.8,Natural
Ontario,RED23,52.7452,-93.2155,2019,96535.89844,Natural
Ontario,RED25,52.8826,-94.5989,2019,9592.799805,Natural
Yukon,2019MA004,64.37683333,-135.1446667,2019,3300.0,Natural
Manitoba,MB2019NE019,53.533333,-96.149722,2019,22211.6,Natural
Ontario,RED24,52.5163,-94.3683,2019,17615.30078,Natural
Yukon,2019DA015,65.43238333,-136.6897,2019,200.0,Natural
Quebec,20191080072,49.146,-75.3696,2019,4967.8,Human
Manitoba,MB2019EA027,51.514444,-96.516389,2019,237.0,Natural
Yukon,2019DA013,64.35603333,-140.2882833,2019,705.0,Human
Ontario,RED17,51.4092,-93.0744,2019,6507.600098,Human
Ontario,SLK8,51.4806,-90.1822,2019,824.2000122,Human
Ontario,TIM2,47.6816,-81.8026,2019,4645.0,Human
British Columbia,2019-K20487,50.7564,-120.8799,2019,200.0,Human
Alberta,2019WB5,59.8514,-114.7661,2019,3403.7,Natural
Alberta,SWF090,56.565313,-114.256105,2019,215.7,Natural
Saskatchewan,19LA-CLOSE,57.938103,-104.886575,2019,297.0,Human
Alberta,SWF079,56.291167,-113.9738,2019,1001.3,Natural
Yukon,2019BC001,62.97505,-140.9845833,2019,8986.0,Natural
Ontario,RED14,51.8291,-93.9338,2019,3835.100098,Human
British Columbia,2019-R90376,59.5711,-128.6357,2019,1935.0,Natural
Alberta,HWF066,59.606867,-117.434033,2019,74331.6,Unknown
Yukon,2019WL001,60.31503333,-126.26335,2019,14132.0,Natural
Northwest Territories,FS005-19,60.668333,-120.252,2019,3477.0,Natural
British Columbia,2019-G90363,59.8562,-124.273,2019,5602.0,Natural
Alberta,PWF070,57.85195,-118.341233,2019,251.0,Human
Alberta,SWF069,56.402597,-114.363598,2019,58578.9,Natural
Yukon,2019HJ002,60.81766667,-137.6565,2019,604.0,Human
Yukon,2019DA011,63.05328333,-139.20955,2019,224.0,Natural
Yukon,2019DA010,63.64226667,-137.9234167,2019,111180.0,Natural
British Columbia,2019-G90410,58.935,-127.383,2019,509.32,Human
British Columbia,2019-G80321,58.2048,-120.4293,2019,650.0,Natural
Alberta,SWF050,55.655167,-114.544067,2019,1456.4,Human
Alberta,SWF049,55.716367,-114.40635,2019,273045.0,Unknown
Alberta,2019WB3,59.2879,-112.0985,2019,78752.6,Unknown
Alberta,2019WB2,59.1603,-113.9357,2019,2624.7,Unknown
Manitoba,MB2019CE041,51.931389,-99.631667,2019,296.0,Human
British Columbia,2019-K50271,49.0401,-119.6498,2019,507.0,Unknown
Manitoba,MB2019CE038,51.6425,-98.584722,2019,799.2,Human
Manitoba,MB2019CE039,51.244444,-97.646667,2019,481.5,Human
British Columbia,2019-G80260,56.4451,-121.6629,2019,300.0,Human
Alberta,HWF042,58.285283,-117.273167,2019,350134.89,Unknown
British Columbia,2019-G40226,54.0432,-124.7943,2019,236.0,Human
Alberta,PWF052,57.087417,-117.928833,2019,55179.0,Unknown
Alberta,GCU001,56.01755,-119.2198,2019,373.4,Unknown
Manitoba,MB2019CE033,51.754722,-98.567222,2019,253.5,Human
Saskatchewan,19DN-PAWRPB1,54.90805,-109.960633,2019,250.0,Human
Manitoba,MB2019CE018,51.707222,-99.181944,2019,874.8,Human
Manitoba,MB2019CE015,51.512222,-98.656667,2019,842.7,Human
Manitoba,MB2019CE013,51.813333,-99.415556,2019,527.8,Human
Alberta,SWF018,55.26675,-116.736035,2019,299.1,Human
Manitoba,MB2019CE010,51.773889,-98.374722,2019,485.5,Human
Manitoba,MB2019CE001,51.192222,-98.242222,2019,449.5,Human
Alberta,HWF007,58.452,-114.412033,2019,213.0,Human
British Columbia,2018-K23206,50.7713,-119.7506,2019,250.0,Unknown
Alberta,EWF121,53.076067,-117.131367,2018,397.73,Human
Manitoba,MB2018NE179,56.15555556,-90.95027778,2018,299.0,Natural
British Columbia,2018-V52889,50.2898,-124.7157,2018,658.0,Human
,2018WL2,48.9934,-113.9395,2018,272.0,Unknown
British Columbia,2018-N22883,51.1689,-117.2551,2018,767.0,Natural
Manitoba,MB2018EA158,52.25027778,-96.64916667,2018,300.0,Natural
Manitoba,MB2018EA159,51.27555556,-95.17583333,2018,254.0,Natural
Saskatchewan,18SR-SMITH,58.351867,-106.588817,2018,4696.8,Natural
Alberta,MWF095,59.715083,-110.712383,2018,608.13,Natural
Saskatchewan,18SR-HAWKROCK,58.745167,-104.767433,2018,906.1,Natural
Manitoba,MB2018NE167,57.36666667,-97.00861111,2018,5951.4,Natural
British Columbia,2018-R92725,59.4884,-129.4953,2018,2514.0,Natural
British Columbia,2018-G62717,56.1406,-125.6552,2018,600.0,Natural
Alberta,HWF212,59.15325,-114.068567,2018,6728.0,Natural
Alberta,2018WB14,59.141,-113.9928,2018,3582.3,Natural
British Columbia,2018-K42705,50.2878,-118.7019,2018,255.0,Natural
Manitoba,2018WP1,57.869773,-93.772631,2018,200.0,Natural
British Columbia,2018-K62690,49.1829,-120.3105,2018,13626.0,Natural
British Columbia,2018-K52670,49.2539,-119.909,2018,1380.0,Natural
British Columbia,2018-C12637,53.1088,-123.8983,2018,370.0,Natural
British Columbia,2018-C52646,51.9737,-125.5419,2018,1386.16,Natural
British Columbia,2018-G32617,52.2909,-119.199,2018,320.0,Natural
Saskatchewan,2018GR12,49.0559,-106.6998,2018,330.0,Natural
British Columbia,2018-R92631,59.515,-129.13,2018,5464.0,Natural
British Columbia,2018-N52571,49.0047,-118.0555,2018,377.0,Natural
British Columbia,2018-C42820,52.148,-120.6935,2018,350.0,Natural
British Columbia,2018-C12594,52.7536,-124.5121,2018,10687.0,Natural
British Columbia,2018-N42593,51.7831,-117.5186,2018,272.0,Natural
British Columbia,2018-N42490,51.2803,-116.7411,2018,201.0,Natural
British Columbia,2018-N12563,49.4058,-115.111,2018,458.0,Natural
British Columbia,2018-N12574,49.6838,-114.7349,2018,582.0,Natural
British Columbia,2018-N52721,50.2743,-118.134,2018,346.0,Natural
British Columbia,2018-N52792,50.3951,-118.1811,2018,677.0,Natural
British Columbia,2018-N52849,50.1121,-118.1721,2018,250.0,Natural
British Columbia,2018-N52471,50.0339,-117.4736,2018,558.0,Natural
British Columbia,2018-N52548,49.3774,-117.8816,2018,3193.0,Natural
British Columbia,2018-N52566,49.707,-118.1559,2018,1195.0,Natural
British Columbia,2018-N52723,49.5583,-118.2178,2018,548.0,Natural
British Columbia,2018-N52489,49.4897,-118.0644,2018,3849.0,Natural
British Columbia,2018-N52497,49.4042,-118.0955,2018,2227.0,Natural
British Columbia,2018-N62729,49.4543,-118.359,2018,415.0,Natural
British Columbia,2018-N12515,49.0723,-115.4571,2018,2392.0,Natural
British Columbia,2018-V92456,50.3656,-127.1902,2018,779.0,Natural
British Columbia,2018-V92595,50.0767,-126.4814,2018,448.0,Natural
British Columbia,2018-V82480,50.2868,-127.1087,2018,1070.0,Natural
British Columbia,2018-V82525,50.1626,-126.9296,2018,981.0,Natural
British Columbia,2018-V82888,49.9129,-126.9648,2018,284.2,Natural
Manitoba,MB2018NE178,57.86,-93.78166667,2018,253.0,Natural
British Columbia,2018GL10,51.3974,-117.5793,2018,201.5,Natural
British Columbia,2018-N12413,49.8293,-115.9438,2018,714.0,Natural
British Columbia,2018-N12395,49.4919,-114.8611,2018,956.0,Human
British Columbia,2018-V92443,50.1868,-126.8701,2018,260.0,Natural
British Columbia,2018-V82579,49.9529,-126.979,2018,800.0,Natural
British Columbia,2018-R42356,55.2038,-128.1227,2018,357.0,Natural
British Columbia,2018-G32369,53.04,-119.8151,2018,485.0,Natural
British Columbia,2018-N42384,51.4557,-116.8924,2018,221.0,Natural
British Columbia,2018-K52361,49.9865,-119.9476,2018,642.0,Natural
Northwest Territories,SS009-18,60.858333,-102.371333,2018,223.0,Natural
Northwest Territories,FS025-18,60.0,-122.2355,2018,2269.3,Natural
British Columbia,2018-G92313,59.0083,-121.847,2018,374.5,Natural
British Columbia,2018-G92334,59.7041,-122.9826,2018,872.3,Natural
British Columbia,2018-C12328,53.1731,-123.5254,2018,8277.5,Natural
British Columbia,2018-V12311,49.3148,-121.6702,2018,427.0,Human
British Columbia,2018-R12315,53.1507,-126.5614,2018,87684.96,Natural
British Columbia,2018-K62317,49.7773,-121.1585,2018,2432.0,Natural
Saskatchewan,18BN-SMOKE,56.669383,-107.951833,2018,4118.0,Natural
British Columbia,2018-R92303,57.6019,-131.0149,2018,11000.0,Natural
British Columbia,2018-C12302,52.783,-122.8101,2018,4636.0,Natural
British Columbia,2018-V52370,50.8801,-124.6866,2018,1100.0,Natural
British Columbia,2018-R22298,54.4721,-126.4002,2018,216.6,Human
British Columbia,2018-K72289,50.5879,-122.4996,2018,848.0,Natural
Alberta,RWF049,51.85565,-115.704317,2018,1129.0,Natural
British Columbia,2018-R22258,55.1578,-126.1788,2018,3366.0,Natural
British Columbia,2018-R12270,53.4735,-125.6034,2018,9253.0,Natural
British Columbia,2018-K22285,51.9062,-119.0734,2018,313.0,Natural
Northwest Territories,SS008-18,60.128166,-106.305833,2018,1919.1,Natural
Ontario,THU52,50.6996,-89.7669,2018,8306.599609,Natural
British Columbia,2018-R32182,55.1115,-126.653,2018,2524.0,Natural
British Columbia,2018-G32211,52.2945,-118.7266,2018,236.0,Natural
British Columbia,2018-K22198,51.9564,-120.3083,2018,1050.0,Natural
British Columbia,2018-R92132,59.4452,-128.6512,2018,156775.0,Natural
British Columbia,2018-R92162,57.91,-130.6285,2018,2568.0,Natural
British Columbia,2018-V12179,49.6921,-121.5444,2018,410.6,Natural
British Columbia,2018-V12169,49.7387,-121.2168,2018,281.7,Natural
British Columbia,2018-V12167,49.1431,-121.186,2018,5949.0,Natural
Saskatchewan,18SR-SNOOK,59.693556,-109.384004,2018,1107.5,Natural
Alberta,2018WB12,59.3109,-112.0929,2018,4752.6,Natural
Ontario,RED170,52.0648,-95.0591,2018,9401.099609,Natural
British Columbia,2018-G92084,58.9445,-120.7005,2018,17896.6,Natural
British Columbia,2018-R12068,53.3606,-126.7467,2018,60631.83,Natural
British Columbia,2018-K42067,50.5934,-118.5665,2018,504.0,Natural
Manitoba,MB2018NE161,56.89861111,-92.93027778,2018,240.0,Natural
British Columbia,2018-G82215,57.4487,-121.1231,2018,23042.0,Natural
British Columbia,2018-C22371,51.8885,-122.2253,2018,300.0,Natural
British Columbia,2018-R32009,55.5305,-126.8278,2018,884.0,Natural
British Columbia,2018-G32051,52.3678,-118.5952,2018,10622.0,Natural
British Columbia,2018-G42036,53.5361,-124.4761,2018,224.0,Natural
British Columbia,2018-N72106,50.2327,-117.1555,2018,1045.0,Natural
British Columbia,2018-N52073,50.0804,-117.6024,2018,624.0,Natural
Yukon,2018TE002,60.49733333,-132.78605,2018,996.0,Natural
British Columbia,2018-R91655,58.4927,-130.9213,2018,3531.0,Natural
British Columbia,2018-R91947,57.9006,-131.252,2018,121215.0,Natural
British Columbia,2018-R41980,55.5625,-127.806,2018,562.0,Natural
British Columbia,2018-C11937,53.1239,-123.824,2018,13433.1,Natural
British Columbia,2018-C11837,52.9205,-125.2018,2018,12284.0,Natural
British Columbia,2018-C42331,51.2693,-120.8583,2018,245.0,Natural
British Columbia,2018-C42324,51.2507,-121.2912,2018,609.0,Natural
British Columbia,2018-V52153,50.9039,-124.1441,2018,2900.0,Natural
British Columbia,2018-V52743,50.7,-124.7304,2018,873.0,Natural
British Columbia,2018-R41913,55.6199,-127.2565,2018,10851.0,Natural
British Columbia,2018-R41945,55.6935,-127.8297,2018,2370.0,Natural
British Columbia,2018-G51928,55.7462,-125.8108,2018,1500.0,Natural
British Columbia,2018-R11921,53.9302,-125.3636,2018,21381.0,Natural
British Columbia,2018-N41889,51.6408,-118.4137,2018,481.0,Natural
British Columbia,2018-N21982,50.6709,-115.763,2018,3015.0,Natural
British Columbia,2018-N51880,50.4759,-117.8252,2018,234.0,Natural
British Columbia,2018-V92348,51.7617,-125.4193,2018,19050.2,Natural
Saskatchewan,18SR-DUM,58.874637,-109.539997,2018,6885.9,Natural
Saskatchewan,18BN-WOODS,56.6403,-107.986467,2018,7406.4,Natural
Saskatchewan,18BN-CARSWELL,58.706904,-109.174093,2018,5039.0,Natural
Saskatchewan,18BN-KEN,58.7063,-108.898083,2018,904.0,Natural
Manitoba,MB2018NE156,56.3375,-93.32388889,2018,635.0,Natural
Manitoba,MB2018NE157,56.30388889,-91.31194444,2018,311.0,Natural
Yukon,2018TE001,60.38523334,-131.67475,2018,3514.0,Natural
Yukon,2018XY011,60.02163334,-134.5851667,2018,2097.0,Natural
British Columbia,2018-G92052,58.7333,-127.7167,2018,2484.2,Natural
British Columbia,2018-C31678,52.4028,-121.1035,2018,1255.0,Natural
British Columbia,2018-C32603,52.6627,-120.6611,2018,1000.0,Natural
British Columbia,2018-C41844,52.0337,-120.6839,2018,407.0,Natural
British Columbia,2018-C41848,52.0631,-120.6626,2018,216.0,Natural
British Columbia,2018-C42358,52.0676,-120.445,2018,596.0,Natural
British Columbia,2018-C42138,51.9308,-120.9417,2018,587.0,Natural
British Columbia,2018-C42393,51.9851,-121.0548,2018,497.0,Natural
British Columbia,2018-C41745,51.4298,-121.9117,2018,7228.0,Natural
British Columbia,2018-R41684,56.1826,-127.8518,2018,1345.0,Natural
British Columbia,2018-R11683,53.7548,-125.3258,2018,8100.0,Natural
British Columbia,2018-R11796,53.8473,-125.9871,2018,47610.0,Natural
British Columbia,2018-R21721,53.9067,-127.0659,2018,86767.0,Natural
British Columbia,2018-G31718,52.4905,-118.7491,2018,803.0,Natural
British Columbia,2018-G31735,52.7728,-119.0516,2018,700.0,Natural
British Columbia,2018-N42293,51.6693,-118.5318,2018,338.0,Natural
British Columbia,2018-K41791,50.4238,-118.4569,2018,394.3,Unknown
British Columbia,2018-K41813,50.6212,-118.5988,2018,1370.4,Natural
British Columbia,2018-N21714,50.71,-116.39,2018,374.0,Natural
British Columbia,2018-K41800,50.1253,-118.8955,2018,858.0,Natural
British Columbia,2018-VA1964,52.7135,-126.2235,2018,44816.8,Natural
British Columbia,2018-VA1787,52.9253,-126.4012,2018,79394.0,Natural
Quebec,20181080524,51.399,-63.3979,2018,813.0,Natural
Yukon,2018WL012,60.06228334,-127.8375833,2018,1232.0,Natural
British Columbia,2018GL3,51.1067,-117.2675,2018,2324.0,Natural
British Columbia,2018KO6,50.9892,-115.9122,2018,3600.0,Natural
British Columbia,2018-R92033,59.8559,-128.6699,2018,100779.0,Natural
British Columbia,2018-G61601,56.6158,-124.282,2018,247.0,Natural
British Columbia,2018-G61633,55.7595,-124.842,2018,1110.0,Natural
British Columbia,2018-G61652,55.848,-125.0735,2018,2940.0,Natural
British Columbia,2018-G51634,55.1924,-125.3604,2018,2290.3,Natural
British Columbia,2018-G51636,55.4368,-125.3302,2018,1600.0,Natural
British Columbia,2018-G51632,54.8414,-124.6383,2018,8245.0,Natural
British Columbia,2018-G51653,55.1027,-125.7988,2018,2497.0,Natural
British Columbia,2018-G41607,53.3716,-124.5842,2018,20200.0,Human
Manitoba,MB2018NE152,56.99638889,-92.95666667,2018,568.0,Natural
Yukon,2018OC005,67.10015,-138.8843667,2018,1000.0,Natural
Yukon,2018OC006,66.41116667,-139.8546667,2018,200.0,Natural
Ontario,COC25,55.5882,-87.8163,2018,430.0,Natural
Ontario,COC23,50.2187,-81.6276,2018,375.0,Natural
British Columbia,2018-G61586,57.3765,-126.1253,2018,6987.0,Natural
British Columbia,2018-N51557,49.12,-117.1314,2018,703.0,Natural
Alberta,RWF045,51.879,-116.382,2018,1738.0,Natural
Ontario,COC30,55.7993,-88.3311,2018,365.0,Natural
Ontario,COC26,55.668,-87.961,2018,1200.0,Natural
British Columbia,2018-R91656,58.9113,-130.0461,2018,662.0,Natural
British Columbia,2018-N11886,49.48,-116.5108,2018,9284.0,Natural
British Columbia,2018-N72301,49.1312,-116.8605,2018,6798.0,Natural
British Columbia,2018-N72436,49.002,-115.8951,2018,1181.0,Natural
Manitoba,MB2018NE154,59.27222222,-96.27027778,2018,12643.3,Natural
Manitoba,MB2018NE176,56.23638889,-90.02194444,2018,964.0,Natural
Manitoba,MB2018NE149,55.98,-94.365,2018,236.0,Natural
Ontario,FOR24,48.503,-91.4641,2018,2626.0,Natural
British Columbia,2018-R11498,54.202,-125.2064,2018,92412.0,Human
British Columbia,2018-N12407,50.0297,-115.1699,2018,760.0,Natural
British Columbia,2018-N41525,50.9809,-116.1457,2018,1334.0,Natural
British Columbia,2018-N51624,50.1906,-118.172,2018,795.6,Natural
British Columbia,2018-N12024,49.1331,-114.3607,2018,2007.0,Natural
British Columbia,2018-N71602,49.3797,-116.5135,2018,1558.0,Natural
Northwest Territories,FS021-18,60.071166,-120.597166,2018,240.4,Natural
British Columbia,2018RE5,51.0518,-117.9983,2018,340.0,Natural
British Columbia,2018KO3,50.9803,-116.1566,2018,445.0,Natural
Ontario,NIP49,53.2932,-88.0929,2018,398.6000061,Natural
British Columbia,2018-G91474,59.4179,-127.6563,2018,2358.5,Unknown
British Columbia,2018-G91472,59.9949,-122.2565,2018,2342.0,Natural
British Columbia,2018-R51479,54.6756,-127.9303,2018,868.7,Natural
Alberta,HWF177,59.269083,-119.4795,2018,3159.4,Natural
Yukon,2018OC004,66.75000001,-135.15,2018,220.0,Natural
Yukon,2018DA010,64.60821666,-140.7632167,2018,441.0,Natural
Northwest Territories,VQ006-18,65.926,-125.348333,2018,404.7,Natural
Northwest Territories,FS014-18,63.425833,-122.817333,2018,1437.6,Natural
Northwest Territories,FS016-18,60.6755,-121.894333,2018,366.9,Natural
Yukon,2018DA009,64.13816667,-140.2619,2018,655.0,Natural
Northwest Territories,EV002-18,67.039,-131.34,2018,254.4,Natural
Northwest Territories,FS013-18,62.020833,-123.956666,2018,3600.9,Natural
Yukon,2018WL007,60.63226667,-129.9377333,2018,8394.0,Natural
British Columbia,2018-C31691,52.501,-120.72,2018,233.0,Natural
British Columbia,2018-C31692,52.5427,-120.6375,2018,200.0,Natural
Yukon,2018MA002,63.77173333,-134.9081,2018,4157.0,Human
Ontario,NIP45,53.3761,-87.9688,2018,315.3999939,Natural
Quebec,20181080504,51.8486,-63.6404,2018,710.5,Natural
Northwest Territories,ZF003-18,63.118333,-112.693333,2018,715.8,Natural
Ontario,NIP53,52.1212,-88.9638,2018,347.5,Natural
British Columbia,2018-C31689,52.4966,-120.8532,2018,522.0,Natural
Ontario,COC20,50.5026,-81.2319,2018,895.0,Natural
British Columbia,2018-G31313,52.739,-119.5326,2018,334.0,Natural
Ontario,PEM6,46.1266,-78.0632,2018,697.0,Natural
Ontario,PAR33,45.8646,-80.694,2018,11362.5,Human
British Columbia,2018-G41250,54.1448,-124.4633,2018,373.1,Natural
British Columbia,2018-N51329,49.8523,-117.2228,2018,2363.0,Natural
British Columbia,2018-N51446,50.7957,-117.6569,2018,227.0,Natural
British Columbia,2018-K51242,49.7537,-119.6889,2018,1370.3,Natural
British Columbia,2018-K51264,49.7135,-119.7646,2018,1790.0,Natural
British Columbia,2018-K51238,49.0846,-119.8695,2018,19226.0,Natural
British Columbia,2018-K61241,49.1286,-120.3662,2018,2372.0,Natural
Ontario,HEA13,50.1004,-85.1409,2018,927.0,Natural
Ontario,RED96,51.0119,-94.8339,2018,2152.300049,Natural
Ontario,RED97,51.1192,-94.7553,2018,17256.09961,Natural
Ontario,COC14,49.8678,-80.8196,2018,4899.0,Natural
Ontario,HEA12,50.0503,-81.9863,2018,487.0,Natural
Manitoba,MB2018EA096,51.30416667,-95.64194444,2018,60132.0,Natural
Ontario,SLK68,52.0376,-89.6552,2018,468.0,Natural
Ontario,RED76,51.1542,-94.9997,2018,8239.700195,Natural
Ontario,RED103,50.9683,-94.6751,2018,504.2000122,Natural
Ontario,RED80,51.1229,-94.744,2018,320.0,Natural
Ontario,KEN77,50.6293,-94.7292,2018,321.0,Natural
Ontario,KEN71,50.4015,-95.079,2018,10272.0,Natural
Ontario,RED82,51.2692,-94.9414,2018,1522.599976,Natural
Ontario,RED81,51.2584,-94.965,2018,4163.200195,Natural
Yukon,2018DA008,63.26950001,-138.9715,2018,4411.0,Natural
Ontario,RED86,51.2923,-94.7834,2018,1552.599976,Natural
Ontario,RED70,51.593,-94.7027,2018,5477.799805,Natural
Ontario,SLK67,52.06,-89.7732,2018,765.9000244,Natural
British Columbia,2018-K21128,50.6802,-120.2309,2018,545.0,Human
Manitoba,MB2018NE137,58.20083333,-96.81777778,2018,1503.0,Natural
Manitoba,MB2018NE134,57.79472222,-98.37277778,2018,30642.8,Natural
Manitoba,MB2018NE135,57.41166667,-98.71472222,2018,2755.3,Natural
Ontario,SLK117,50.8327,-90.2058,2018,520.7999878,Natural
Saskatchewan,18LA-CLOSE,57.913267,-104.7584,2018,445.5,Natural
Saskatchewan,18LA-BRIAN,56.376967,-102.22115,2018,372.8,Natural
Manitoba,MB2018NE128,57.97472222,-101.1275,2018,790.0,Natural
Manitoba,MB2018NE127,58.31638889,-99.755,2018,1440.0,Natural
Manitoba,MB2018NE131,57.39138889,-96.16888889,2018,1036.0,Natural
Manitoba,MB2018NE126,57.90555556,-99.44305556,2018,2669.2,Natural
Manitoba,MB2018NE177,56.15222222,-90.72444444,2018,526.0,Natural
Northwest Territories,2018WB10,60.0381,-113.92,2018,3461.9,Natural
Manitoba,MB2018NW025,55.36222222,-101.1183333,2018,285.0,Natural
Quebec,20181080408,50.4564,-79.0594,2018,5608.9,Natural
Quebec,20181080424,52.0333,-77.0264,2018,1675.0,Natural
Yukon,2018WL006,60.73246667,-130.2659167,2018,6462.0,Natural
Ontario,NOR72,47.3711,-80.4615,2018,27285.69922,Natural
Ontario,NIP31,51.5554,-88.4201,2018,638.2000122,Natural
Ontario,SLK56,52.3592,-91.7261,2018,291.1000061,Natural
Manitoba,MB2018NE122,57.43138889,-99.95861111,2018,1227.5,Natural
Manitoba,MB2018NE119,57.61805556,-100.8336111,2018,1039.8,Natural
Manitoba,MB2018NE120,57.63277778,-100.6938889,2018,256.8,Natural
Manitoba,MB2018NE123,57.07972222,-100.4980556,2018,1009.4,Natural
Quebec,20181080406,51.5586,-79.4233,2018,1184.8,Natural
Ontario,SLK51,52.3612,-91.256,2018,281.6000061,Natural
Ontario,SLK55,52.357,-91.5367,2018,287.3999939,Natural
Ontario,SLK53,52.8725,-89.0437,2018,411.3999939,Natural
Ontario,SLK57,52.7569,-89.0235,2018,9689.299805,Natural
Ontario,NIP32,53.1853,-87.7702,2018,2284.899902,Natural
Alberta,HWF165,59.925967,-119.940917,2018,2083.4,Natural
Manitoba,MB2018NE116,57.28666667,-98.50583333,2018,1482.0,Natural
Yukon,2018WL005,60.33698334,-129.4194,2018,27481.0,Natural
Ontario,SLK48,52.3492,-90.327,2018,4576.0,Natural
Ontario,NOR69,47.0247,-79.8479,2018,221.0,Natural
Ontario,NOR68,46.8671,-79.3987,2018,396.1000061,Natural
British Columbia,2018-V91119,51.8303,-125.8644,2018,12313.0,Natural
Quebec,20181080368,49.034,-76.4836,2018,9754.2,Natural
Quebec,20181080353,53.5272,-78.0758,2018,539.3,Natural
Quebec,20181080336,50.7558,-77.7978,2018,252.0,Natural
Saskatchewan,18DB-HARP,54.826233,-103.051717,2018,1671.0,Natural
Ontario,NOR46,47.2536,-80.3584,2018,346.6000061,Natural
Ontario,NIP29,52.7287,-88.3483,2018,4553.5,Natural
Ontario,NIP30,52.8385,-88.2566,2018,32850.5,Natural
Ontario,NOR42,46.7345,-80.0006,2018,337.0,Natural
Ontario,NOR62,46.6969,-80.1426,2018,2500.0,Natural
Ontario,NOR61,47.1749,-80.4543,2018,272.8999939,Natural
Ontario,NOR19,47.2398,-80.4682,2018,1406.699951,Natural
Manitoba,MB2018NE105,54.14666667,-96.715,2018,249.0,Natural
Manitoba,MB2018NE110,53.11666667,-95.34583333,2018,731.0,Natural
Quebec,20181080277,52.6186,-76.6953,2018,3096.0,Natural
Quebec,20181080304,51.1331,-77.98,2018,3006.4,Natural
Quebec,20181080308,51.6069,-77.9611,2018,1234.5,Natural
Quebec,20181080310,51.5253,-78.1408,2018,1142.5,Natural
Quebec,20181080291,52.5563,-72.2892,2018,7236.0,Natural
Quebec,20181080292,52.744,-72.0346,2018,2072.0,Natural
Quebec,20181080288,52.8478,-76.8794,2018,6184.0,Natural
Quebec,20181080282,52.7397,-76.4406,2018,514.9,Natural
Quebec,20181080283,52.5425,-75.655,2018,4664.0,Natural
Quebec,20181080286,52.5442,-75.9019,2018,896.8,Natural
Quebec,20181080301,52.9239,-75.5536,2018,4952.3,Natural
Quebec,20181080273,51.9147,-68.5663,2018,1714.8,Natural
Quebec,20181080275,52.0675,-68.5511,2018,6559.7,Natural
Quebec,20181080313,51.8283,-65.2562,2018,400.0,Natural
Alberta,EWF077,53.35965,-117.349633,2018,1065.27,Natural
Saskatchewan,18LA-POW,56.40675,-105.7862,2018,583.0,Natural
Manitoba,MB2018NE104,53.45055556,-96.19,2018,2292.3,Natural
Manitoba,MB2018NE101,52.91833333,-95.08805556,2018,2727.0,Natural
Quebec,20181080312,52.6694,-70.0567,2018,3400.0,Natural
Alberta,HWF162,58.0136,-114.221217,2018,298.0,Natural
Manitoba,MB2018NE095,54.09583333,-95.06388889,2018,325.9,Natural
Quebec,20181080261,49.2291,-69.8396,2018,12985.0,Human
Ontario,SLK44,52.0448,-89.0173,2018,3684.300049,Natural
Ontario,NIP20,52.5153,-87.6402,2018,8908.700195,Natural
Ontario,NIP16,51.8114,-87.9029,2018,1358.099976,Natural
Saskatchewan,18BN-FRISCO,57.4526,-109.103633,2018,2907.9,Natural
Saskatchewan,18SR-CORSON,58.79345,-103.769617,2018,1460.0,Natural
Saskatchewan,18LX-PORTER,56.707433,-106.64175,2018,322.7,Natural
Manitoba,MB2018NE085,56.16888889,-97.03027778,2018,1272.3,Natural
Manitoba,MB2018EA079,52.68611111,-96.53333333,2018,2057.0,Natural
British Columbia,2018-G90866,59.5539,-123.8226,2018,260.8,Natural
Alberta,SWF094,56.960433,-113.099793,2018,6200.0,Natural
Saskatchewan,18BN-KAYLE,56.415583,-109.869517,2018,3100.0,Natural
Saskatchewan,18BN-LARRY,56.399033,-109.8957,2018,8826.0,Natural
Saskatchewan,18BN-BRIAN,56.51955,-109.780467,2018,250.0,Natural
Saskatchewan,18BN-GRAHAM,55.908017,-109.846483,2018,496.0,Natural
Manitoba,MB2018NE072,56.65833333,-100.7763889,2018,5236.4,Natural
Manitoba,MB2018NE071,55.48944444,-93.56611111,2018,2497.0,Natural
Yukon,2018WL004,60.53873333,-126.8524667,2018,800.0,Natural
Yukon,2018WL003,60.86384999,-129.2294,2018,389.0,Natural
Alberta,HWF137,59.5909,-119.2651,2018,4374.9,Natural
Saskatchewan,18SR-FONTAINE,59.682203,-106.482502,2018,272.0,Natural
Saskatchewan,18LA-WALKER,57.105717,-104.983317,2018,1879.0,Natural
Saskatchewan,18LX-TIMSON,57.823933,-106.514667,2018,4832.0,Natural
Yukon,2018RR001,62.97884999,-133.9293834,2018,7500.0,Natural
Ontario,RED78,51.3043,-94.9721,2018,200.3000031,Natural
British Columbia,2018-G90763,59.5337,-120.4118,2018,3604.3,Natural
British Columbia,2018-G80883,57.9106,-120.9547,2018,318.0,Natural
British Columbia,2018-G80950,57.651,-120.805,2018,338.0,Natural
British Columbia,2018-G10696,53.4449,-124.0255,2018,2245.2,Natural
Saskatchewan,18DB-MADDEN,55.479283,-103.557117,2018,454.3,Natural
Yukon,2018WL002,61.15029999,-128.2992167,2018,5989.0,Natural
Ontario,SLK27,52.6072,-89.5542,2018,4527.899902,Natural
British Columbia,2018-G50614,55.0737,-125.0086,2018,1055.0,Natural
British Columbia,2018-G40639,53.9947,-124.8163,2018,240.0,Natural
Saskatchewan,18LA-BELL,57.321117,-103.425233,2018,954.0,Natural
Ontario,RED55,52.8741,-94.8951,2018,9396.599609,Natural
Ontario,RED57,52.7994,-94.7258,2018,590.5,Natural
Manitoba,MB2018NE065,56.01777778,-94.67444444,2018,358.0,Natural
Ontario,NIP13,51.9493,-87.5449,2018,582.2999878,Natural
Saskatchewan,18LX-ARTHUR,57.7466,-104.999633,2018,8905.0,Natural
Saskatchewan,18LA-KINDRA,57.573133,-104.594167,2018,1313.9,Natural
Saskatchewan,18LA-KEEFE,57.605283,-104.580917,2018,253.3,Natural
Saskatchewan,18LA-WOODS,56.2152,-103.3376,2018,9382.9,Natural
Saskatchewan,18LF-BORDER,54.07795,-105.527733,2018,393.0,Natural
Saskatchewan,18SR-MARGETTS,59.58935,-106.013133,2018,4511.0,Natural
Saskatchewan,18SR-EDAY,59.816567,-107.013083,2018,241.0,Natural
British Columbia,2018-G90544,59.6997,-124.0612,2018,1212.9,Natural
Saskatchewan,18DB-MOODY,54.466267,-102.384533,2018,3837.0,Natural
Ontario,COC5,53.028,-83.5953,2018,2685.0,Natural
Quebec,20181080242,50.1746,-72.6735,2018,2516.0,Human
Ontario,RED52,52.3096,-92.6106,2018,3475.199951,Natural
Ontario,SLK18,53.9934,-91.2892,2018,1494.099976,Natural
Ontario,RED38,52.4198,-92.8478,2018,24856.69922,Natural
Ontario,SLK19,53.6609,-92.2465,2018,1195.199951,Natural
Ontario,SLK26,54.4275,-91.2188,2018,4806.5,Natural
Ontario,COC4,55.7184,-87.0294,2018,3264.0,Natural
Manitoba,MB2018NE058,54.74111111,-93.79555556,2018,6380.0,Human
Manitoba,MB2018NE056,55.02361111,-92.46527778,2018,5965.0,Natural
Yukon,2018OC001,66.49758334,-140.8893334,2018,2100.0,Natural
Northwest Territories,FS004-18,62.3,-123.016666,2018,1969.2,Natural
Northwest Territories,EV001-18,66.728833,-133.405333,2018,886.4,Natural
Manitoba,MB2018NE046,54.58722222,-94.13361111,2018,336.0,Human
Alberta,PWF047,57.035417,-118.153217,2018,3992.0,Natural
Alberta,MWF016,57.351917,-110.636,2018,2290.3,Natural
Northwest Territories,2018NA1,61.5462,-126.3081,2018,6195.1,Natural
Alberta,HWF083,58.86975,-116.517967,2018,4754.0,Natural
Alberta,HWF086,59.390417,-115.924533,2018,225.0,Natural
British Columbia,2018-G90358,58.4591,-123.7172,2018,261.0,Natural
British Columbia,2018-K20351,51.1492,-120.8518,2018,2700.0,Human
British Columbia,2018-K70348,50.6238,-122.4295,2018,483.0,Human
Alberta,LWF119,55.459333,-112.801317,2018,5436.3,Natural
Alberta,LWF121,55.815825,-110.742783,2018,208.9,Natural
Manitoba,MB2018CE065,51.27388889,-97.62666667,2018,230.3,Human
British Columbia,2018-G80337,57.4928,-122.842,2018,1700.0,Natural
British Columbia,2018-G80340,57.1635,-121.7515,2018,21795.0,Natural
British Columbia,2018-G80341,57.1072,-121.6197,2018,1700.0,Natural
Alberta,PWF034,57.4038,-119.9279,2018,1168.19,Natural
Alberta,LWF116,55.96805,-111.254467,2018,1775.7,Natural
Ontario,RED30,52.1116,-95.1095,2018,3506.800049,Human
British Columbia,2018-G90301,58.4169,-123.6602,2018,542.7,Natural
British Columbia,2018-G90305,58.4553,-123.5452,2018,4781.2,Natural
Alberta,LWF099,55.492667,-113.165917,2018,8647.6,Natural
Saskatchewan,18DB-POVOL,54.83365,-104.01625,2018,4626.0,Natural
Manitoba,MB2018CE061,51.89861111,-97.29861111,2018,257.0,Human
Manitoba,MB2018EA054,52.015,-95.40416667,2018,28000.0,Human
Manitoba,MB2018CE063,50.98555556,-98.18638889,2018,2449.0,Human
British Columbia,2018-G80294,57.4692,-120.5512,2018,700.0,Natural
Manitoba,MB2018WE007,52.72638889,-100.6716667,2018,9093.0,Human
Manitoba,MB2018WE009,52.72916667,-100.6919444,2018,520.0,Human
Manitoba,MB2018CE059,51.785,-99.21944444,2018,1091.1,Human
British Columbia,2018-G40243,54.1545,-123.8226,2018,315.0,Natural
Manitoba,MB2018WE005,52.74944444,-100.8772222,2018,2000.0,Human
Manitoba,MB2018CE055,51.06222222,-98.16666667,2018,15017.0,Human
Manitoba,MB2018CE057,51.15916667,-98.23777778,2018,1087.0,Human
Saskatchewan,18WY-RABBIT,53.580598,-106.391655,2018,35416.0,Human
Manitoba,MB2018CE051,50.26416667,-96.8325,2018,728.4,Human
Manitoba,MB2018CE050,50.89333333,-98.04972222,2018,231.7,Human
Saskatchewan,18DN-TUFF,54.54695,-108.4766,2018,6466.0,Human
Alberta,HWF050,58.738517,-117.254667,2018,602.7,Human
Saskatchewan,18BN-LANGLY,57.252658,-108.975876,2018,13444.0,Natural
Saskatchewan,18PA-RALLY,53.18275,-106.230283,2018,2570.0,Human
Manitoba,MB2018NE007,54.60666667,-98.01555556,2018,221.0,Human
Manitoba,MB2018WE002,52.09972222,-100.1775,2018,300.0,Human
Manitoba,MB2018CE042,51.95722222,-98.335,2018,1040.0,Human
Manitoba,MB2018CE034,51.75666667,-98.57,2018,225.8,Human
British Columbia,2018-G90138,57.9031,-123.7904,2018,530.0,Human
Manitoba,MB2018CE029,51.84166667,-99.48944444,2018,490.7,Human
Saskatchewan,18WY-PANP01-PB,53.71925,-106.627217,2018,1200.0,Human
Manitoba,MB2018CE022,51.68888889,-98.55944444,2018,362.2,Human
Manitoba,MB2018CE023,51.67222222,-98.60083333,2018,382.7,Human
Alberta,HWF029,58.847633,-118.738033,2018,255.0,Unknown
Saskatchewan,18HB-TEARING,53.929267,-102.19165,2018,208.2,Human
Alberta,2018WB1,58.5673,-113.6971,2018,12271.6,Unknown
Manitoba,MB2018CE016,51.71361111,-98.87722222,2018,925.9,Human
Manitoba,MB2018EA020,50.555,-96.25277778,2018,280.0,Human
Manitoba,MB2018EA015,49.20583333,-95.98916667,2018,4798.0,Human
Yukon,2018DA001,63.35641666,-139.40335,2018,2300.0,Human
Alberta,CWF258,50.085883,-114.2537,2017,1535.0,Human
New Brunswick,3-9-108,45.91057,-66.3582,2017,415.0,Human
Saskatchewan,17HB-SKPOW03,51.501283,-102.662983,2017,249.2,Human
Manitoba,CE022,51.391111,-97.490833,2017,200.0,Human
Alberta,HWF292,58.690667,-119.084833,2017,448.0,Human
Alberta,HWF291,58.733633,-119.027517,2017,1516.2,Human
Ontario,THU59,50.5624,-89.5126,2017,213.8000031,Natural
Ontario,THU58,50.8997,-89.4524,2017,281.7000122,Natural
Saskatchewan,17BN-ADAM,57.30958,-109.555817,2017,427.0,Natural
Manitoba,NE320,55.886944,-100.8925,2017,2240.8,Natural
Northwest Territories,VQ036-17,66.200333,-129.896833,2017,304.0,Natural
British Columbia,2017WL13,49.0682,-114.2923,2017,19302.9,Natural
British Columbia,2017-K52024,49.7298,-119.829,2017,2224.0,Human
Northwest Territories,FS022-17,60.155166,-120.675166,2017,813.0,Natural
British Columbia,2017-N11999,49.6221,-115.7007,2017,398.0,Human
Alberta,HWF280,59.820917,-118.039767,2017,13539.0,Natural
British Columbia,2017-N11984,49.0044,-114.4116,2017,903.1,Human
Alberta,RWF062,52.23025,-116.615167,2017,842.0,Human
Alberta,RWF063,51.995583,-116.143167,2017,628.0,Human
Northwest Territories,2017NA7,61.4591,-124.9867,2017,950.0,Natural
British Columbia,2017-G92008,59.4535,-121.0012,2017,301.1,Natural
British Columbia,2017-N11971,49.2833,-114.7663,2017,1751.0,Natural
British Columbia,2017-N11976,49.2196,-114.9393,2017,5800.0,Natural
British Columbia,2017-N11978,49.3705,-114.5962,2017,270.0,Natural
British Columbia,2017-N11966,49.0597,-114.3025,2017,15448.8,Natural
Northwest Territories,SS098-17,61.265833,-118.920833,2017,1382.0,Natural
British Columbia,2017-N11844,49.0,-115.3667,2017,1285.4,Natural
Saskatchewan,17LA-ZIMMER2,57.159783,-105.678917,2017,1339.5,Natural
Saskatchewan,17LA-GRAHAM2,57.040783,-105.9138,2017,2432.4,Natural
Saskatchewan,17LX-SOPHIA,56.863617,-106.24705,2017,440.4,Natural
Manitoba,NE312,56.468056,-94.375556,2017,1683.3,Natural
Manitoba,NE309,53.39,-96.806389,2017,251.0,Natural
British Columbia,2017-K12067,52.3431,-119.8737,2017,230.7,Natural
British Columbia,2017-K51878,49.8641,-119.1933,2017,465.0,Human
Manitoba,NE298,55.331667,-94.775833,2017,1309.0,Natural
Manitoba,NE299,55.43,-94.500278,2017,382.1,Natural
Manitoba,NE301,55.277222,-94.484444,2017,391.0,Natural
Manitoba,EA071,52.895,-96.798611,2017,228.6,Natural
British Columbia,2017-N41779,51.8824,-117.933,2017,213.0,Natural
Manitoba,NE311,53.556944,-96.898611,2017,2442.0,Natural
Saskatchewan,17DB-MADDEN,55.4627,-103.461817,2017,473.0,Natural
Manitoba,NE285,53.73,-95.990278,2017,2138.0,Natural
Manitoba,NE288,53.972778,-95.283611,2017,6366.0,Natural
Manitoba,NW071,55.150833,-100.006667,2017,537.0,Natural
Manitoba,NE278,57.926667,-99.613056,2017,244.0,Natural
Manitoba,NE279,53.0275,-95.304444,2017,685.0,Natural
Manitoba,NE280,53.081111,-95.325556,2017,239.5,Natural
Ontario,SLK175,53.365,-90.1962,2017,729.5,Natural
Manitoba,NE269,54.071111,-95.011389,2017,28841.5,Natural
Manitoba,EA066,52.825556,-95.782222,2017,7121.0,Natural
Northwest Territories,SS092-17,61.938833,-106.883166,2017,3125.0,Natural
Northwest Territories,SS090-17,60.706,-108.320666,2017,466.0,Natural
Northwest Territories,SS094-17,60.525666,-104.735,2017,1212.0,Natural
Northwest Territories,SS091-17,60.446166,-107.732833,2017,2191.0,Natural
Northwest Territories,FS019-17,64.176,-122.457333,2017,306.0,Natural
Northwest Territories,FS018-17,63.473666,-121.4665,2017,757.0,Natural
Ontario,COC25,54.4824,-85.0543,2017,200.0,Natural
Alberta,HWF252,59.060983,-115.181917,2017,1852.0,Natural
Manitoba,NE256,56.959444,-100.300833,2017,830.3,Natural
Manitoba,NE266,55.656944,-96.1925,2017,361.0,Natural
Manitoba,NE267,54.211111,-96.409444,2017,630.4,Natural
Manitoba,NE264,53.785278,-97.000556,2017,1317.7,Natural
Alberta,SWF107,57.36025,-113.267667,2017,17023.0,Natural
Saskatchewan,17LA-TAYLOR,56.390917,-105.192033,2017,258.0,Natural
Saskatchewan,17LA-FORD,56.3846,-105.253517,2017,13076.3,Natural
Manitoba,NE251,55.575,-96.507222,2017,897.0,Natural
Manitoba,NE254,55.133611,-97.466389,2017,211.6,Natural
Northwest Territories,ZF057-17,64.9265,-115.523333,2017,221.0,Natural
Northwest Territories,SS088-17,60.9865,-110.725833,2017,2542.0,Natural
Northwest Territories,SS087-17,61.586666,-111.8525,2017,797.0,Natural
Northwest Territories,SS089-17,61.074833,-110.7925,2017,568.0,Natural
Northwest Territories,ZF058-17,64.5065,-117.951,2017,540.0,Natural
Alberta,2017WB27,58.4932,-113.7392,2017,2927.0,Natural
Alberta,MWF081,57.65545,-112.629733,2017,354.9,Natural
Saskatchewan,17SR-TELLYN,58.3643,-102.3767,2017,1272.6,Natural
Saskatchewan,17SR-EYES,58.30745,-102.354383,2017,353.4,Natural
Saskatchewan,17SR-TANKLESS,58.795883,-102.63405,2017,727.3,Natural
Saskatchewan,17SR-LYES,58.433033,-102.402517,2017,574.4,Natural
Manitoba,NE242,56.499722,-102.0,2017,3136.0,Natural
Manitoba,NE230,56.891389,-97.799167,2017,4116.0,Natural
Manitoba,NE241,53.767778,-96.323333,2017,1693.0,Natural
Manitoba,NE244,54.227778,-96.158611,2017,233.0,Natural
Manitoba,NE240,54.988889,-96.219167,2017,961.0,Natural
Northwest Territories,ZF054-17,64.5855,-114.786833,2017,392.0,Natural
Northwest Territories,ZF051-17,63.147666,-106.247333,2017,994.0,Natural
Northwest Territories,ZF063-17,63.000666,-110.302,2017,1568.0,Natural
Northwest Territories,ZF048-17,62.059666,-115.825,2017,2873.0,Natural
Northwest Territories,SS086-17,60.579166,-113.673666,2017,4209.0,Natural
Alberta,HWF246,58.18299,-114.232952,2017,255.0,Natural
Saskatchewan,17SR-LISBY,58.468433,-103.71405,2017,933.5,Natural
Saskatchewan,17LX-ENGEMMAN,57.888417,-106.923933,2017,50498.7,Natural
Saskatchewan,17LA-REILLY,57.273167,-103.081083,2017,1264.2,Natural
Saskatchewan,17LA-GRAHAM,57.040783,-105.9138,2017,1152.8,Natural
Saskatchewan,17BN-FRISCO,57.540833,-107.538167,2017,16322.3,Natural
Manitoba,NE209,54.462778,-96.763889,2017,1307.1,Natural
Manitoba,NE226,53.426667,-96.988889,2017,1325.0,Natural
Manitoba,NE227,53.391667,-97.005556,2017,904.0,Natural
Northwest Territories,ZF049-17,63.961333,-115.615833,2017,308.0,Natural
Ontario,NIP95,52.821,-88.7771,2017,214.199997,Natural
British Columbia,2017-N21945,50.5552,-115.3325,2017,203.0,Natural
British Columbia,2017-N11676,49.8299,-116.2517,2017,322.0,Natural
Alberta,HWF242,58.01015,-114.840883,2017,719.0,Natural
Saskatchewan,17LA-KEY,57.060817,-105.176983,2017,918.2,Natural
Saskatchewan,17LA-DAKOTA,57.090017,-105.557933,2017,2583.6,Natural
Saskatchewan,17LA-CORNELL,56.12585,-105.522717,2017,808.7,Natural
Saskatchewan,17LA-ZIMMER,57.159783,-105.678917,2017,1411.0,Natural
Saskatchewan,17LA-LAKE2,56.958092,-105.650081,2017,21378.3,Natural
Manitoba,NE207,59.114444,-101.9025,2017,251.0,Natural
Manitoba,NE201,57.225,-96.070556,2017,1074.0,Natural
Manitoba,NE203,57.330833,-97.420278,2017,1672.0,Natural
Yukon,2017OC033,66.0789667,-134.1916833,2017,2048.87,Natural
Yukon,2017DA032,65.2174,-137.2791167,2017,515.31,Natural
Northwest Territories,EV024-17,66.814833,-133.209666,2017,1554.0,Natural
Ontario,RED69,52.5371,-92.6203,2017,1144.0,Natural
Ontario,SLK102,52.6177,-91.042,2017,397.2000122,Natural
Saskatchewan,17DB-TOP,55.740067,-102.925367,2017,1161.9,Natural
Manitoba,NE198,55.31,-93.433056,2017,407.0,Natural
Manitoba,NE196,53.862778,-97.081389,2017,526.7,Natural
Yukon,2017MA019,64.3526667,-135.0333333,2017,459.0,Natural
Northwest Territories,SS083-17,60.576166,-108.5045,2017,447.0,Natural
Northwest Territories,SS084-17,60.662666,-107.076166,2017,1290.0,Natural
Northwest Territories,SS085-17,60.993833,-111.6985,2017,9935.0,Natural
Northwest Territories,SS082-17,60.003833,-104.817333,2017,2633.0,Natural
Northwest Territories,FS017-17,60.941833,-123.703,2017,8476.0,Natural
British Columbia,2017-G71637,54.7557,-121.3269,2017,229.0,Natural
British Columbia,2017-N11664,49.8715,-115.319,2017,11763.7,Natural
British Columbia,2017-N51634,49.0267,-117.3498,2017,410.0,Human
Alberta,MWF071,57.8265,-111.647833,2017,487.2,Human
Saskatchewan,17SR-WALSH,59.029767,-103.135733,2017,1246.5,Natural
Manitoba,NE191,54.136111,-95.561944,2017,1105.0,Natural
Yukon,2017BC002,62.6666833,-138.1849,2017,217.0,Natural
Ontario,NIP65,52.5426,-87.5669,2017,3486.0,Natural
Ontario,NIP75,51.1411,-87.2637,2017,674.2999878,Natural
Ontario,NIP64,52.5439,-87.4917,2017,529.5,Natural
British Columbia,2017-N21628,50.213,-115.3471,2017,26399.0,Natural
British Columbia,2017-N11927,49.3167,-115.8783,2017,2215.0,Natural
British Columbia,2017-N61615,49.542,-118.5224,2017,2500.0,Natural
Manitoba,NE183,58.076111,-99.932778,2017,1397.0,Natural
Manitoba,NE184,58.043333,-99.818889,2017,380.0,Natural
Manitoba,NE185,56.763056,-94.812222,2017,11055.1,Natural
Manitoba,NE178,57.273889,-97.736667,2017,2499.0,Natural
Manitoba,NW051,54.941111,-101.878889,2017,1613.0,Natural
Yukon,2017DA029,65.3348,-138.2175833,2017,1138.82,Natural
Northwest Territories,ZF056-17,64.588166,-116.105666,2017,522.0,Natural
Northwest Territories,ZF059-17,64.350333,-118.893166,2017,479.0,Natural
Ontario,NIP68,51.7752,-88.0356,2017,644.2999878,Natural
Ontario,NIP99,49.0957,-87.965,2017,530.7999878,Natural
Saskatchewan,17HB-NAMEW,54.282867,-102.101067,2017,6118.4,Natural
Manitoba,NE168,56.883056,-90.559167,2017,777.0,Natural
Manitoba,NE174,54.033611,-96.883611,2017,5197.0,Natural
Manitoba,NE175,54.083611,-96.98,2017,862.7,Natural
Yukon,2017DA028,63.5314167,-139.6120833,2017,573.8,Natural
Alberta,HWF221,58.180117,-114.49135,2017,4994.0,Natural
Saskatchewan,17SR-CRANBERRY,58.844567,-104.29365,2017,813.8,Natural
Saskatchewan,17SR-LECKIE,58.384017,-102.610517,2017,548.3,Natural
Saskatchewan,17SR-KYLE,58.36465,-102.068967,2017,346.4,Natural
Saskatchewan,17DB-USKIK,55.531967,-103.340683,2017,19485.5,Natural
Saskatchewan,17SR-PATTERSON,59.900233,-102.364717,2017,4063.3,Natural
Saskatchewan,17LA-BILLIS,56.790367,-103.86905,2017,1314.9,Natural
Saskatchewan,17DB-PRESTON,55.31755,-103.07195,2017,49118.1,Natural
Saskatchewan,17SR-OLDMAN,59.723567,-107.571967,2017,4493.0,Natural
Saskatchewan,17SR-CUSHING,58.052258,-104.971866,2017,17272.1,Natural
Saskatchewan,17DB-GRANITE,54.904783,-102.60695,2017,123012.8,Natural
Manitoba,NE162,58.568333,-101.888056,2017,363.9,Natural
Manitoba,NE163,59.446389,-101.938611,2017,4982.0,Natural
Manitoba,NE152,57.398889,-101.226111,2017,1285.0,Natural
Manitoba,NE156,56.467222,-101.697778,2017,14875.0,Natural
Manitoba,NE159,57.020833,-101.94,2017,204.6,Natural
Manitoba,NE166,56.392222,-101.153056,2017,759.4,Natural
Manitoba,NE157,56.523889,-97.841944,2017,4248.2,Natural
Manitoba,NE160,54.153889,-96.237222,2017,1073.2,Natural
Manitoba,EA051,52.883056,-97.258611,2017,4624.0,Natural
Northwest Territories,SS078-17,60.142166,-108.859,2017,1875.0,Natural
Northwest Territories,SS079-17,60.753333,-105.653,2017,1646.0,Natural
Northwest Territories,SS077-17,60.6095,-112.137333,2017,5526.0,Natural
Ontario,SLK68,52.757,-89.0393,2017,510.1000061,Natural
Manitoba,NE149,57.053056,-101.859444,2017,11339.0,Natural
Manitoba,NE147,54.857778,-95.757222,2017,310.0,Natural
Northwest Territories,SS073-17,60.590833,-107.376166,2017,2626.0,Natural
Northwest Territories,SS075-17,61.495,-111.281,2017,1267.0,Natural
British Columbia,2017-G91534,59.7201,-120.8656,2017,4655.1,Natural
Saskatchewan,17SR-WASPISON,58.676867,-102.071467,2017,571.9,Natural
Saskatchewan,17DB-WILKIN,54.978667,-103.008833,2017,6012.6,Natural
Saskatchewan,17SR-JANZEN,59.217883,-103.477383,2017,2232.8,Natural
Manitoba,EA046,52.699722,-96.347222,2017,1950.2,Natural
Manitoba,EA083,53.124444,-96.203056,2017,720.0,Natural
Yukon,2017DA026,63.5251,-138.13015,2017,975.51,Natural
Northwest Territories,FS016-17,62.5055,-122.628333,2017,1712.0,Natural
Ontario,SLK52,51.8418,-89.048,2017,1319.599976,Natural
Ontario,RED54,51.6865,-95.0433,2017,4049.0,Natural
Manitoba,NE135,57.133611,-100.862222,2017,373.2,Natural
Northwest Territories,SS069-17,61.6885,-112.569166,2017,2385.0,Natural
Northwest Territories,SS071-17,61.749666,-112.774333,2017,794.0,Natural
Northwest Territories,SS081-17,60.596166,-108.472833,2017,424.0,Natural
Northwest Territories,SS070-17,61.357833,-111.995833,2017,1188.0,Natural
Northwest Territories,SS068-17,61.301666,-111.911666,2017,4773.0,Natural
Northwest Territories,VQ034-17,66.7015,-126.047,2017,4348.0,Natural
Saskatchewan,17DB-FLO,54.940567,-101.9188,2017,951.0,Natural
Northwest Territories,ZF040-17,62.019333,-111.536,2017,1252.0,Natural
Northwest Territories,SS058-17,61.933666,-111.270833,2017,16628.0,Natural
Saskatchewan,17LF-DOG,53.7295,-104.302833,2017,216.3,Natural
Saskatchewan,17LF-HARDING,53.76645,-104.387533,2017,1742.1,Natural
Manitoba,NE343,54.138889,-95.696389,2017,2028.0,Natural
Northwest Territories,ZF039-17,63.701833,-115.692666,2017,3833.0,Natural
Northwest Territories,SS061-17,60.878,-108.494833,2017,26411.0,Natural
Northwest Territories,SS060-17,60.811333,-107.3055,2017,3851.0,Natural
Northwest Territories,SS059-17,60.73,-108.085833,2017,5085.0,Natural
Northwest Territories,SS062-17,61.049166,-111.379,2017,383.0,Natural
Northwest Territories,SS063-17,61.021166,-111.552833,2017,2384.0,Natural
Ontario,NIP46,52.3764,-88.624,2017,207.699997,Natural
British Columbia,2017-N21451,50.0165,-115.7529,2017,1032.5,Human
Manitoba,NE342,57.586667,-96.783889,2017,267.9,Natural
Northwest Territories,SS056-17,60.8865,-111.364,2017,6409.0,Natural
Northwest Territories,VQ033-17,65.675333,-123.835666,2017,2808.0,Natural
Ontario,SLK43,51.8942,-89.2417,2017,247.3999939,Natural
Manitoba,NE308,58.424444,-93.834722,2017,1597.1,Natural
Ontario,SLK36,51.3881,-89.3204,2017,2229.800049,Natural
Ontario,NIP77,51.7378,-88.8182,2017,574.2999878,Natural
Ontario,NIP38,52.3439,-87.9531,2017,205.3999939,Natural
Ontario,COC26,54.7065,-86.0448,2017,1210.0,Natural
Ontario,NIP98,52.6591,-87.6275,2017,4736.200195,Natural
Ontario,NIP37,52.3758,-87.8042,2017,3915.300049,Natural
Ontario,SLK38,51.608,-89.267,2017,652.5,Natural
Saskatchewan,17SR-SELWYN,59.984331,-104.848737,2017,740.0,Natural
Manitoba,NE099,58.591111,-100.675556,2017,1171.0,Natural
Manitoba,NE101,59.023611,-101.090278,2017,509.0,Natural
Manitoba,NE100,58.528611,-99.140556,2017,995.0,Natural
Manitoba,NE338,56.993611,-91.044444,2017,500.0,Natural
Manitoba,NW010,55.735,-100.715,2017,983.0,Natural
Manitoba,NW016,55.506111,-99.6625,2017,1395.0,Natural
Manitoba,NE096,55.940833,-95.073889,2017,388.0,Natural
Northwest Territories,SS055-17,60.768333,-112.3135,2017,5109.0,Natural
Ontario,SLK32,52.6939,-92.1632,2017,230.3999939,Natural
Ontario,SLK42,51.6972,-89.148,2017,664.7000122,Natural
Saskatchewan,17SR-HANNAH,59.217117,-103.6698,2017,419.6,Natural
Saskatchewan,17SR-JAMES,59.0975,-103.1739,2017,250.8,Natural
Saskatchewan,17SR-LEROY,58.442167,-108.191667,2017,1965.8,Natural
Saskatchewan,17SR-PEARSON,59.513983,-105.40705,2017,2260.8,Natural
Manitoba,NE089,58.408889,-96.838889,2017,502.7,Natural
Manitoba,NE098,58.926944,-99.6875,2017,8122.0,Natural
Manitoba,NE090,53.714444,-95.479444,2017,1974.0,Natural
Northwest Territories,SS050-17,61.926,-106.7485,2017,517.0,Natural
Northwest Territories,SS048-17,61.251666,-105.562,2017,2816.0,Natural
Northwest Territories,SS053-17,61.0685,-110.1385,2017,303.0,Natural
Northwest Territories,SS051-17,60.053833,-118.687333,2017,6883.0,Natural
Northwest Territories,2017WB23,60.339,-113.4547,2017,26446.0,Natural
Ontario,NIP29,52.9174,-88.5728,2017,6999.399902,Natural
British Columbia,2017-N41369,51.4548,-117.9753,2017,508.0,Natural
Alberta,HWF196,58.1845,-116.7575,2017,350.0,Natural
Saskatchewan,17SR-BULMER,59.9057,-108.1667,2017,2553.2,Natural
Manitoba,NE087,53.9325,-96.423611,2017,582.4,Natural
Northwest Territories,SS043-17,60.533333,-109.2,2017,112582.0,Natural
Northwest Territories,ZF038-17,62.3095,-108.620333,2017,377.0,Natural
Northwest Territories,2017WB22,60.4302,-113.1715,2017,2471.0,Natural
Ontario,RED34,52.7052,-92.607,2017,745.5,Natural
Saskatchewan,17SR-MOOSONEES,58.985389,-103.849749,2017,7114.5,Natural
Northwest Territories,SS039-17,61.079,-108.256333,2017,2266.0,Natural
Northwest Territories,SS037-17,61.2615,-109.964,2017,10099.0,Natural
Northwest Territories,SS041-17,60.3415,-108.752666,2017,4250.0,Natural
Northwest Territories,SS034-17,60.528,-106.509833,2017,391.0,Natural
Northwest Territories,SS040-17,60.95,-107.545166,2017,670.0,Natural
Northwest Territories,SS038-17,61.131833,-110.2135,2017,9678.0,Natural
Northwest Territories,SS033-17,60.9285,-118.252833,2017,3667.0,Natural
Ontario,SLK17,51.8926,-91.4414,2017,3690.199951,Natural
British Columbia,2017-K51406,49.0035,-120.4418,2017,12245.0,Human
Alberta,HWF192,59.172483,-114.625617,2017,280.0,Natural
Saskatchewan,17SR-MCNAIR,59.41775,-106.908917,2017,5185.5,Natural
Saskatchewan,17SR-DUNAE,59.4356,-106.926617,2017,500.0,Natural
Manitoba,NE340,59.018056,-100.838333,2017,1201.0,Natural
Northwest Territories,ZF036-17,64.067666,-115.069833,2017,780.0,Natural
Alberta,PWF068,57.368783,-116.214983,2017,201.5,Natural
Saskatchewan,17BN-VISION,57.7247,-109.252717,2017,7079.0,Natural
Manitoba,NE067,53.576111,-97.088889,2017,2333.3,Natural
Northwest Territories,ZF033-17,62.35,-112.083333,2017,19155.0,Natural
Northwest Territories,SS036-17,61.017,-111.9875,2017,14147.0,Natural
Northwest Territories,SS035-17,61.3735,-111.064,2017,43255.0,Natural
Ontario,NIP18,50.7023,-85.6893,2017,1086.0,Natural
Ontario,RED23,51.1955,-95.0387,2017,1927.099976,Natural
Saskatchewan,17SR-WILLSON,59.60965,-107.385617,2017,4445.7,Natural
Saskatchewan,17LA-LAKE,56.955467,-105.803017,2017,3750.0,Natural
Saskatchewan,17LA-WATHA,56.972817,-103.82265,2017,788.8,Natural
Manitoba,NE063,56.809167,-96.513611,2017,4005.4,Natural
Manitoba,NE064,57.049444,-95.638611,2017,3882.0,Natural
Northwest Territories,VQ031-17,66.646666,-119.046,2017,567.0,Natural
British Columbia,2017-N51470,50.9951,-117.5447,2017,310.3,Natural
British Columbia,2017-K11632,52.4909,-120.4559,2017,1112.7,Natural
British Columbia,2017-C31489,52.6181,-120.5582,2017,1725.0,Natural
British Columbia,2017-C31823,52.6611,-120.719,2017,561.0,Natural
British Columbia,2017-N71320,50.4227,-117.2008,2017,1400.0,Natural
British Columbia,2017-N71392,50.6049,-117.2274,2017,1070.0,Natural
Northwest Territories,SS028-17,60.054333,-108.482,2017,1503.0,Natural
Northwest Territories,EV018-17,67.500166,-134.3875,2017,29370.0,Natural
Northwest Territories,EV020-17,67.192166,-134.852833,2017,9105.0,Natural
Northwest Territories,VQ032-17,64.237333,-126.581833,2017,2179.0,Natural
Northwest Territories,SS029-17,60.7035,-112.8345,2017,4040.0,Natural
Northwest Territories,FS015-17,62.093666,-122.153833,2017,1420.0,Natural
Ontario,NIP39,52.1769,-88.3227,2017,265.2000122,Natural
Northwest Territories,SS025-17,61.402833,-105.863333,2017,2195.0,Natural
Northwest Territories,SS023-17,60.3045,-107.629833,2017,992.0,Natural
Northwest Territories,2017WB20,60.4419,-113.42,2017,13383.0,Natural
Manitoba,2017WP1,57.8337,-93.2151,2017,1000.0,Natural
Manitoba,2017WP2,57.2696,-93.6739,2017,242.0,Natural
Quebec,2017-156,55.2894,-77.7056,2017,549.1,Human
British Columbia,2017-K11633,52.8305,-120.1061,2017,309.1,Natural
British Columbia,2017-C31306,52.7988,-120.7082,2017,872.0,Natural
British Columbia,2017-C31156,52.6002,-121.039,2017,577.0,Natural
Northwest Territories,ZF031-17,62.550333,-106.158166,2017,277.0,Natural
British Columbia,2017KO10,51.0576,-115.8959,2017,8089.0,Natural
Yukon,2017OC028,66.2119833,-138.7309167,2017,3230.01,Natural
Manitoba,NE047,57.365556,-100.329722,2017,1688.0,Natural
Northwest Territories,ZF022-17,63.870166,-114.365833,2017,1946.0,Natural
Northwest Territories,ZF023-17,63.888,-113.753,2017,6184.0,Natural
Northwest Territories,ZF024-17,64.079833,-115.219833,2017,1202.0,Natural
Northwest Territories,SS019-17,60.387833,-111.237333,2017,363544.0,Natural
Manitoba,NE044,55.9225,-93.817222,2017,8758.0,Natural
Manitoba,NE045,55.985833,-90.886389,2017,8279.0,Natural
Northwest Territories,ZF014-17,63.487,-114.989166,2017,1400.0,Natural
Northwest Territories,ZF016-17,63.561166,-115.048166,2017,500.0,Natural
Northwest Territories,ZF017-17,63.603166,-115.031333,2017,3000.0,Natural
Northwest Territories,ZF018-17,63.696666,-115.191333,2017,663.0,Natural
Northwest Territories,ZF020-17,63.635333,-114.7235,2017,686.0,Natural
Northwest Territories,ZF013-17,63.462333,-114.898333,2017,21698.0,Natural
Northwest Territories,ZF015-17,63.531666,-115.039,2017,1600.0,Natural
Northwest Territories,ZF019-17,63.967666,-115.392166,2017,23130.0,Natural
Northwest Territories,ZF021-17,63.681333,-113.912333,2017,5411.0,Natural
Northwest Territories,EV014-17,67.820833,-131.756833,2017,504.0,Natural
Ontario,COC13,54.7863,-84.2232,2017,20540.0,Natural
Yukon,2017MA016,65.8596667,-133.6538333,2017,5749.0,Natural
Northwest Territories,VQ022-17,67.056166,-128.9145,2017,1713.0,Natural
Northwest Territories,VQ029-17,67.250333,-125.702666,2017,3346.0,Natural
Northwest Territories,VQ023-17,65.499166,-129.551,2017,1460.0,Natural
British Columbia,2017-N41172,51.4466,-117.5542,2017,1632.0,Natural
British Columbia,2017-N21173,50.9893,-115.8298,2017,4833.0,Natural
British Columbia,2017-N51075,50.6369,-117.7915,2017,445.0,Natural
British Columbia,2017-N71078,50.1254,-116.7983,2017,4280.0,Natural
British Columbia,2017-N71382,49.529,-117.0287,2017,3117.0,Natural
Yukon,2017OC025,67.3,-138.2,2017,26720.02,Natural
Northwest Territories,VQ020-17,66.857833,-124.444833,2017,292.0,Natural
Northwest Territories,VQ025-17,65.820166,-117.86,2017,407.0,Natural
Northwest Territories,SS016-17,61.233333,-111.483333,2017,5459.0,Natural
Northwest Territories,VQ018-17,65.5845,-130.74,2017,608.0,Natural
British Columbia,2017GL3,51.415,-117.5988,2017,2013.75,Natural
British Columbia,2017GL6,51.3981,-117.4285,2017,3464.52,Natural
Yukon,2017MA015,63.5084833,-132.0808667,2017,2449.0,Natural
British Columbia,2017-G40826,53.3982,-124.9045,2017,2275.0,Natural
British Columbia,2017-G40837,53.4902,-124.5114,2017,6670.0,Natural
Northwest Territories,VQ024-17,66.1825,-117.465166,2017,469.0,Natural
Ontario,COC10,54.6668,-84.9509,2017,17272.0,Natural
British Columbia,2017-G40691,54.1641,-124.5565,2017,1590.0,Natural
British Columbia,2017-G40709,53.5001,-125.1123,2017,8382.0,Natural
British Columbia,2017-G40664,53.2634,-124.7088,2017,1273.0,Natural
British Columbia,2017-VA0778,52.368,-125.7818,2017,7367.0,Natural
British Columbia,2017-K20675,51.3971,-120.2542,2017,556.0,Natural
British Columbia,2017-K20706,51.4692,-120.1566,2017,3028.0,Natural
British Columbia,2017-K60643,49.5744,-120.5782,2017,3197.5,Human
British Columbia,2017-C10822,53.1212,-120.8496,2017,587.0,Natural
British Columbia,2017-C11081,53.1452,-120.8211,2017,226.39,Natural
British Columbia,2017-C10740,52.4804,-122.5869,2017,5648.0,Natural
British Columbia,2017-C10784,52.5034,-123.0847,2017,521012.0,Natural
British Columbia,2017-C10966,53.179,-123.9645,2017,260.0,Natural
British Columbia,2017-C10970,53.2276,-124.0378,2017,21870.0,Natural
British Columbia,2017-C31072,52.8296,-121.5526,2017,1712.0,Natural
British Columbia,2017-C31008,52.6125,-121.3394,2017,640.0,Natural
British Columbia,2017-C31161,52.8067,-121.0575,2017,1375.0,Natural
British Columbia,2017-C31169,52.6117,-121.1722,2017,4831.0,Natural
British Columbia,2017-C31348,52.5668,-121.2063,2017,1248.0,Natural
British Columbia,2017-C10683,52.8103,-122.3036,2017,595.0,Natural
British Columbia,2017-C20645,52.1764,-121.8334,2017,3387.0,Human
British Columbia,2017-C50647,51.944,-123.1686,2017,239298.0,Natural
British Columbia,2017-C50744,51.9608,-125.016,2017,25558.0,Natural
British Columbia,2017-C20708,52.1332,-122.004,2017,4121.7,Natural
British Columbia,2017-C20729,52.2086,-122.0553,2017,12723.0,Natural
British Columbia,2017-C20735,52.228,-122.3404,2017,13211.0,Natural
British Columbia,2017-C20738,52.3013,-122.2254,2017,278.0,Natural
Manitoba,NE038,55.337778,-93.373056,2017,410.0,Natural
Yukon,2017OC024,67.0231667,-139.1513333,2017,8584.56,Natural
Yukon,2017MA012,65.2833333,-134.5333333,2017,3207.0,Natural
Yukon,2017DA021,63.451,-139.9891667,2017,473.64,Natural
British Columbia,2017-K20637,50.6998,-121.2976,2017,191865.0,Human
British Columbia,2017-C30870,52.4348,-121.7206,2017,859.0,Natural
British Columbia,2017-C40621,51.6541,-121.3987,2017,5711.0,Human
Yukon,2017OC022,67.4606833,-140.9843333,2017,600.0,Natural
Yukon,2017OC021,66.0288667,-134.1605667,2017,1604.82,Natural
Yukon,2017MA011,65.8843667,-134.0145333,2017,4736.0,Natural
Yukon,2017OC023,66.2552333,-137.7594,2017,22368.0,Natural
Northwest Territories,ZF010-17,62.706666,-113.243,2017,256.0,Natural
Ontario,NIP12,51.3778,-86.0753,2017,1455.0,Natural
Yukon,2017OC017,67.5128333,-140.7550833,2017,10311.0,Natural
Yukon,2017OC020,66.3892,-137.9906,2017,40005.66,Natural
Yukon,2017OC018,66.241,-140.558,2017,1518.51,Natural
Yukon,2017OC019,66.0838333,-138.8771667,2017,7033.26,Natural
Ontario,COC12,53.6156,-82.6002,2017,1574.0,Natural
Ontario,SLK8,54.0128,-91.6898,2017,505.2000122,Natural
Northwest Territories,VQ016-17,66.209,-127.911666,2017,32530.0,Natural
Alberta,2017WB15,59.0914,-112.7734,2017,3703.0,Natural
British Columbia,2017-V10484,49.5755,-121.8113,2017,202.0,Human
British Columbia,2017-N71000,50.3717,-116.7139,2017,330.0,Natural
Northwest Territories,EV011-17,66.513,-132.343666,2017,4367.0,Natural
Northwest Territories,EV010-17,66.181166,-131.846833,2017,500.0,Natural
Ontario,COC8,54.7624,-85.3906,2017,438.0,Natural
Yukon,2017MA008,65.4996667,-135.3045,2017,7877.0,Natural
Yukon,2017DA016,63.3849167,-139.7425333,2017,2354.44,Natural
Newfoundland and Labrador,605,53.05,-61.12,2017,609.0,Natural
Manitoba,NE031,57.115278,-96.842222,2017,262.0,Natural
Manitoba,NE030,56.769167,-96.870556,2017,11977.0,Natural
Yukon,2017OC016,66.7717167,-136.7923667,2017,1165.87,Natural
Yukon,2017OC013,66.3913333,-140.5441667,2017,711.28,Natural
Yukon,2017OC014,66.4226667,-140.7628333,2017,1730.3,Natural
Alberta,SWF049,56.93867,-115.0551,2017,320.0,Natural
Northwest Territories,VQ013-17,67.134333,-127.696833,2017,48453.0,Natural
Northwest Territories,VQ011-17,65.602333,-130.083,2017,31048.0,Natural
Manitoba,NE337,57.0125,-91.918333,2017,313.0,Natural
Yukon,2017OC007,67.2283333,-139.3605833,2017,21673.5,Natural
Yukon,2017OC009,67.82,-139.8000667,2017,1317.23,Natural
Yukon,2017OC010,67.2233333,-140.8766667,2017,24500.0,Natural
Northwest Territories,EV006-17,66.182,-131.953666,2017,513.08,Natural
Northwest Territories,VQ007-17,65.5995,-127.6105,2017,1050.0,Natural
Northwest Territories,FS009-17,61.930333,-120.907166,2017,359.0,Natural
Manitoba,NE023,58.606667,-98.992222,2017,1129.0,Natural
Manitoba,NE026,57.923889,-99.968056,2017,832.2,Natural
Yukon,2017DA012,65.5876667,-138.8106167,2017,8275.2,Natural
Yukon,2017DA009,64.93645,-137.3786,2017,393.17,Natural
Yukon,2017DA006,63.8740833,-139.3706667,2017,1073.01,Natural
British Columbia,2017-G31097,52.3137,-118.3705,2017,2100.0,Natural
Yukon,2017MA004,65.6007833,-134.4066667,2017,56841.0,Natural
Yukon,2017MA005,65.7166667,-134.3333333,2017,2500.0,Natural
Yukon,2017OC004,68.139,-138.5416667,2017,2117.96,Natural
Yukon,2017OC002,67.0975667,-136.75275,2017,1877.27,Natural
Yukon,2017OC003,67.0361,-138.2074667,2017,695.29,Natural
Yukon,2017OC005,66.3889167,-139.1369167,2017,4261.19,Natural
Northwest Territories,VQ008-17,66.304833,-130.878666,2017,24326.0,Natural
Yukon,2017DA004,65.891,-137.5285,2017,86127.86,Natural
Yukon,2017MA001,63.5686667,-133.6228333,2017,6653.0,Natural
Yukon,2017MA003,63.1531667,-137.7658333,2017,5283.0,Natural
Alberta,2017WB14,59.5158,-113.8948,2017,2640.0,Natural
Ontario,COC14,54.5458,-83.4667,2017,7000.0,Natural
Ontario,NIP9,51.7843,-88.375,2017,13553.2998,Natural
Quebec,2017-81,47.8021,-75.5479,2017,630.9,Human
Yukon,2017DA001,63.4977833,-138.45465,2017,13011.59,Natural
Quebec,2017-70,52.4887,-74.9202,2017,1074.9,Natural
Quebec,2017-72,52.5297,-74.8304,2017,2387.9,Natural
Quebec,2017-73,52.3167,-72.9006,2017,5757.5,Natural
Quebec,2017-74,50.0236,-76.5147,2017,4951.5,Natural
Quebec,2017-68,52.2725,-76.4034,2017,1698.7,Natural
Quebec,2017-61,54.0117,-75.2117,2017,371.4,Natural
Quebec,2017-63,54.0514,-75.2753,2017,1262.3,Natural
Quebec,2017-64,53.977,-71.6269,2017,217.4,Natural
Quebec,2017-65,53.7478,-72.1014,2017,15430.4,Natural
Quebec,2017-67,53.7054,-72.7604,2017,468.2,Natural
Quebec,2017-77,50.2381,-76.048,2017,499.2,Natural
British Columbia,2017-N51265,51.0806,-117.5768,2017,1343.7,Natural
Alberta,2017WB13,59.6781,-114.568,2017,2852.0,Natural
Quebec,2017-66,52.2153,-74.0614,2017,1987.5,Natural
Alberta,2017WB7,59.8863,-114.6573,2017,395.0,Natural
Alberta,HWF098,59.6475,-116.851433,2017,210.0,Natural
Alberta,HWF102,59.859383,-116.8565,2017,387.7,Natural
Northwest Territories,SS003-17,60.280833,-117.159333,2017,742.0,Natural
Northwest Territories,2017NA1,61.6243,-125.2303,2017,755.0,Natural
Northwest Territories,2017NA2,61.6037,-125.2565,2017,970.0,Natural
Yukon,2017WL001,60.3211333,-126.4090667,2017,2871.0,Natural
Alberta,2017WB1,58.6201,-111.628,2017,25280.0,Unknown
British Columbia,2017-G30140,52.9762,-119.3406,2017,574.0,Human
Quebec,2017-43,53.9889,-72.1239,2017,233.6,Human
Manitoba,NE005,54.171111,-93.538333,2017,589.8,Human
Alberta,HWF023,58.48315,-114.362033,2017,301.2,Human
Nova Scotia,04-006-2017,43.9492411,-65.6711309,2017,440.0,Human
Ontario,THU1,49.48,-89.7812,2016,3017.0,Unknown
British Columbia,2016-K70443,50.2018,-121.5862,2016,538.0,Human
Manitoba,NE097,58.031944,-98.553889,2016,386.8,Natural
British Columbia,2016-G90369,59.8938,-121.9199,2016,392.6,Natural
Nova Scotia,06-008-2016,44.5103661,-65.2860711,2016,275.014,Human
Northwest Territories,ZF039-16,64.354333,-117.944666,2016,2801.5,Natural
Northwest Territories,ZF037-16,63.565166,-112.3045,2016,481.7,Natural
Northwest Territories,ZF036-16,63.551833,-115.595166,2016,264.0,Natural
Northwest Territories,SS045-16,60.437666,-106.150666,2016,335.55,Natural
Saskatchewan,16SR-MATILDA,59.707919,-106.663416,2016,247.0,Natural
Quebec,2016-448,54.6703,-64.1122,2016,267.7,Natural
Quebec,2016-449,55.0,-63.8508,2016,474.3,Natural
Newfoundland and Labrador,2016-615,54.48,-59.27,2016,636.0,Natural
Northwest Territories,ZF029-16,62.7155,-107.386166,2016,1278.0,Natural
Northwest Territories,ZF031-16,64.247166,-119.274833,2016,4245.2,Natural
Newfoundland and Labrador,2016-614,54.03,-57.62,2016,9680.0,Natural
Northwest Territories,SS040-16,61.2815,-118.702833,2016,399.42,Natural
Saskatchewan,16SR-MOFFATT,59.778667,-106.9775,2016,18308.9,Natural
Northwest Territories,VQ024-16,64.665666,-125.707,2016,371.0,Natural
Northwest Territories,SS043-16,60.036,-119.435666,2016,537.53,Natural
Alberta,2016WB15,59.721,-113.7404,2016,286.5,Natural
Alberta,HWF193,59.92005,-118.925133,2016,752.0,Natural
Northwest Territories,ZF028-16,62.491833,-113.508666,2016,7713.9,Human
Northwest Territories,ZF030-16,62.383333,-108.016666,2016,2649.2,Natural
Northwest Territories,SS039-16,60.676166,-107.5395,2016,625.8,Natural
Northwest Territories,VQ021-16,64.957333,-124.648,2016,204.7,Natural
Northwest Territories,FS044-16,63.586333,-123.381333,2016,2165.3,Natural
Northwest Territories,VQ023-16,64.021666,-125.095833,2016,1997.6,Natural
Northwest Territories,FS041-16,60.556666,-122.194333,2016,454.7,Natural
Quebec,2016-437,52.6069,-74.0867,2016,1823.6,Natural
Northwest Territories,SS037-16,61.175,-111.9305,2016,520.31,Natural
Northwest Territories,VQ016-16,66.743666,-125.606666,2016,350.0,Natural
Northwest Territories,VQ027-16,66.179666,-130.236333,2016,1674.7,Natural
Northwest Territories,VQ019-16,65.9835,-125.705833,2016,561.8,Natural
Northwest Territories,VQ022-16,64.206333,-125.224,2016,1645.1,Natural
Northwest Territories,FS034-16,63.533333,-121.583333,2016,3290.7,Natural
Northwest Territories,ZF027-16,62.117166,-116.604666,2016,676.3,Natural
Northwest Territories,FS039-16,61.592333,-120.861833,2016,786.1,Natural
Northwest Territories,FS037-16,61.1725,-120.754833,2016,2241.3,Natural
Northwest Territories,FS035-16,60.175666,-123.906666,2016,715.4,Natural
Northwest Territories,SS036-16,60.029333,-117.838333,2016,584.35,Natural
Quebec,2016-435,57.2781,-68.2686,2016,697.8,Natural
Quebec,2016-433,57.3267,-69.3417,2016,251.6,Natural
Quebec,2016-436,56.1975,-69.3058,2016,241.0,Natural
Quebec,2016-416,52.4356,-67.6019,2016,697.0,Natural
Quebec,2016-427,51.8956,-64.0908,2016,1911.6,Natural
Northwest Territories,EV005-16,68.175833,-129.760166,2016,581.1,Natural
Northwest Territories,ZF023-16,63.695,-118.116,2016,2662.4,Natural
British Columbia,2016-R90074,59.8014,-129.3486,2016,4687.0,Natural
Quebec,2016-431,51.6919,-73.2181,2016,201.1,Natural
Quebec,2016-439,51.8042,-63.645,2016,284.1,Natural
Quebec,2016-398,51.2253,-67.5606,2016,247.1,Natural
Quebec,2016-424,55.9419,-68.1572,2016,445.8,Natural
Quebec,2016-387,54.7333,-71.8069,2016,270.8,Natural
Quebec,2016-380,51.5803,-74.6994,2016,1467.6,Natural
Quebec,2016-381,51.3433,-74.5575,2016,892.3,Natural
Quebec,2016-385,52.0056,-75.0103,2016,1764.2,Natural
Quebec,2016-402,51.3353,-73.1825,2016,1135.3,Natural
Quebec,2016-415,52.3703,-72.9108,2016,848.6,Natural
Quebec,2016-370,51.2425,-64.7069,2016,2052.0,Natural
Northwest Territories,VQ015-16,65.573666,-122.672833,2016,319.3,Natural
Quebec,2016-358,52.1964,-74.7556,2016,552.1,Natural
Quebec,2016-354,52.6714,-68.1936,2016,647.8,Natural
Quebec,2016-412,51.9789,-71.7692,2016,415.1,Natural
Quebec,2016-363,55.8283,-66.9519,2016,1380.5,Natural
Quebec,2016-360,55.47,-70.2889,2016,981.9,Natural
Quebec,2016-344,54.0172,-76.8769,2016,676.6,Natural
Quebec,2016-362,54.3267,-74.1453,2016,524.8,Natural
Quebec,2016-348,53.6983,-71.9303,2016,271.4,Natural
Quebec,2016-346,54.0281,-75.8258,2016,4921.3,Natural
Northwest Territories,VQ012-16,64.745666,-120.403333,2016,1847.7,Natural
Saskatchewan,16SR-OCHAK,59.292867,-103.72375,2016,485.28,Natural
Northwest Territories,VQ011-16,66.3385,-127.488,2016,1462.2,Natural
Northwest Territories,VQ013-16,65.306833,-119.518333,2016,6743.7,Natural
Manitoba,NE082,58.218056,-100.781389,2016,458.1,Natural
Northwest Territories,VQ010-16,65.9455,-127.059333,2016,7747.5,Natural
Northwest Territories,VQ009-16,65.784666,-127.5725,2016,1073.9,Natural
Northwest Territories,VQ007-16,65.2295,-126.304,2016,8037.3,Natural
Northwest Territories,ZF018-16,62.084666,-113.015333,2016,413.3,Natural
Northwest Territories,ZF017-16,61.95,-112.716666,2016,3073.6,Natural
Northwest Territories,FS030-16,62.094,-121.9515,2016,223.9,Natural
Alberta,2016WB12,59.8369,-113.3947,2016,338.5,Natural
Manitoba,NE076,56.409444,-97.960833,2016,575.0,Natural
Northwest Territories,ZF013-16,63.616666,-116.5355,2016,26942.6,Natural
Northwest Territories,ZF014-16,63.412,-116.0425,2016,31056.7,Natural
Northwest Territories,SS031-16,60.915,-107.372333,2016,565.26,Natural
Northwest Territories,SS026-16,60.867166,-110.475666,2016,1461.13,Natural
Northwest Territories,SS027-16,60.6995,-109.9005,2016,2344.68,Natural
Northwest Territories,SS024-16,60.6115,-111.963,2016,382.7,Natural
Manitoba,NE073,57.080833,-100.193333,2016,308.0,Natural
Manitoba,NE075,56.208889,-97.308889,2016,2028.8,Natural
Northwest Territories,SS022-16,61.504333,-112.427333,2016,8380.2,Natural
Saskatchewan,16DB-JOHN,55.535567,-102.6226,2016,449.6,Natural
Manitoba,NE066,58.126944,-97.606111,2016,812.3,Natural
Manitoba,NE062,56.995278,-94.925833,2016,3822.7,Natural
Ontario,NIP23,52.1622,-88.5394,2016,932.0,Natural
Alberta,HWF156,58.43855,-114.381217,2016,451.7,Natural
Alberta,HWF159,58.314667,-114.022217,2016,540.8,Natural
Saskatchewan,16SR-LEXI,59.41245,-105.695683,2016,20043.2,Natural
Manitoba,NE064,58.173611,-96.844722,2016,322.0,Natural
Manitoba,NE063,58.028333,-96.920833,2016,2614.0,Natural
Northwest Territories,VQ004-16,65.422166,-126.233333,2016,1980.3,Natural
Northwest Territories,FS027-16,62.4005,-123.2305,2016,5155.2,Natural
Alberta,2016WB9,58.1828,-112.1565,2016,757.9,Natural
Alberta,HWF130,59.865967,-118.14715,2016,2297.5,Natural
Alberta,HWF132,59.640833,-119.723167,2016,204.3,Natural
Saskatchewan,16SR-FORCIE,59.686167,-109.459667,2016,560.0,Natural
Saskatchewan,16SR-TROVILLO,59.705683,-109.464483,2016,200.0,Natural
Yukon,2016WL001,60.53455,-127.17465,2016,5167.0,Natural
Northwest Territories,SS016-16,60.115333,-106.927,2016,3165.03,Natural
Northwest Territories,VQ003-16,66.467,-127.552666,2016,2992.2,Natural
Northwest Territories,ZF006-16,62.295,-117.643,2016,2166.7,Natural
Northwest Territories,SS015-16,60.581166,-113.916,2016,2057.63,Natural
Saskatchewan,16SR-CROW,59.416417,-106.038333,2016,1269.55,Natural
Saskatchewan,16BN-KURT,56.520333,-109.375833,2016,454.0,Natural
Saskatchewan,16BN-DUTCH,57.6781,-108.232,2016,10397.0,Natural
Saskatchewan,16BN-KOOP,57.674033,-108.577567,2016,24204.2,Natural
Saskatchewan,16BN-BNA,57.048567,-107.671683,2016,3659.88,Natural
Manitoba,NE054,57.566389,-95.396667,2016,2380.0,Natural
Northwest Territories,SS014-16,60.893166,-108.7555,2016,4829.21,Natural
Alberta,2016WB6,59.0264,-111.8486,2016,5797.3,Natural
Saskatchewan,16SR-TSALWOR,59.731983,-109.45575,2016,2883.0,Natural
Saskatchewan,16SR-HULL,58.175,-102.608333,2016,1535.7,Natural
Manitoba,NE052,58.458056,-100.905833,2016,589.7,Natural
Northwest Territories,SS006-16,60.203,-116.906833,2016,418.19,Natural
Saskatchewan,16SR-STONE,58.594983,-107.361733,2016,80347.9,Natural
Saskatchewan,16SR-LIVING,58.580967,-107.2662,2016,226.5,Natural
Saskatchewan,16SR-NARROWS,58.329333,-107.68855,2016,20066.11,Natural
Saskatchewan,16BN-BELL,58.404667,-109.071167,2016,386.45,Natural
Northwest Territories,SS005-16,61.103333,-107.7765,2016,11210.96,Natural
Northwest Territories,SS008-16,61.291,-110.581833,2016,32561.37,Natural
Saskatchewan,16LA-PARKER,57.052117,-105.58655,2016,1000.0,Natural
Saskatchewan,16LA-JOHNSON,57.071517,-105.593433,2016,3149.3,Natural
Quebec,2016-329,53.8203,-71.8228,2016,1404.0,Natural
Saskatchewan,16LX-PIPE,58.036783,-106.60145,2016,12613.0,Natural
Saskatchewan,16LA-PATTER,57.696917,-104.276479,2016,344.6,Natural
Manitoba,NE034,56.508333,-101.058333,2016,242.0,Natural
Manitoba,NE044,56.110278,-101.706111,2016,1059.3,Natural
Manitoba,NE038,56.1625,-95.165278,2016,264.0,Natural
Manitoba,NE028,55.018333,-95.162778,2016,1466.0,Natural
Northwest Territories,SS003-16,61.002,-110.259333,2016,7639.26,Natural
Manitoba,NW006,53.073056,-99.834722,2016,651.0,Human
Northwest Territories,FS008-16,63.305666,-122.544333,2016,5565.8,Natural
Northwest Territories,FS007-16,63.966666,-124.033333,2016,27570.7,Natural
Yukon,2016MA001,63.2,-134.1833333,2016,2500.0,Natural
Quebec,2016-285,55.0461,-71.0739,2016,338.2,Natural
Quebec,2016-286,55.0925,-70.5378,2016,1963.0,Natural
Yukon,2016CA001,62.9473333,-134.8538333,2016,13350.0,Natural
Northwest Territories,2016NA1,61.1232,-126.5036,2016,500.0,Natural
Saskatchewan,16BN-PAT,56.57175,-108.43045,2016,4143.39,Natural
British Columbia,2016-N60057,49.0163,-118.3294,2016,224.0,Human
Alberta,HWF100,59.949367,-119.241533,2016,320.9,Natural
Saskatchewan,16BN-WAYNE,55.800167,-109.764333,2016,4670.9,Natural
Saskatchewan,16LX-NOBBS,55.336983,-107.4435,2016,1134.95,Natural
British Columbia,2016-R90065,58.9385,-132.0044,2016,439.0,Natural
Saskatchewan,16BN-MARIE,57.300817,-108.059017,2016,11532.1,Natural
Saskatchewan,16BN-BRIAN,57.600117,-109.1866,2016,21716.7,Natural
Saskatchewan,16HB-BALSAM,54.361933,-103.0062,2016,813.6,Natural
Ontario,HEA5,49.7585,-84.9291,2016,2574.100098,Human
Ontario,WAW7,48.6797,-85.997,2016,294.0,Human
Ontario,HEA4,49.7758,-84.5672,2016,475.0,Human
Ontario,NIP12,49.7501,-86.9646,2016,286.1000061,Human
Ontario,THU19,49.1708,-89.9147,2016,868.0,Natural
British Columbia,2016-C50057,52.2702,-123.9901,2016,200.0,Natural
Alberta,WWF025,54.525278,-116.803612,2016,657.0,Unknown
Yukon,2016DA001,63.9031667,-138.848,2016,272.0,Natural
Manitoba,CE028,51.465556,-97.308889,2016,447.3,Human
Alberta,MWF015,56.7831,-110.581317,2016,11604.0,Natural
Saskatchewan,16SR-DAVY,58.804067,-108.4638,2016,3169.6,Natural
Manitoba,EA012,49.881944,-95.174167,2016,3892.7,Human
Ontario,RED3,50.9186,-94.927,2016,74334.0,Natural
Ontario,KEN18,49.8533,-95.1486,2016,1885.0,Human
Alberta,MWF014,56.608317,-110.940367,2016,310.0,Natural
Manitoba,EA013,50.919167,-95.178889,2016,12648.5,Natural
Manitoba,CE020,51.432778,-97.410833,2016,202.1,Human
Saskatchewan,16HB-SUCKER,53.805133,-102.50045,2016,388.9,Natural
Saskatchewan,16SF-RM185,50.647058,-102.906372,2016,500.0,Human
Alberta,MWF009,56.670117,-111.464233,2016,485123.6,Unknown
Alberta,SWF030,56.737167,-115.909133,2016,1939.9,Natural
Saskatchewan,16PA-RM431,52.853333,-106.052833,2016,450.0,Human
British Columbia,2016-G80107,56.5855,-120.4975,2016,300.0,Human
Saskatchewan,16SF-CONDIE,50.560591,-104.716364,2016,250.0,Human
Manitoba,CE001,51.873333,-99.706667,2016,223.6,Human
British Columbia,2016-G80074,56.2564,-121.6375,2016,5636.0,Human
British Columbia,2016-G70073,56.1031,-121.9993,2016,510.0,Human
British Columbia,2016-G80068,56.5229,-120.4328,2016,62700.0,Human
British Columbia,2016-G80046,56.5937,-121.1951,2016,15739.0,Human
British Columbia,2016-G80065,56.2839,-121.0885,2016,250.0,Human
British Columbia,2016-G80078,57.001,-121.4809,2016,237.0,Human
British Columbia,2016-G80040,56.1999,-120.6388,2016,420.0,Human
British Columbia,2016-G80051,56.2232,-121.4305,2016,500.0,Human
British Columbia,2016-G70045,55.9794,-121.3513,2016,447.0,Human
British Columbia,2016-G70067,56.0994,-120.6907,2016,897.0,Human
British Columbia,2016-G70037,56.0502,-121.9613,2016,272.1,Human
British Columbia,2016-G70043,55.7264,-121.2176,2016,641.0,Human
British Columbia,2016-G70052,55.669,-120.7123,2016,475.0,Human
British Columbia,2016-G70057,55.6131,-121.4046,2016,539.0,Human
British Columbia,2016-G80108,56.2867,-121.4267,2016,236.0,Human
British Columbia,2016-C10023,52.9755,-123.6016,2016,398.5,Human
Northwest Territories,ZF048-15,64.0425,-121.135666,2015,269.0,Natural
Northwest Territories,FS083-15,61.494833,-123.469166,2015,2667.1,Natural
Northwest Territories,ZF047-15,64.7745,-119.147833,2015,394.2,Natural
Saskatchewan,15BN-LDSAT08,58.209117,-109.845767,2015,5086.594009,Natural
Saskatchewan,15LX-LASAT01,55.012733,-109.78345,2015,283.0,Natural
Manitoba,WE022,51.066111,-99.033333,2015,1600.0,Human
Saskatchewan,15BN-LDSAT04,57.444767,-107.83795,2015,6164.230618,Natural
Ontario,SLK1,50.0368,-91.6936,2015,3297.600098,Unknown
Saskatchewan,15SR-LASAT01,58.381117,-108.06815,2015,2128.747827,Natural
British Columbia,2015-N10741,49.187,-115.5937,2015,1250.0,Natural
British Columbia,2015-C50219,51.0645,-124.034,2015,378.87,Natural
British Columbia,2015-N60726,49.3825,-118.2863,2015,277.3,Natural
British Columbia,2015-N50600,49.5283,-117.9767,2015,1240.0,Natural
British Columbia,2015-N60667,49.6131,-118.4681,2015,303.0,Natural
British Columbia,2015-K50615,49.1227,-119.6236,2015,5202.0,Natural
British Columbia,2015-K50619,49.2013,-119.5715,2015,317.0,Human
Manitoba,NE206,57.345,-98.0475,2015,300.0,Natural
Manitoba,NE205,56.798056,-100.170833,2015,420.4,Natural
British Columbia,2015-K60590,50.3284,-121.072,2015,400.0,Human
British Columbia,2015-K20589,50.397,-120.4038,2015,235.0,Natural
British Columbia,2015-N70624,49.1594,-116.6702,2015,480.0,Natural
British Columbia,2015-N60584,49.0724,-119.0086,2015,4417.0,Human
Manitoba,NE201,58.235556,-100.887778,2015,253.8,Natural
Manitoba,NE202,57.770556,-100.589722,2015,232.2,Natural
British Columbia,2015-V60407,48.6282,-124.2386,2015,400.0,Human
British Columbia,2015-N60590,49.156,-118.1181,2015,320.0,Natural
Quebec,2015-336,56.8006,-68.2008,2015,409.6,Natural
Newfoundland and Labrador,2015-625,54.43,-63.13,2015,259.0,Natural
Northwest Territories,SS081-15,60.746833,-114.8,2015,4948.0,Natural
Alberta,2015WB51,59.2785,-113.1123,2015,1687.1,Natural
Northwest Territories,ZF030-15,62.394666,-112.466833,2015,5655.1,Natural
Northwest Territories,SS077-15,60.262,-102.655333,2015,1388.46,Natural
Northwest Territories,ZF029-15,62.316666,-115.816666,2015,946.7,Natural
British Columbia,2015-V10370,49.4618,-121.8727,2015,1386.0,Human
Northwest Territories,ZF036-15,65.4325,-118.258166,2015,1765.2,Natural
Northwest Territories,ZF034-15,65.652166,-114.5395,2015,648.1,Natural
Northwest Territories,ZF039-15,63.459,-115.374166,2015,342.6,Natural
Northwest Territories,ZF032-15,64.658166,-115.451,2015,1592.0,Natural
Northwest Territories,ZF031-15,64.619166,-115.247833,2015,1323.4,Natural
Northwest Territories,ZF037-15,64.6585,-114.913,2015,1145.2,Natural
Saskatchewan,15LA-JEAN,56.342517,-106.382733,2015,13557.15803,Natural
British Columbia,2015-N60585,49.2741,-118.4138,2015,1966.0,Natural
Saskatchewan,15LA-GORDON,55.9023,-106.438733,2015,3580.191004,Natural
Saskatchewan,15LA-DONNER,56.1188,-106.41975,2015,1936.296099,Natural
Manitoba,NE176,55.478611,-95.030833,2015,418.1,Natural
Manitoba,NE178,55.381944,-94.220833,2015,214.7,Natural
Saskatchewan,15LX-PAWR02,55.2992,-109.7652,2015,25751.8746,Natural
Manitoba,NE174,55.844167,-95.314444,2015,1108.1,Natural
Ontario,SUD38,47.0063,-81.4032,2015,438.0,Human
Saskatchewan,15LA-JONES,55.606,-105.865233,2015,2269.549834,Natural
Saskatchewan,15LA-RODGERS,55.61245,-106.0178,2015,518.366427,Natural
Saskatchewan,15LA-ORTON,55.662883,-105.893983,2015,1844.870926,Natural
British Columbia,2015-K40421,50.5269,-119.5671,2015,348.0,Natural
British Columbia,2015-N50577,49.0503,-117.9296,2015,227.0,Natural
British Columbia,2015-K20418,50.5863,-121.2262,2015,230.0,Natural
British Columbia,2015-K50391,50.046,-119.5099,2015,460.0,Natural
Manitoba,NE160,57.007778,-100.022778,2015,915.7,Natural
Manitoba,NE155,54.599167,-96.7925,2015,408.7,Natural
Saskatchewan,15BN-LDSAT01,56.64435,-107.7461,2015,4372.261904,Natural
Saskatchewan,15BN-LDSAT05,55.991911,-109.996016,2015,1813.645485,Natural
Saskatchewan,15BN-LDSAT07,57.269433,-107.3358,2015,657.666041,Natural
Alberta,SWF211,57.267517,-115.7718,2015,473.3,Natural
Manitoba,NE148,55.770278,-101.586389,2015,1071.9,Human
Saskatchewan,15DB-KEEPING,55.132647,-102.206051,2015,985.69957,Natural
Manitoba,NE145,54.249444,-96.158056,2015,522.0,Natural
Manitoba,NW052,55.131944,-99.721111,2015,450.0,Natural
Manitoba,EA092,53.266389,-96.764722,2015,332.3,Natural
Alberta,2015WB49,59.7916,-112.5802,2015,367.0,Natural
Saskatchewan,15LA-PINE2,57.466567,-102.0778,2015,1046.3,Natural
Saskatchewan,15LA-SHOE,55.295933,-104.571883,2015,634.723722,Natural
Saskatchewan,15DB-SEABEE,55.610367,-103.613767,2015,2432.828072,Natural
Manitoba,EA088,51.668056,-95.616667,2015,410.0,Natural
Northwest Territories,ZF021-15,64.1965,-118.306,2015,549.7,Natural
Saskatchewan,15LA-LDSAT04,57.752612,-104.342957,2015,351.578286,Natural
Manitoba,NW043,52.673056,-99.533333,2015,1900.0,Natural
Ontario,SLK55,54.406,-91.6357,2015,382.8999939,Natural
Saskatchewan,15LA-JEWELL,56.91135,-104.251017,2015,294.811892,Natural
Alberta,2015JA7,52.869192,-117.815363,2015,1000.0,Natural
British Columbia,2015-G90370,59.9801,-127.4353,2015,10827.3,Human
British Columbia,2015-C50146,52.2155,-124.1348,2015,8089.0,Human
Quebec,2015-300,55.3425,-75.8742,2015,639.6,Natural
British Columbia,2015-G10365,54.0913,-120.3234,2015,440.0,Natural
British Columbia,2015-N10307,49.5503,-116.5723,2015,200.0,Natural
Saskatchewan,15DB-SKIPPER,55.370234,-101.999972,2015,1184.0,Natural
Saskatchewan,15LA-SHADD,55.710333,-105.376117,2015,4184.938676,Natural
Ontario,RED59,54.095,-92.6567,2015,223.0,Natural
British Columbia,2015-G60372,56.3666,-123.8667,2015,5340.0,Natural
Alberta,HWF278,57.6969,-114.14,2015,3329.7,Natural
Saskatchewan,15BN-MALLORY,56.21125,-108.752133,2015,8752.564227,Natural
Saskatchewan,15LX-PIPESTONE,57.994517,-106.50745,2015,1811.812293,Natural
Saskatchewan,15LA-STANGER,57.15995,-102.093283,2015,527.270031,Natural
British Columbia,2015-N50275,49.1964,-117.146,2015,200.0,Natural
Saskatchewan,15LX-BOB,55.308467,-108.349283,2015,808.970362,Natural
Saskatchewan,15DB-KIPP,55.450733,-102.130917,2015,467.388876,Natural
Saskatchewan,15LA-HUTCH,55.84925,-104.29565,2015,6478.399419,Natural
Saskatchewan,15LA-WHYTE,54.789517,-104.941417,2015,1576.759055,Natural
Saskatchewan,15LA-MEW,55.023533,-106.0718,2015,1562.847101,Natural
Saskatchewan,15LA-LYNX,55.348883,-104.93555,2015,2500.001917,Natural
Northwest Territories,SS063-15,60.016666,-118.166666,2015,611.49,Natural
British Columbia,2015-V70274,49.2587,-124.9847,2015,450.0,Human
British Columbia,2015-N10278,49.5086,-116.5935,2015,250.0,Natural
Saskatchewan,15LA-STOWERS,55.039833,-105.902,2015,1599.740064,Natural
Saskatchewan,15LX-BARB,55.296483,-107.174583,2015,1636.347862,Natural
Saskatchewan,15WY-BITERN,53.975917,-105.73775,2015,318.342158,Natural
Saskatchewan,15LX-MUG,54.902983,-107.45205,2015,3407.112853,Natural
Saskatchewan,15LA-CAREY,55.042017,-104.640483,2015,20304.10467,Natural
Northwest Territories,SS061-15,60.631,-108.213,2015,600.0,Natural
Northwest Territories,SS062-15,60.564,-108.289333,2015,1200.0,Natural
Northwest Territories,SS060-15,60.619166,-106.792333,2015,1524.0,Natural
Northwest Territories,SS059-15,60.483666,-107.103166,2015,1200.0,Natural
Northwest Territories,SS057-15,60.108833,-118.565833,2015,926.79,Natural
Northwest Territories,SS064-15,60.03,-119.243166,2015,10176.0,Natural
British Columbia,2015-V50256,49.5211,-123.815,2015,423.0,Human
British Columbia,2015-N10262,49.8971,-116.3049,2015,207.0,Natural
Alberta,HWF272,59.039817,-114.984083,2015,1929.3,Natural
Alberta,PWF131,56.649467,-118.64445,2015,2872.8,Natural
Alberta,LWF191,55.960517,-112.48575,2015,200.7,Natural
Saskatchewan,15BN-MERVIN,55.384067,-109.589033,2015,922.953584,Natural
Saskatchewan,15LA-LINE,54.958883,-106.2559,2015,432.671901,Natural
Saskatchewan,15DB-MARCHELL,55.428917,-102.694233,2015,2455.451394,Natural
Northwest Territories,ZF020-15,63.4,-112.616666,2015,8361.3,Natural
Alberta,HWF267,59.37075,-117.871667,2015,789.6,Natural
Alberta,PWF129,56.821533,-118.562317,2015,419.5,Natural
Alberta,SWF175,56.982,-114.200167,2015,8407.0,Natural
Saskatchewan,15LA-MEILI,56.654167,-103.9875,2015,3288.172607,Natural
Saskatchewan,15LA-GOW,56.632333,-104.610533,2015,332.250263,Natural
Saskatchewan,15LA-FRANK,57.954233,-104.975983,2015,588.964633,Natural
Saskatchewan,15LA-BOW,55.296533,-104.369167,2015,283.462401,Natural
Saskatchewan,15LA-OTTO,56.947217,-103.2385,2015,2205.476989,Natural
Saskatchewan,15LA-WILMA,57.020817,-103.694833,2015,1236.250208,Natural
Manitoba,NE116,55.406389,-96.260556,2015,322.6,Natural
Quebec,2015-288,51.9222,-59.2239,2015,231.7,Natural
Quebec,2015-287,51.9556,-59.0017,2015,825.6,Natural
Northwest Territories,2015NA9,61.7707,-125.8442,2015,200.0,Natural
Ontario,COC15,55.8397,-89.1071,2015,580.0,Natural
British Columbia,2015-V30241,50.6786,-123.3676,2015,6735.0,Natural
British Columbia,2015-V10247,49.9155,-121.8894,2015,2985.0,Natural
British Columbia,2015-C20147,51.9035,-122.6792,2015,655.0,Natural
British Columbia,2015-N70245,50.362,-117.1922,2015,470.0,Natural
British Columbia,2015-N70261,49.6209,-117.2311,2015,777.0,Natural
Alberta,MWF113,57.4103,-113.666167,2015,330.0,Natural
Alberta,MWF114,57.387067,-113.717133,2015,14800.0,Natural
Alberta,SWF140,57.133923,-115.3109,2015,1916.0,Natural
Alberta,SWF163,55.675535,-114.616475,2015,9895.0,Natural
Saskatchewan,15LA-GIEKIE,57.7061,-103.8457,2015,1424.958026,Natural
Northwest Territories,FS075-15,60.966666,-120.333333,2015,430.1,Natural
Ontario,NIP31,52.5482,-87.9608,2015,340.0,Natural
British Columbia,2015-G90326,59.6776,-124.4466,2015,2395.6,Natural
British Columbia,2015-G90303,58.7428,-123.1242,2015,3994.4,Natural
British Columbia,2015-G90309,58.9851,-122.0269,2015,1399.4,Natural
British Columbia,2015-G90359,58.3245,-122.7542,2015,7803.8,Natural
British Columbia,2015-G90387,58.4142,-121.4086,2015,307.0,Natural
British Columbia,2015-K50247,49.0032,-119.9053,2015,588.0,Natural
Saskatchewan,15SR-OLDMAN,59.709517,-107.477917,2015,1623.069695,Natural
Saskatchewan,15DB-CALEDON,55.2063,-101.9769,2015,14056.69237,Natural
Manitoba,NE110,56.308889,-101.855556,2015,6381.2,Natural
Northwest Territories,VQ015-15,64.794,-120.907166,2015,931.9,Natural
Northwest Territories,FS072-15,63.5495,-123.2855,2015,474.8,Natural
Northwest Territories,FS074-15,63.5325,-125.357,2015,1692.1,Natural
Northwest Territories,FS073-15,63.855833,-123.922833,2015,285.4,Natural
Northwest Territories,FS071-15,63.186666,-123.84,2015,3212.9,Natural
Northwest Territories,FS070-15,62.993333,-123.541666,2015,342.9,Natural
Northwest Territories,FS068-15,62.949833,-122.714166,2015,710.6,Natural
Alberta,2015WB46,59.568,-115.4453,2015,999.8,Natural
Alberta,HWF255,58.76305,-117.3081,2015,277.96,Human
Alberta,HWF258,57.778733,-116.3263,2015,16028.9,Natural
Alberta,MWF110,56.609767,-112.142083,2015,4351.0,Natural
Saskatchewan,15DB-CRANG,54.53775,-102.704417,2015,353.501912,Natural
Saskatchewan,15WY-BTNIR01,53.8605,-105.83,2015,910.108372,Natural
Saskatchewan,15LX-TEX,55.149533,-106.7431,2015,200.0,Natural
Saskatchewan,15BN-JAYLEEN,55.6375,-108.834417,2015,10377.1602,Natural
Manitoba,NE102,56.221667,-101.278889,2015,400.0,Natural
Newfoundland and Labrador,2015-613,53.36,-61.29,2015,423.0,Natural
Newfoundland and Labrador,2015-610,53.73,-61.32,2015,1038.0,Natural
Newfoundland and Labrador,2015-617,52.28,-60.98,2015,1800.0,Natural
Yukon,2015WL018,60.071667,-127.495,2015,64466.0,Natural
Northwest Territories,ZF015-15,63.492666,-116.451333,2015,363.9,Natural
Northwest Territories,ZF016-15,64.083333,-113.966666,2015,3304.2,Natural
Northwest Territories,FS067-15,61.55,-122.583333,2015,500.0,Natural
Northwest Territories,FS064-15,62.171666,-120.125,2015,4920.7,Natural
Northwest Territories,FS065-15,61.8595,-123.593166,2015,6220.51,Natural
Northwest Territories,SS055-15,61.766,-117.836833,2015,2564.39,Natural
Northwest Territories,FS063-15,61.7,-119.633333,2015,7101.0,Natural
Northwest Territories,2015WB44,60.6487,-113.4047,2015,899.2,Natural
Alberta,2015WB45,59.5653,-115.2846,2015,261.8,Natural
British Columbia,2015-R50101,53.0389,-127.4585,2015,1159.3,Natural
Alberta,MWF106,59.251483,-111.30285,2015,956.4,Natural
Alberta,HWF249,58.049183,-115.84555,2015,4964.2,Natural
Alberta,HWF252,57.8716,-114.312867,2015,625.28,Natural
Alberta,MWF107,57.750583,-113.066667,2015,594.0,Natural
Alberta,MWF118,58.52665,-110.205567,2015,1045.1,Natural
Saskatchewan,15BR-POND19,54.6035,-108.174917,2015,571.75896,Natural
Saskatchewan,15LA-DICKSON,56.566917,-103.827083,2015,827.882009,Natural
Saskatchewan,15LA-MARGE,56.459283,-103.76815,2015,10677.26141,Natural
Saskatchewan,15BN-BRAY,55.680917,-109.596467,2015,64505.45856,Natural
Saskatchewan,15SR-MILAD,58.92335,-102.768217,2015,910.158298,Natural
Saskatchewan,15LX-RED,57.227767,-106.354167,2015,24180.31018,Natural
Saskatchewan,15LA-JOHN,55.781067,-106.07585,2015,470.418003,Natural
Saskatchewan,15DB-SCIMITAR,55.833067,-102.701417,2015,22006.48649,Natural
Saskatchewan,15LX-PORTER,56.645133,-107.300167,2015,45614.82906,Natural
Manitoba,NE097,59.9875,-99.626111,2015,748.7,Natural
Manitoba,NE093,56.371111,-101.828333,2015,4230.3,Natural
Manitoba,NE098,56.365556,-101.776944,2015,1959.0,Natural
Manitoba,NE094,56.741944,-99.863056,2015,880.0,Natural
Quebec,2015-272,50.4028,-79.3094,2015,1014.9,Natural
Northwest Territories,ZF014-15,62.369,-113.2945,2015,33473.0,Natural
Northwest Territories,FS057-15,62.4415,-122.661666,2015,1024.8,Natural
Northwest Territories,FS059-15,62.538666,-122.768666,2015,877.7,Natural
Northwest Territories,FS056-15,62.628666,-122.279666,2015,416.4,Natural
Northwest Territories,FS058-15,62.648,-123.459166,2015,2014.4,Natural
Northwest Territories,FS060-15,61.828333,-123.078333,2015,4904.7,Natural
Northwest Territories,SS054-15,60.640333,-117.789333,2015,1594.85,Natural
Northwest Territories,SS053-15,60.487333,-117.005833,2015,336.19,Natural
Northwest Territories,SS050-15,60.972,-117.101833,2015,3447.06,Natural
Northwest Territories,FS062-15,60.828333,-121.845,2015,360.1,Natural
Northwest Territories,SS051-15,60.639333,-113.4305,2015,5500.0,Natural
Northwest Territories,2015WB39,60.0417,-114.877,2015,18578.0,Natural
Alberta,2015WB41,59.6624,-113.0389,2015,24875.7,Natural
Alberta,2015WB38,59.2423,-111.5548,2015,3195.6,Natural
Alberta,2015WB40,58.3369,-113.4738,2015,9293.1,Natural
British Columbia,2015-G90323,59.7668,-120.3396,2015,3151.8,Natural
Alberta,HWF223,59.753067,-117.1767,2015,626.38,Natural
Alberta,HWF234,59.8466,-116.768133,2015,278.1,Natural
Alberta,HWF237,59.293383,-118.094617,2015,19280.0,Natural
Alberta,HWF240,59.216,-117.6876,2015,661.5,Natural
Alberta,HWF246,59.243467,-117.982,2015,3815.5,Natural
Alberta,HWF248,59.229717,-119.975783,2015,15155.0,Natural
Alberta,HWF229,57.941217,-114.616117,2015,42737.35,Natural
Alberta,MWF101,57.736167,-112.923833,2015,68000.0,Natural
Alberta,MWF094,57.006633,-110.534333,2015,11032.9,Natural
Alberta,LWF175,56.0438,-110.21215,2015,15375.6,Natural
Saskatchewan,15BN-KAYLE,55.56245,-109.245433,2015,7900.0,Natural
Saskatchewan,15LX-DORE,54.789733,-107.495767,2015,521.397852,Natural
Saskatchewan,15SR-RIVER-2,58.968733,-105.073683,2015,3723.243067,Natural
Saskatchewan,15LA-IRVINE,55.734017,-106.003833,2015,2657.026733,Natural
Saskatchewan,15LX-ROCK,55.729317,-106.583317,2015,500.0,Natural
Saskatchewan,15BN-MACK,56.515867,-109.247133,2015,38277.84287,Natural
Saskatchewan,15LX-ALSTEAD,55.552567,-107.23325,2015,500.0,Natural
Saskatchewan,15WY-CRYSTO,54.5878,-105.947983,2015,9000.0,Natural
Saskatchewan,15SR-REIDS,58.919233,-102.925033,2015,1512.640547,Natural
Saskatchewan,15BN-NUT2,56.564514,-108.36644,2015,28186.03205,Natural
Saskatchewan,15LA-HODGES,55.47555,-105.911433,2015,6256.0,Natural
Saskatchewan,15LX-SENYK,55.522735,-106.714103,2015,140007.2818,Natural
Saskatchewan,15DN-PAWR01,54.9685,-109.2174,2015,3503.533,Natural
Saskatchewan,15LA-MARK,55.381367,-106.5091,2015,508.994213,Natural
Saskatchewan,15LA-ADAM,55.34495,-106.427633,2015,4417.250485,Natural
Saskatchewan,15BN-EAGLE,57.8,-109.05,2015,19825.37467,Natural
Saskatchewan,15LX-DOG,55.671033,-107.0498,2015,4000.0,Natural
Saskatchewan,15LA-FRANCIS,55.28405,-105.070417,2015,2843.167402,Natural
Saskatchewan,15LX-SPEAR,55.6851,-106.8374,2015,300.0,Natural
Saskatchewan,15BN-CLAY2,56.500364,-109.705,2015,3806.852193,Natural
Saskatchewan,15BN-LES,58.433967,-109.381117,2015,1227.545611,Natural
Manitoba,NE096,56.33,-99.369722,2015,362.2,Natural
Manitoba,NW026,55.653056,-100.630833,2015,3503.5,Natural
Manitoba,NE077,56.150278,-98.400278,2015,3312.9,Natural
Manitoba,NE084,55.356389,-98.868333,2015,802.8,Natural
Manitoba,NE076,55.356111,-97.056111,2015,5136.6,Natural
Manitoba,NE082,54.908889,-95.660556,2015,577.3,Natural
Manitoba,NW028,53.915278,-99.642778,2015,3059.9,Natural
Manitoba,EA049,52.536667,-96.297222,2015,200.0,Natural
Manitoba,NW020,52.777222,-99.343056,2015,1168.1,Natural
Yukon,2015DA042,65.647483,-136.316017,2015,300.0,Natural
Northwest Territories,SS044-15,60.35,-111.5095,2015,987.13,Natural
Northwest Territories,SS042-15,60.2015,-111.246833,2015,213.6,Natural
Northwest Territories,SS045-15,60.4385,-111.472333,2015,814.0,Natural
Northwest Territories,FS048-15,61.538333,-121.649833,2015,8690.0,Natural
Northwest Territories,FS051-15,61.694666,-123.052833,2015,8125.4,Natural
Northwest Territories,SS048-15,61.449833,-117.109666,2015,1583.12,Natural
Northwest Territories,SS040-15,61.204666,-118.6,2015,4515.08,Natural
Northwest Territories,SS037-15,60.572166,-115.8565,2015,33763.13,Natural
Northwest Territories,FS045-15,61.092,-122.406833,2015,9801.8,Natural
Northwest Territories,FS054-15,60.117833,-121.945,2015,5147.2,Natural
Northwest Territories,FS055-15,60.076666,-122.749166,2015,930.4,Natural
Northwest Territories,2015WB25,60.0819,-113.8019,2015,804.5,Natural
Saskatchewan,2015PA5,54.25,-106.28,2015,8620.0,Natural
Ontario,RED46,51.3007,-94.9358,2015,333.0,Natural
Ontario,SLK21,52.583,-91.2974,2015,429.0,Natural
Ontario,RED44,51.2952,-94.6458,2015,1024.0,Natural
British Columbia,2015-G90269,59.1845,-122.3646,2015,1047.0,Natural
British Columbia,2015-G90287,59.2333,-120.0,2015,1918.3,Natural
British Columbia,2015-G90292,58.0797,-121.9575,2015,2421.1,Natural
Alberta,MWF091,59.051,-110.78875,2015,1127.8,Natural
Alberta,HWF220,58.462933,-118.18735,2015,7048.19,Natural
Alberta,HWF217,58.52995,-118.0047,2015,28270.0,Natural
Alberta,HWF219,58.190767,-118.35585,2015,11945.8,Natural
Alberta,HWF216,57.767067,-114.488367,2015,457.6,Natural
Alberta,HWF227,57.5809,-114.77335,2015,2131.69,Natural
Alberta,HWF228,57.561667,-114.419417,2015,309.5,Natural
Alberta,HWF213,57.916833,-116.023867,2015,12822.5,Natural
Saskatchewan,15BN-JACKSON,58.2625,-109.429167,2015,26375.2843,Natural
Saskatchewan,15LX-FISH,57.008333,-106.7625,2015,5800.63289,Natural
Saskatchewan,15LA-MARCUS,55.577967,-104.603983,2015,346.335778,Natural
Saskatchewan,15LA-ELI,55.2657,-105.285517,2015,11317.0,Natural
Saskatchewan,15LX-BRENDA,55.348517,-107.019933,2015,400.0,Natural
Saskatchewan,15LX-BAR,55.47925,-106.5089,2015,1107.319931,Natural
Saskatchewan,15WY-PHILION,54.540617,-106.544117,2015,106749.9719,Natural
Saskatchewan,15LF-EAST,54.297983,-105.36475,2015,733.560277,Natural
Saskatchewan,15HB-BORDER,53.5125,-101.770833,2015,359.309501,Natural
Saskatchewan,15LF-DOWD,54.671,-104.850233,2015,1723.484799,Natural
Saskatchewan,15LX-SUDDEN,54.830783,-107.9642,2015,5031.829728,Natural
Saskatchewan,15DB-VANCE,54.880483,-103.7008,2015,27164.75274,Natural
Saskatchewan,15WY-WEYAK,54.39925,-105.963583,2015,229.0,Natural
Saskatchewan,15BN-KODA,58.525,-109.616667,2015,10748.96482,Natural
Saskatchewan,15BN-CINDY,56.45,-107.933333,2015,26605.9747,Natural
Saskatchewan,15LF-NIPEK,54.417017,-105.05375,2015,391.909583,Natural
Saskatchewan,15LA-EMMEL,54.9578,-106.588983,2015,15328.0,Natural
Saskatchewan,15LX-CARRAG,54.999717,-106.846533,2015,18926.78639,Natural
Saskatchewan,15WY-MLIR13,54.065267,-105.88285,2015,4171.847707,Natural
Saskatchewan,15LX-PHANE,55.2647,-106.911217,2015,500.0,Natural
Saskatchewan,15LX-GILBERT,55.169233,-106.67825,2015,2732.328201,Natural
Manitoba,NW025,55.765,-100.17,2015,2172.4,Natural
Manitoba,NW016,53.523889,-101.085,2015,8500.0,Natural
Yukon,2015OC013,66.4105,-139.353833,2015,600.0,Natural
Yukon,2015DA035,64.733833,-138.040833,2015,600.0,Natural
Yukon,2015DA036,63.601117,-138.13915,2015,500.0,Natural
Yukon,2015BC005,62.3951,-139.22915,2015,405.0,Natural
Yukon,2015CA015,62.746667,-135.3575,2015,515.0,Natural
Northwest Territories,FS039-15,62.088166,-122.970833,2015,5993.8,Natural
Northwest Territories,FS042-15,60.415,-120.53,2015,5592.5,Natural
Northwest Territories,SS036-15,60.656166,-114.0865,2015,1090.5,Natural
Northwest Territories,2015NA7,61.3833,-123.75,2015,1173.0,Natural
Northwest Territories,2015WB20,60.1793,-113.6485,2015,14554.3,Natural
Alberta,2015WB22,59.5146,-113.7297,2015,3297.0,Natural
Northwest Territories,2015WB21,60.2833,-113.9167,2015,559.2,Natural
Ontario,NIP24,52.1924,-88.2266,2015,529.0,Natural
Ontario,NIP38,52.2889,-88.0988,2015,203.0,Natural
British Columbia,2015-G90263,59.8536,-121.3409,2015,13498.6,Natural
British Columbia,2015-G90258,59.6903,-120.8206,2015,2204.6,Natural
British Columbia,2015-G90267,59.6351,-120.0221,2015,6254.2,Natural
Alberta,MWF052,59.6531,-110.343233,2015,24458.0,Natural
Alberta,HWF200,59.826867,-117.74615,2015,8948.7,Natural
Alberta,HWF201,59.927883,-118.046067,2015,1113.9,Natural
Alberta,HWF202,59.981017,-118.158967,2015,218.0,Natural
Alberta,HWF205,59.7917,-118.5111,2015,3736.6,Natural
Alberta,HWF196,58.792833,-118.159333,2015,793.0,Natural
Alberta,HWF204,59.1426,-115.1524,2015,10175.7,Natural
Alberta,MWF078,57.8403,-112.5289,2015,9000.0,Natural
Alberta,LWF161,55.476183,-112.027267,2015,11363.9,Natural
Yukon,2015OC012,66.083333,-134.183333,2015,400.0,Natural
Yukon,2015OC010,67.011833,-140.32325,2015,350.0,Natural
Yukon,2015OC011,66.854017,-140.375233,2015,5000.0,Natural
Yukon,2015WL014,60.589133,-125.760217,2015,7312.0,Natural
Northwest Territories,SS034-15,60.032833,-107.701666,2015,400.0,Natural
Northwest Territories,SS029-15,61.483166,-119.171,2015,49818.94,Natural
Northwest Territories,SS030-15,61.258,-118.311333,2015,10035.0,Natural
Northwest Territories,SS035-15,60.09,-117.36,2015,7037.04,Natural
Alberta,2015WB19,59.2672,-111.658,2015,14584.7,Natural
Ontario,RED25,50.8764,-94.7504,2015,2189.0,Natural
British Columbia,2015-G90243,59.3553,-121.0831,2015,207.0,Natural
British Columbia,2015-G90255,59.6322,-126.6923,2015,366.4,Natural
British Columbia,2015-G90245,59.6284,-121.4204,2015,4175.6,Natural
British Columbia,2015-G90261,59.7734,-121.0046,2015,1280.4,Natural
British Columbia,2015-G80252,57.9047,-120.153,2015,20000.0,Natural
Alberta,HWF182,59.642667,-118.8409,2015,1914.49,Natural
Saskatchewan,15LF-ADAMS,54.152917,-103.533333,2015,819.469478,Natural
Saskatchewan,15LX-FORCIER,56.08795,-107.627883,2015,178818.1976,Natural
Saskatchewan,15BN-TOM,56.384333,-108.353333,2015,1969.441583,Natural
Yukon,2015DA032,63.241283,-139.388583,2015,1562.0,Natural
Yukon,2015MA034,63.164433,-136.0858,2015,2900.0,Natural
Yukon,2015MA035,63.026333,-135.859833,2015,361.0,Natural
Northwest Territories,VQ010-15,64.790666,-122.028166,2015,522.8,Natural
Northwest Territories,SS028-15,60.786666,-114.426166,2015,10990.6,Natural
Northwest Territories,SS027-15,60.603333,-114.372833,2015,1864.7,Natural
Saskatchewan,15LX-PIPE,57.8678,-106.8269,2015,8956.090751,Natural
Yukon,2015DA031,63.240517,-138.86185,2015,712.0,Natural
Yukon,2015CA012,62.73,-137.637167,2015,2837.0,Natural
Northwest Territories,SS033-15,60.021,-107.686666,2015,4777.2,Natural
Ontario,COC13,50.6353,-79.9005,2015,1120.0,Natural
British Columbia,2015-G60353,58.2017,-125.7766,2015,1626.5,Natural
Yukon,2015CA011,62.564,-134.998333,2015,1200.0,Natural
Yukon,2015CA010,62.04,-134.538333,2015,2000.0,Natural
Northwest Territories,2015WB17,60.1111,-115.1811,2015,1138.7,Natural
Manitoba,NW031,53.491944,-101.705,2015,1200.0,Natural
Alberta,2015WB16,59.0928,-111.5662,2015,1501.3,Natural
Ontario,COC10,52.8085,-85.3509,2015,500.0,Natural
Saskatchewan,15SR-ROAD2,58.797867,-104.91985,2015,798.514967,Natural
Saskatchewan,15LX-FOX,55.637683,-107.642833,2015,1821.520021,Natural
Ontario,NIP23,53.2052,-88.2599,2015,4067.0,Natural
Yukon,2015BC004,62.886883,-140.308,2015,3000.0,Natural
Yukon,2015DA022,63.21465,-140.1188,2015,2848.0,Natural
Ontario,RED16,52.7036,-93.8517,2015,2629.0,Natural
British Columbia,2015-R10112,53.5821,-126.7233,2015,437.0,Natural
Quebec,2015-254,52.1667,-78.3978,2015,1045.0,Human
Alberta,2015WB14,58.9772,-112.1165,2015,26962.8,Natural
Northwest Territories,SS017-15,60.139666,-108.3245,2015,28803.16,Natural
Northwest Territories,SS019-15,61.215166,-105.3895,2015,441.88,Natural
Northwest Territories,SS016-15,60.863666,-110.711833,2015,21185.74,Natural
Ontario,RED17,52.5213,-94.1488,2015,410.0,Natural
British Columbia,2015-K70122,50.1638,-121.5848,2015,2174.0,Human
Saskatchewan,15LX-WOLF,57.871217,-106.847783,2015,3065.8,Natural
Northwest Territories,ZF010-15,62.35,-117.433333,2015,61658.7,Natural
Manitoba,NE062,56.431667,-101.743333,2015,4223.0,Natural
Northwest Territories,EV002-15,68.256333,-135.456333,2015,2801.0,Natural
Alberta,EWF054,53.485417,-119.225817,2015,12052.3,Natural
Saskatchewan,15LF-BAIRD,54.037033,-103.950883,2015,3333.388927,Natural
Manitoba,NE061,56.366667,-93.336389,2015,662.6,Natural
Manitoba,NE060,56.536944,-97.934167,2015,584.6,Natural
Ontario,NIP17,53.5056,-87.8276,2015,15827.0,Natural
Saskatchewan,15BN-BRADY,56.758783,-109.571683,2015,127377.4455,Natural
Saskatchewan,15BN-JAKE,56.765533,-109.737283,2015,853.1,Natural
Saskatchewan,15LA-GREG,57.04255,-103.8854,2015,891.808073,Natural
Saskatchewan,15SR-BORDER,59.98445,-107.63535,2015,2752.45734,Natural
Saskatchewan,15LA-BOB,55.473333,-105.193333,2015,24545.0,Natural
Saskatchewan,15LA-SUCKER,55.3128,-105.359067,2015,2214.58631,Natural
Saskatchewan,15LA-BRIAN,55.839483,-104.884483,2015,29440.20375,Natural
Northwest Territories,SS015-15,60.507,-111.846833,2015,16954.7,Natural
Alberta,2015WB11,59.2491,-113.9967,2015,11336.4,Natural
Ontario,NIP19,53.4354,-88.59,2015,200.0,Natural
Alberta,HWF157,58.241483,-114.629283,2015,6129.0,Natural
Saskatchewan,15LA-BESNARD,55.272583,-105.826017,2015,2072.0,Natural
Saskatchewan,15LA-EGG,55.136517,-105.74405,2015,138847.6901,Natural
Saskatchewan,15LA-CARLSON,57.9112,-104.73515,2015,7274.250447,Natural
Saskatchewan,15SR-HENDAY,58.4255,-104.1204,2015,3941.673276,Natural
Saskatchewan,15LA-BEAR,55.6459,-105.557833,2015,7104.261053,Natural
Saskatchewan,15LA-CLARK,55.422833,-105.637333,2015,24422.0,Natural
Alberta,2015WB9,59.5379,-113.7891,2015,17496.2,Natural
Northwest Territories,2015WB7,60.0575,-112.7821,2015,4495.6,Natural
Ontario,COC6,53.815,-84.2118,2015,2500.0,Natural
Alberta,HWF151,59.271083,-114.25625,2015,8782.5,Natural
Yukon,2015MA025,64.033333,-132.383333,2015,600.0,Natural
Yukon,2015MA023,63.746883,-133.372017,2015,675.0,Natural
Yukon,2015MA024,63.220533,-133.070617,2015,450.0,Natural
Yukon,2015BC003,62.248467,-139.07825,2015,7674.0,Natural
Yukon,2015RR009,63.3754,-131.65455,2015,550.0,Natural
Northwest Territories,2015NA4,61.6933,-127.4938,2015,670.0,Natural
Northwest Territories,2015NA5,61.4207,-125.2389,2015,356.0,Natural
Northwest Territories,2015NA6,60.8562,-125.4411,2015,2882.0,Natural
British Columbia,2015-G90211,58.9878,-124.9953,2015,223.7,Human
Yukon,2015RR006,62.98575,-133.538683,2015,790.0,Natural
Northwest Territories,VQ008-15,63.550833,-125.733666,2015,2736.3,Natural
Northwest Territories,FS029-15,62.518,-121.671166,2015,2482.1,Natural
Northwest Territories,2015NC1,62.538,-128.855,2015,200.0,Natural
Northwest Territories,2015NA2,61.5119,-123.9371,2015,12210.0,Natural
Northwest Territories,FS028-15,60.256166,-119.685333,2015,14406.1,Natural
Northwest Territories,SS020-15,61.510666,-116.707666,2015,398.72,Natural
British Columbia,2015-G90180,59.5177,-127.8654,2015,35327.7,Natural
British Columbia,2015-G90195,59.4319,-121.1673,2015,946.7,Natural
British Columbia,2015-G80163,57.9607,-121.5093,2015,905.0,Natural
Saskatchewan,15DB-HERMAN,54.333333,-103.883333,2015,4452.746659,Natural
Saskatchewan,15BN-RON,56.85,-108.233333,2015,245236.6182,Natural
Yukon,2015RR005,63.286533,-131.2846,2015,1550.0,Natural
Yukon,2015MA011,63.1275,-136.326667,2015,4646.0,Natural
Yukon,2015RR002,61.996767,-130.5111,2015,1200.0,Natural
Northwest Territories,FS026-15,62.0615,-123.889166,2015,2905.0,Natural
Northwest Territories,FS027-15,60.815833,-124.163333,2015,2031.3,Natural
Northwest Territories,FS024-15,61.205166,-119.379666,2015,1012.0,Natural
Ontario,RED7,51.341,-94.2985,2015,1256.0,Natural
Ontario,RED10,51.6116,-94.2196,2015,650.0,Natural
British Columbia,2015-G90175,58.96,-124.2968,2015,18070.6,Natural
British Columbia,2015-G80127,57.6178,-121.1905,2015,545.0,Natural
Alberta,HWF127,57.54835,-116.1527,2015,3852.1,Natural
Alberta,PWF052,57.2144,-119.183233,2015,841.4,Natural
Alberta,MWF025,56.761633,-112.958717,2015,406.1,Natural
Alberta,HWF132,57.511167,-117.003333,2015,1261.6,Natural
Alberta,LWF125,55.829167,-111.045833,2015,500.0,Human
Alberta,LWF126,55.828312,-110.984887,2015,2130.8,Human
Manitoba,NW005,55.127222,-101.09,2015,402.4,Human
Manitoba,NW006,54.063889,-100.78,2015,410.0,Human
Yukon,2015MA010,63.488133,-134.757583,2015,3530.0,Natural
Yukon,2015RR001,62.433333,-130.716667,2015,600.0,Natural
Yukon,2015WL010,61.256667,-129.258333,2015,780.0,Natural
Northwest Territories,SS008-15,60.2035,-118.1565,2015,1179.03,Natural
Northwest Territories,2015NA3,61.9434,-126.6705,2015,17299.0,Natural
Northwest Territories,2015NA1,61.2029,-126.3667,2015,39924.0,Natural
Alberta,2015WB4,58.6368,-113.3121,2015,214381.4,Natural
British Columbia,2015-G90194,59.5636,-125.28,2015,305.8,Natural
Alberta,EWF039,53.8575,-116.9171,2015,678.0,Human
Saskatchewan,15LF-RIDGE,53.6387,-105.397933,2015,2631.746523,Natural
Yukon,2015MA008,64.145417,-134.75425,2015,650.0,Natural
Yukon,2015BC002,62.846017,-138.622167,2015,342.0,Natural
Yukon,2015DA011,63.159667,-139.00655,2015,17169.0,Natural
Yukon,2015MA005,63.294117,-133.770217,2015,2000.0,Natural
Northwest Territories,FS018-15,62.259333,-122.1215,2015,18705.6,Natural
Northwest Territories,FS023-15,62.437333,-121.714833,2015,710.7,Natural
Northwest Territories,FS022-15,62.040166,-120.205,2015,2714.4,Natural
Northwest Territories,FS019-15,61.7715,-122.659666,2015,1126.5,Natural
Northwest Territories,FS021-15,60.894166,-122.360166,2015,12660.8,Natural
Alberta,SWF066,56.13475,-113.819167,2015,208.7,Human
Yukon,2015DA008,63.7909,-140.196983,2015,748.6,Natural
Yukon,2015BC001,62.7073,-138.758417,2015,1583.0,Natural
Northwest Territories,FS012-15,62.853166,-124.848333,2015,680.9,Natural
Northwest Territories,FS011-15,62.658333,-124.7085,2015,907.7,Natural
Northwest Territories,FS015-15,60.106833,-120.940833,2015,3482.6,Natural
Northwest Territories,FS014-15,60.754666,-120.707666,2015,679.0,Natural
British Columbia,2015-R90047,59.2623,-132.4499,2015,4070.0,Natural
British Columbia,2015-G90176,59.0781,-120.0253,2015,393.8,Natural
British Columbia,2015-R90046,58.7898,-133.1703,2015,8743.0,Natural
Alberta,HWF111,59.069167,-119.945833,2015,3521.3,Natural
Alberta,LWF122,54.807133,-110.364883,2015,31997.0,Human
Saskatchewan,15LF-TORCH,53.524167,-104.066167,2015,1317.200704,Human
Yukon,2015WL005,61.463333,-129.997833,2015,1000.0,Natural
Yukon,2015WL004,60.349317,-125.223333,2015,5881.0,Natural
Yukon,2015XY006,61.197667,-134.594333,2015,4127.0,Natural
Northwest Territories,VQ004-15,65.040833,-127.194,2015,3712.7,Natural
Northwest Territories,VQ006-15,64.26,-126.668166,2015,708.2,Natural
Northwest Territories,VQ003-15,63.71,-125.58,2015,1140.0,Natural
Northwest Territories,VQ005-15,63.297,-126.205,2015,3094.3,Natural
Northwest Territories,ZF002-15,62.373333,-116.143333,2015,51251.61,Natural
British Columbia,2015-V30160,50.3775,-123.5557,2015,12495.0,Natural
British Columbia,2015-R90045,59.4918,-128.578,2015,15000.0,Natural
British Columbia,2015-G60214,58.223,-126.869,2015,12845.0,Natural
Saskatchewan,15DN-DIVIDE,53.721667,-108.713,2015,516.829148,Human
Manitoba,WE012,52.815833,-100.673611,2015,277.8,Human
Yukon,2015WL001,60.572333,-129.740917,2015,8300.0,Natural
Northwest Territories,FS005-15,62.970666,-124.283333,2015,2714.3,Natural
Northwest Territories,FS004-15,62.418666,-123.735333,2015,9984.0,Natural
Northwest Territories,FS008-15,63.5,-121.333333,2015,1437.1,Natural
Northwest Territories,FS006-15,63.558333,-122.25,2015,7002.0,Natural
Northwest Territories,FS010-15,62.866666,-120.866666,2015,1796.1,Natural
British Columbia,2015-G90081,58.065,-122.4683,2015,1966.8,Natural
Saskatchewan,15LA-PINE,55.394541,-106.57223,2015,1046.302551,Human
Alberta,SWF055,56.2115,-115.314167,2015,255.3,Human
Saskatchewan,15BN-DAVID,56.26775,-109.8,2015,34680.46811,Human
Yukon,2015DA004,65.84965,-138.144967,2015,5000.0,Natural
Yukon,2015DA005,65.863033,-138.0799,2015,200.0,Natural
Northwest Territories,FS002-15,63.237333,-124.185333,2015,7889.0,Natural
British Columbia,2015-R90039,58.8242,-132.9268,2015,700.0,Natural
Saskatchewan,15SR-BLIB01,59.163467,-105.5713,2015,651.679611,Human
Saskatchewan,15WY-LRIR08,53.50105,-105.8725,2015,314.0,Human
Northwest Territories,2015WB2,60.4777,-114.0821,2015,496.0,Unknown
British Columbia,2015-G90347,59.3511,-125.6095,2015,343.4,Human
Alberta,EWF015,53.158733,-115.4012,2015,747.7,Human
Saskatchewan,15PA-SLIR05,53.398383,-106.04305,2015,246.184473,Human
British Columbia,2015-G10037,53.6909,-123.4334,2015,25000.0,Human
Manitoba,CE026,51.363056,-97.468333,2015,693.7,Human
British Columbia,2015-G40064,53.5411,-123.7532,2015,420.0,Natural
Northwest Territories,SS010-15,60.870333,-112.2665,2015,42088.7,Natural
Northwest Territories,SS004-15,61.35,-116.716,2015,411.44,Natural
Northwest Territories,SS007-15,61.699333,-117.638,2015,1314.5,Natural
Saskatchewan,15BN-HENRY,55.885567,-109.114033,2015,757.691707,Human
Saskatchewan,15HB-VEILLAR,52.9006,-102.56055,2015,379.496375,Human
Alberta,SWF030,55.390133,-115.82015,2015,209.6,Human
Manitoba,EA012,50.070278,-96.088056,2015,367.0,Human
Manitoba,CE008,51.89,-99.8,2015,416.0,Human
Ontario,KEN5,50.2417,-94.9613,2015,259.5,Human
Saskatchewan,15PA-PAST01,52.679432,-106.019955,2015,200.0,Human
British Columbia,2015-C20006,51.8499,-122.4824,2015,355.0,Human
Ontario,RED1,51.2033,-92.6207,2014,220.0,Unknown
Alberta,PWF116,55.909183,-116.9768,2014,353.0,Human
Manitoba,NE125,57.837778,-100.250833,2014,1178.7,Natural
Northwest Territories,ZF143-14,62.276666,-115.622833,2014,701.9,Natural
Northwest Territories,SS152-14,61.386333,-119.073166,2014,372.93,Natural
Saskatchewan,14LX-OTTER,56.7583,-107.296933,2014,276.8,Natural
Northwest Territories,SS147-14,60.040333,-107.616166,2014,300.0,Natural
Northwest Territories,SS143-14,60.524333,-113.8975,2014,1893.65,Natural
Northwest Territories,FS052-14,62.1175,-123.088333,2014,704.8,Natural
British Columbia,2014-G60456,55.2978,-122.5094,2014,1541.56,Natural
British Columbia,2014-G70476,55.2183,-122.1644,2014,215.0,Natural
British Columbia,2014-C50158,52.7283,-124.2766,2014,609.0,Natural
Saskatchewan,14BN-JAZZ,58.760283,-109.952483,2014,774.3,Natural
British Columbia,2014-G80439,57.5179,-121.8855,2014,4057.0,Natural
Northwest Territories,SS140-14,60.379333,-110.914666,2014,684.42,Natural
British Columbia,2014-G80434,56.5075,-123.0254,2014,827.0,Natural
Manitoba,NE106,53.327778,-96.496389,2014,308.1,Natural
British Columbia,2014-R20116,54.3696,-126.4297,2014,3450.0,Natural
British Columbia,2014-C50145,52.1012,-123.5851,2014,940.0,Human
Saskatchewan,14SR-STROME,59.484283,-108.0005,2014,430.9,Natural
Manitoba,NE102,53.429167,-95.895833,2014,362.5,Natural
Saskatchewan,14LX-STUDER2,56.171733,-107.25335,2014,407.8,Natural
Saskatchewan,14BN-COOL,57.216383,-108.532867,2014,905.6,Natural
Northwest Territories,ZF133-14,62.7675,-114.6415,2014,2000.0,Natural
Saskatchewan,14LA-WEKKA,54.93,-104.2,2014,1092.1,Natural
Saskatchewan,14LX-BARR,57.2363,-107.171267,2014,12993.0,Natural
Manitoba,NE135,56.523333,-91.206667,2014,587.4,Natural
Quebec,2014-254,51.2269,-60.9008,2014,521.2,Natural
Northwest Territories,SS137-14,60.612166,-112.037833,2014,8845.88,Natural
British Columbia,2014-N20399,50.1109,-115.0812,2014,232.0,Natural
Saskatchewan,14LX-GROAT,57.641083,-106.56905,2014,2218.0,Natural
Saskatchewan,14LA-ISAAC,56.769933,-102.22175,2014,511.4,Natural
British Columbia,2014-G60369,56.1415,-125.0881,2014,1998.2,Natural
Saskatchewan,14SR-NOLAN,59.886533,-108.971333,2014,1247.7,Natural
Saskatchewan,14LA-TAYLOR,57.148933,-104.121983,2014,1253.6,Natural
Saskatchewan,14LX-PORTER,56.32025,-107.352467,2014,1674.9,Natural
Northwest Territories,SS134-14,61.671,-112.305666,2014,279.06,Natural
Northwest Territories,ZF128-14,62.082833,-115.547666,2014,4865.0,Natural
Northwest Territories,SS130-14,60.902833,-116.481,2014,14335.59,Natural
British Columbia,2014-G80365,56.3496,-122.8427,2014,210.0,Natural
Northwest Territories,SS129-14,61.717166,-112.4015,2014,1673.26,Natural
Northwest Territories,SS128-14,60.055,-108.831833,2014,500.68,Natural
Northwest Territories,SS127-14,60.355333,-110.761833,2014,316.71,Natural
Northwest Territories,SS125-14,60.8155,-112.3565,2014,792.48,Natural
Northwest Territories,SS126-14,60.491666,-110.884333,2014,1466.74,Natural
Saskatchewan,14LA-SUNDAY,57.047717,-105.264067,2014,1998.9,Natural
Saskatchewan,14SR-MOORE2,58.135667,-104.219333,2014,648.8,Natural
Saskatchewan,14LA-TOMPSON,56.9963,-104.092567,2014,2352.3,Natural
Saskatchewan,14LX-JAVA,56.647633,-106.500583,2014,2171.1,Natural
Saskatchewan,14SR-DAVY,58.8378,-108.754083,2014,3743.1,Natural
Manitoba,NE075,57.171667,-100.691667,2014,3676.9,Natural
Manitoba,NE076,57.176111,-100.503333,2014,6596.3,Natural
Manitoba,NE077,57.358333,-100.674722,2014,3358.4,Natural
Northwest Territories,SS121-14,61.391,-112.141833,2014,3472.3,Natural
Northwest Territories,SS122-14,61.149833,-111.314,2014,1757.56,Natural
Northwest Territories,SS120-14,60.839333,-112.260833,2014,1439.56,Natural
British Columbia,2014-G80354,57.3105,-120.4275,2014,7932.0,Natural
Saskatchewan,14SR-BAR,58.286333,-102.731167,2014,5382.6,Natural
Saskatchewan,14LA-MIDDLE,57.463767,-104.503633,2014,6832.7,Natural
Saskatchewan,14BN-JAKE,56.859233,-108.302267,2014,1622.0,Natural
Northwest Territories,SS117-14,61.312666,-111.597666,2014,1743.79,Natural
Northwest Territories,ZF126-14,62.437333,-115.865166,2014,19271.4,Natural
Northwest Territories,ZF129-14,61.868,-115.2545,2014,18571.4,Natural
Saskatchewan,14LX-MARLENE,56.9625,-106.83595,2014,16502.2,Natural
Saskatchewan,14BN-WAYNE,57.7912,-108.659367,2014,28062.4,Natural
Northwest Territories,ZF120-14,62.105666,-112.988666,2014,2468.4,Natural
Northwest Territories,ZF124-14,62.810166,-115.06,2014,3278.7,Natural
Northwest Territories,ZF121-14,62.055666,-113.127833,2014,4854.2,Natural
Northwest Territories,SS106-14,60.963833,-103.059166,2014,1974.18,Natural
Northwest Territories,FS049-14,61.698333,-120.04,2014,27305.1,Natural
Northwest Territories,SS111-14,60.847,-113.6305,2014,1704.75,Natural
Northwest Territories,SS109-14,60.7295,-112.772,2014,315.08,Natural
Northwest Territories,SS108-14,60.590666,-112.599,2014,1922.46,Natural
Northwest Territories,2014NA2,61.525,-125.755,2014,2872.0,Natural
Northwest Territories,2014WB28,60.37275,-114.30242,2014,61287.7,Natural
Saskatchewan,14LA-SHARPE,56.73285,-103.32785,2014,15006.8,Natural
Saskatchewan,14LX-SHANE,56.216667,-106.916667,2014,623.3,Natural
Manitoba,NE124,57.806667,-101.034167,2014,3451.9,Natural
Manitoba,NE063,56.851389,-101.789722,2014,1000.0,Natural
Manitoba,NE064,56.858889,-101.755,2014,9071.3,Natural
Manitoba,NE070,57.318333,-101.785833,2014,4721.8,Natural
Northwest Territories,FS047-14,60.383333,-122.55,2014,891.7,Natural
British Columbia,2014-N10277,49.7007,-115.4505,2014,676.0,Natural
Alberta,MWF051,58.580816,-110.049053,2014,2711.7,Natural
Saskatchewan,14SR-WATER2,58.42075,-104.670383,2014,794.4,Natural
Saskatchewan,14LX-STUDER,56.166667,-107.316667,2014,659.7,Natural
Saskatchewan,14BN-LES,56.522667,-108.176267,2014,3440.0,Natural
Northwest Territories,SS102-14,61.578833,-106.389333,2014,383.24,Natural
Northwest Territories,SS104-14,61.864166,-109.853666,2014,4771.09,Natural
Northwest Territories,SS105-14,61.122166,-108.204,2014,944.0,Natural
Northwest Territories,SS100-14,60.566,-108.1525,2014,2053.82,Natural
Northwest Territories,SS103-14,60.909833,-102.9985,2014,2280.69,Natural
Northwest Territories,SS101-14,60.5025,-107.689666,2014,1356.0,Natural
Northwest Territories,SS096-14,61.452333,-118.914333,2014,207.82,Natural
Northwest Territories,SS099-14,60.389833,-115.589,2014,25495.91,Natural
Northwest Territories,FS043-14,60.7945,-121.675833,2014,530.9,Natural
Northwest Territories,2014WB25,60.38272,-115.51987,2014,85917.7,Natural
British Columbia,2014-G90343,59.504,-120.3898,2014,312.3,Natural
Saskatchewan,14LX-LOWICK,56.362517,-106.852317,2014,11261.2,Natural
Saskatchewan,14BN-JAYLEEN,58.4916,-109.58415,2014,268.0,Natural
Saskatchewan,14BN-CHUCKY,57.1717,-108.25615,2014,7781.6,Natural
Saskatchewan,14LX-FORCIER,56.138433,-107.593933,2014,542.9,Natural
Saskatchewan,14BN-RITA,56.647633,-108.077033,2014,8867.5,Natural
Saskatchewan,14BN-DEAN,58.0465,-109.416567,2014,1353.1,Natural
Northwest Territories,SS090-14,60.4575,-107.854,2014,12163.29,Natural
British Columbia,2014-N20200,50.173,-115.6756,2014,1976.0,Natural
British Columbia,2014-N20227,50.1789,-115.1536,2014,728.0,Natural
British Columbia,2014-N20235,50.555,-115.6233,2014,240.0,Natural
British Columbia,2014-N20236,50.175,-115.4206,2014,1222.0,Natural
Northwest Territories,VQ032-14,65.335166,-124.015,2014,273.0,Natural
Northwest Territories,ZF111-14,65.283333,-116.196833,2014,4642.9,Natural
Northwest Territories,ZF116-14,64.938833,-116.852666,2014,427.6,Natural
Northwest Territories,ZF115-14,64.252166,-116.293333,2014,4327.2,Natural
Northwest Territories,ZF114-14,63.375166,-115.603333,2014,410.6,Natural
Northwest Territories,ZF110-14,63.054666,-114.448166,2014,55106.0,Natural
Northwest Territories,ZF112-14,63.374166,-115.154166,2014,4976.0,Natural
Northwest Territories,ZF108-14,63.274833,-112.786166,2014,13520.7,Natural
Northwest Territories,ZF109-14,63.9175,-113.0645,2014,3341.8,Natural
Northwest Territories,ZF107-14,63.482166,-111.8495,2014,418.4,Natural
Northwest Territories,ZF106-14,63.518333,-111.689,2014,1380.6,Natural
Northwest Territories,SS086-14,61.6165,-107.857166,2014,4284.77,Natural
Northwest Territories,ZF117-14,64.196666,-118.126833,2014,4753.7,Natural
Northwest Territories,ZF105-14,63.905,-118.94,2014,3122.9,Natural
Northwest Territories,SS085-14,60.177166,-112.634666,2014,1438.48,Natural
Northwest Territories,FS036-14,63.242333,-121.549833,2014,898.0,Natural
Northwest Territories,FS032-14,61.739333,-120.260333,2014,1000.0,Natural
Northwest Territories,SS083-14,61.3215,-119.4255,2014,5000.0,Natural
Northwest Territories,FS033-14,61.321666,-119.641666,2014,31661.7,Natural
Northwest Territories,SS082-14,61.189833,-119.126833,2014,7176.36,Natural
Saskatchewan,14SR-FOURTH2,59.29705,-106.429667,2014,8496.4,Natural
Northwest Territories,VQ030-14,67.021333,-123.391666,2014,1459.8,Natural
Northwest Territories,ZF104-14,63.15,-113.933333,2014,36368.8,Natural
British Columbia,2014-R90100,59.034,-128.4785,2014,2830.0,Natural
Northwest Territories,SS079-14,61.396166,-110.267666,2014,1062.54,Natural
Northwest Territories,VQ031-14,65.5045,-118.925166,2014,1213.7,Natural
Northwest Territories,FS031-14,60.178333,-119.721666,2014,3486.1,Natural
British Columbia,2014-N20173,51.012,-116.9166,2014,708.0,Natural
Saskatchewan,14SR-JORJARAE,58.412523,-107.805639,2014,4123.3,Natural
Northwest Territories,FS026-14,61.533333,-120.56,2014,42310.7,Natural
Northwest Territories,2014WB20,60.0843,-112.6503,2014,13419.6,Natural
Ontario,RED29,51.9228,-92.5702,2014,697.0,Natural
Northwest Territories,ZF094-14,64.15,-114.934,2014,5025.1,Natural
Manitoba,EA032,53.128333,-95.881944,2014,386.6,Natural
Northwest Territories,ZF092-14,62.989,-115.423333,2014,159913.9,Natural
British Columbia,2014-G60283,56.1218,-123.6473,2014,2289.46,Natural
British Columbia,2014-G60293,56.0118,-123.5116,2014,1386.46,Natural
British Columbia,2014-G60376,56.3432,-123.4607,2014,7979.49,Natural
British Columbia,2014-K50293,49.8575,-119.6554,2014,345.0,Human
Northwest Territories,ZF089-14,62.733333,-113.416666,2014,1000.0,Natural
British Columbia,2014-K60286,49.6455,-120.4227,2014,375.0,Human
Quebec,2014-172,52.3983,-66.9336,2014,1696.0,Natural
Northwest Territories,ZF085-14,62.610666,-114.820666,2014,23640.0,Natural
Ontario,COC9,52.6582,-82.902,2014,1000.0,Natural
British Columbia,2014-K70270,50.2696,-121.5608,2014,1389.0,Human
British Columbia,2014-V30247,50.334,-123.5565,2014,300.0,Human
British Columbia,2014-K50272,49.4189,-119.8209,2014,345.0,Human
Alberta,GWF044,54.6599,-119.9646,2014,4173.06,Natural
Alberta,EWF054,54.06746,-118.29377,2014,419.0,Natural
Saskatchewan,14SR-WATER,58.447333,-104.632317,2014,200.0,Natural
Saskatchewan,14SR-ROAD,58.219383,-104.173433,2014,391.6,Natural
Northwest Territories,ZF077-14,63.051666,-114.9845,2014,200.0,Natural
Northwest Territories,ZF078-14,63.071666,-114.715333,2014,250.0,Natural
Northwest Territories,ZF080-14,64.072666,-113.439666,2014,334.0,Natural
Northwest Territories,ZF079-14,64.311833,-113.566,2014,1210.3,Natural
Northwest Territories,VQ025-14,65.850666,-128.023,2014,433.83,Natural
Northwest Territories,VQ026-14,64.487666,-122.458166,2014,606.4,Natural
Northwest Territories,SS072-14,60.714,-117.0455,2014,6034.37,Natural
Northwest Territories,SS071-14,61.050666,-117.2065,2014,1051.0,Natural
Northwest Territories,FS019-14,60.052,-120.469166,2014,417.0,Natural
British Columbia,2014-G90232,59.2032,-121.1964,2014,1290.0,Natural
British Columbia,2014-G50226,54.8785,-123.8334,2014,1648.0,Natural
British Columbia,2014-V10237,49.9443,-121.9596,2014,540.0,Natural
British Columbia,2014-K60265,49.7593,-121.0627,2014,400.0,Natural
Northwest Territories,ZF072-14,64.327166,-114.638166,2014,5593.6,Natural
Northwest Territories,ZF076-14,62.623333,-108.005333,2014,430.1,Natural
Northwest Territories,ZF068-14,62.4615,-111.576666,2014,5706.3,Natural
Northwest Territories,EV005-14,67.294,-134.760666,2014,495.5,Natural
Northwest Territories,ZF071-14,63.183333,-116.7,2014,13564.0,Natural
British Columbia,2014-G70221,55.8178,-122.4897,2014,26280.8,Natural
Saskatchewan,14LX-BOFFA,56.669033,-106.8755,2014,31358.7,Natural
Northwest Territories,VQ024-14,67.531333,-128.779666,2014,347.5,Natural
Northwest Territories,FS015-14,63.918333,-123.669,2014,2414.6,Natural
Alberta,2014BA7,51.9962,-116.6564,2014,2300.0,Natural
British Columbia,2014-G60195,56.286,-125.2878,2014,61285.0,Natural
British Columbia,2014-R10070,53.3982,-125.7346,2014,133100.0,Natural
British Columbia,2014-G40198,53.1431,-124.3816,2014,21518.0,Natural
Alberta,SWF113,57.264667,-115.757833,2014,4211.0,Natural
Northwest Territories,SS065-14,61.855666,-112.4865,2014,400.0,Natural
Northwest Territories,VQ021-14,66.246333,-126.204,2014,426.5,Natural
Northwest Territories,VQ023-14,64.703666,-121.470333,2014,2178.2,Natural
British Columbia,2014-G70182,54.5772,-120.408,2014,33547.0,Natural
Saskatchewan,14LX-HOLT,56.25,-106.8,2014,8655.0,Natural
Saskatchewan,14SR-KEWEN,58.248817,-104.683017,2014,1954.5,Natural
Northwest Territories,SS064-14,61.169166,-104.327833,2014,375.0,Natural
Northwest Territories,SS063-14,60.7425,-105.91,2014,853.79,Natural
Northwest Territories,VQ019-14,66.743,-125.580833,2014,2105.9,Natural
Northwest Territories,VQ020-14,64.897166,-126.392666,2014,7885.1,Natural
Northwest Territories,VQ018-14,64.2505,-121.462,2014,1632.1,Natural
Saskatchewan,14BN-KEN,56.826333,-108.97375,2014,13036.6,Natural
Northwest Territories,ZF058-14,63.235166,-104.424833,2014,4047.3,Natural
Northwest Territories,ZF064-14,62.589833,-109.646166,2014,16083.4,Natural
Northwest Territories,SS059-14,61.385333,-105.092333,2014,1868.91,Natural
Northwest Territories,SS060-14,61.359833,-105.301166,2014,389.93,Natural
Northwest Territories,SS057-14,60.789833,-102.639833,2014,3508.59,Natural
Northwest Territories,SS058-14,60.5115,-106.817833,2014,709.91,Natural
Alberta,RWF034,51.988983,-116.656067,2014,8972.0,Natural
Saskatchewan,14SR-SQUIRREL,58.86237,-107.262611,2014,200.0,Natural
Quebec,2014-147,52.5506,-64.0406,2014,9793.3,Natural
Quebec,2014-145,51.4825,-66.2958,2014,1200.0,Natural
Northwest Territories,ZF057-14,65.031833,-116.7735,2014,994.8,Natural
Northwest Territories,ZF049-14,65.06,-116.478833,2014,19422.7,Natural
Northwest Territories,ZF055-14,63.851833,-114.916666,2014,6867.2,Natural
Northwest Territories,ZF056-14,63.8955,-115.521,2014,4041.5,Natural
Northwest Territories,ZF045-14,62.759166,-112.939333,2014,54193.1,Natural
Northwest Territories,ZF052-14,62.680833,-103.513,2014,514.4,Natural
Northwest Territories,ZF053-14,61.998166,-109.277833,2014,17157.9,Natural
Northwest Territories,ZF047-14,63.8135,-120.291,2014,11528.3,Natural
Northwest Territories,ZF048-14,63.971,-120.441333,2014,7601.4,Natural
Northwest Territories,ZF046-14,62.534666,-117.083,2014,109970.3,Natural
Northwest Territories,SS056-14,60.4745,-115.5505,2014,3320.0,Natural
Northwest Territories,SS055-14,60.891,-112.948,2014,270.31,Natural
Northwest Territories,SS054-14,60.027,-110.935833,2014,417.38,Natural
Northwest Territories,VQ017-14,64.449,-121.039,2014,4443.4,Natural
Northwest Territories,VQ015-14,65.948,-117.804666,2014,15362.7,Natural
Northwest Territories,ZF044-14,64.025333,-116.704333,2014,160656.5,Natural
Northwest Territories,ZF043-14,64.0335,-116.201833,2014,32563.4,Natural
Northwest Territories,ZF042-14,64.115666,-114.496833,2014,12561.9,Natural
Northwest Territories,SS051-14,61.5095,-108.652833,2014,686.67,Natural
Northwest Territories,SS050-14,61.500666,-109.508833,2014,3194.26,Natural
Northwest Territories,SS053-14,61.462333,-112.411833,2014,838.77,Natural
Northwest Territories,SS048-14,60.430333,-110.323,2014,3812.17,Natural
Northwest Territories,VQ014-14,64.372666,-123.6295,2014,789.1,Natural
Saskatchewan,14SR-BUTULA,59.448333,-106.025,2014,1289.8,Natural
Quebec,2014-157,52.2853,-76.0672,2014,633.0,Natural
Quebec,2014-140,54.6464,-70.9269,2014,246.0,Natural
Northwest Territories,ZF041-14,62.377333,-111.2845,2014,5353.5,Human
Northwest Territories,VQ016-14,64.1975,-125.306,2014,4987.0,Natural
Saskatchewan,14LX-LANSDOWNE,57.52425,-107.005967,2014,78256.9,Natural
Yukon,2014CA004,62.55835,-134.957867,2014,353.566,Natural
Northwest Territories,ZF062-14,62.660666,-104.803833,2014,21301.5,Natural
Northwest Territories,ZF060-14,63.050833,-103.799666,2014,4795.0,Natural
Northwest Territories,ZF054-14,63.0855,-103.772166,2014,547.8,Natural
Northwest Territories,ZF061-14,62.0435,-107.6105,2014,888.3,Natural
Northwest Territories,SS046-14,60.691,-107.649166,2014,1206.2,Natural
Northwest Territories,SS038-14,60.15,-111.1,2014,7050.5,Natural
Northwest Territories,SS045-14,60.459666,-107.274333,2014,407.76,Natural
Northwest Territories,FS012-14,62.9225,-124.291,2014,756.8,Natural
Saskatchewan,14SR-FOURTH,59.286333,-106.361667,2014,1700.5,Natural
Saskatchewan,14BN-GRANT,58.116983,-109.294517,2014,10900.2,Natural
Quebec,2014-114,51.8292,-65.5194,2014,6933.0,Human
Northwest Territories,ZF051-14,63.931,-115.7995,2014,3798.0,Natural
Northwest Territories,SS036-14,60.894166,-106.112166,2014,427.22,Natural
Northwest Territories,ZF038-14,62.024666,-116.1995,2014,6435.0,Natural
Ontario,COC8,51.5034,-81.5396,2014,2800.0,Natural
Saskatchewan,14BN-GARRY,58.593767,-108.91815,2014,3312.6,Natural
Manitoba,NE048,57.218611,-96.8275,2014,943.1,Natural
Northwest Territories,SS044-14,60.570833,-107.289333,2014,957.33,Natural
Quebec,2014-109,56.6983,-69.3006,2014,23210.2,Natural
Northwest Territories,SS029-14,60.464166,-111.340666,2014,15194.0,Natural
Northwest Territories,ZF035-14,63.617,-118.088166,2014,282988.9,Natural
Northwest Territories,ZF033-14,63.583,-117.649833,2014,14932.0,Natural
Northwest Territories,ZF032-14,63.751833,-117.5665,2014,15162.0,Natural
Northwest Territories,ZF034-14,63.6705,-117.817166,2014,20302.0,Natural
Northwest Territories,2014WB10,60.49968,-115.49987,2014,5910.3,Natural
Alberta,2014WB13,59.75122,-113.83295,2014,2804.6,Natural
Northwest Territories,2014WB14,60.236667,-113.338683,2014,654.3,Natural
Northwest Territories,ZF031-14,64.116666,-115.4225,2014,57107.0,Natural
Northwest Territories,ZF029-14,64.948,-118.750166,2014,3799.0,Natural
Northwest Territories,VQ012-14,65.332333,-126.275,2014,703.5,Natural
Northwest Territories,2014WB8,60.47955,-113.24858,2014,14266.5,Natural
Northwest Territories,SS033-14,60.632,-114.071666,2014,3578.43,Natural
Alberta,2014WB6,59.546983,-114.777417,2014,6363.9,Natural
Northwest Territories,SS023-14,61.331666,-116.2195,2014,18055.77,Natural
Quebec,2014-93,54.8569,-66.7522,2014,655.5,Human
Northwest Territories,SS031-14,60.309166,-115.725,2014,8189.42,Natural
Northwest Territories,SS032-14,60.688666,-111.398,2014,366.82,Natural
Northwest Territories,EV002-14,65.599166,-131.138333,2014,523.7,Natural
British Columbia,2014-R10077,53.3828,-126.8899,2014,3750.0,Natural
Northwest Territories,ZF026-14,64.1055,-114.144166,2014,11128.8,Natural
Northwest Territories,VQ008-14,65.633666,-129.658666,2014,650.6,Natural
Northwest Territories,VQ007-14,65.590666,-130.917166,2014,1471.0,Natural
Northwest Territories,ZF050-14,64.729,-119.3355,2014,221.3,Natural
Northwest Territories,ZF023-14,64.674166,-118.468,2014,19690.6,Natural
Northwest Territories,ZF022-14,64.439666,-119.99,2014,14158.0,Natural
Northwest Territories,FS008-14,64.233333,-121.916666,2014,18213.0,Natural
Northwest Territories,ZF020-14,62.066666,-116.983333,2014,632984.1,Natural
Northwest Territories,ZF021-14,62.2,-117.216666,2014,6635.0,Natural
Northwest Territories,FS007-14,60.4,-119.506666,2014,609.0,Natural
Northwest Territories,SS015-14,60.7245,-114.293,2014,7695.3,Natural
Saskatchewan,14LA-WARNER,57.14605,-103.931017,2014,5121.6,Natural
Northwest Territories,ZF024-14,63.725166,-112.726166,2014,23677.9,Natural
Northwest Territories,ZF017-14,62.537,-112.793666,2014,296963.3,Natural
Northwest Territories,ZF007-14,62.776166,-108.8,2014,145796.2,Natural
Northwest Territories,ZF013-14,63.002166,-111.499833,2014,63991.0,Natural
Northwest Territories,ZF014-14,62.747833,-111.6535,2014,102000.0,Natural
Northwest Territories,ZF009-14,62.343833,-107.896166,2014,6650.8,Natural
Northwest Territories,VQ005-14,64.8665,-120.7205,2014,30665.2,Natural
Northwest Territories,ZF019-14,62.016666,-116.816666,2014,566.0,Natural
Northwest Territories,SS019-14,61.796,-112.405333,2014,218.15,Natural
Northwest Territories,ZF008-14,62.492666,-108.435,2014,36154.0,Natural
Northwest Territories,SS014-14,61.490333,-116.013666,2014,85425.47,Natural
Alberta,2014WB4,59.83635,-112.674183,2014,7727.0,Natural
Alberta,2014WB2,59.633333,-112.283333,2014,43444.4,Natural
Saskatchewan,14BN-ZARRIN,56.722583,-108.5511,2014,11438.3,Natural
Northwest Territories,VQ004-14,64.601,-123.838666,2014,12294.7,Natural
Northwest Territories,SS018-14,61.729333,-112.557166,2014,34644.73,Natural
Northwest Territories,SS016-14,61.159833,-106.477,2014,12518.84,Natural
Northwest Territories,SS017-14,60.716833,-111.792666,2014,49531.55,Natural
Yukon,2014MA003,65.884333,-133.237333,2014,1929.443,Natural
Yukon,2014DA002,65.867667,-137.581833,2014,239.176,Natural
Northwest Territories,SS022-14,61.201166,-110.319666,2014,9312.85,Natural
Northwest Territories,EV001-14,66.104833,-133.421166,2014,1308.7,Natural
Northwest Territories,VQ003-14,65.4545,-127.107166,2014,31611.5,Natural
Northwest Territories,FS002-14,61.4945,-121.521666,2014,298.0,Natural
Northwest Territories,FS003-14,62.461,-123.486166,2014,4009.2,Natural
Alberta,2014WB1,59.36063,-113.92445,2014,19481.3,Natural
Yukon,2014MA002,63.270833,-137.464667,2014,379.555,Natural
Northwest Territories,SS007-14,60.647333,-119.1715,2014,3461.0,Natural
Northwest Territories,SS035-14,60.891666,-106.591166,2014,1125.92,Natural
Northwest Territories,SS009-14,60.195333,-118.597,2014,10789.9,Natural
British Columbia,2014-G60096,56.8007,-125.7188,2014,33068.0,Natural
Alberta,HWF058,59.972183,-118.065767,2014,702.3,Natural
Northwest Territories,SS005-14,61.125833,-116.808666,2014,5195.42,Human
Northwest Territories,SS003-14,60.804666,-117.335333,2014,74276.75,Natural
Quebec,2014-54,51.6194,-77.8617,2014,2297.1,Natural
Quebec,2014-55,51.1661,-77.4397,2014,392.4,Natural
Quebec,2014-61,52.2925,-74.9236,2014,14694.0,Natural
Saskatchewan,14LA-STANLEY,55.4008,-104.6076,2014,10051.6,Human
Saskatchewan,14PN-PEARL,55.183333,-102.916,2014,499.2,Human
British Columbia,2014-G80070,56.5253,-121.7888,2014,285.0,Human
Saskatchewan,14HB-SLIR04,53.481067,-102.635883,2014,378.06,Human
Saskatchewan,14HB-CONNELL,53.153933,-103.226967,2014,3454.2,Human
Manitoba,CE013,51.431667,-97.556944,2014,230.1,Human
British Columbia,2014-G60297,56.2999,-124.0387,2014,1688.34,Human
Saskatchewan,14PA-SLIR05,53.39405,-106.092033,2014,433.0,Human
Nova Scotia,04-006-2014,44.01148,-65.7171,2014,200.9,Human
Manitoba,CE001,51.856944,-99.708611,2014,234.6,Human
Saskatchewan,13LA-WEIR,55.931483,-103.976283,2013,357.6,Natural
Saskatchewan,13LA-DAVIS,54.997167,-106.2745,2013,246.6,Natural
Saskatchewan,13LA-MIDDLE,57.496733,-104.410217,2013,524.8,Natural
Saskatchewan,13BN-BIRCH,56.915388,-107.675736,2013,650.7,Natural
British Columbia,2013-R10252,53.2718,-126.2173,2013,3700.0,Natural
Saskatchewan,13LX-MAC,57.033333,-106.61,2013,7566.5,Natural
Saskatchewan,13LX-BOFFA,56.606667,-106.885,2013,12108.6,Natural
Saskatchewan,13PN-LORRAIN,54.939267,-103.030367,2013,245.0,Natural
Manitoba,NE288,53.985278,-95.609167,2013,2752.1,Natural
Manitoba,NE286,54.019722,-95.678333,2013,441.5,Natural
Saskatchewan,13LA-WEBB,57.596167,-104.444767,2013,989.5,Natural
Manitoba,NE283,53.770278,-95.971111,2013,605.3,Natural
Manitoba,NE284,53.71,-96.001389,2013,464.2,Natural
Manitoba,NE360,54.295,-95.390556,2013,910.1,Natural
Manitoba,EA043,52.411389,-96.000833,2013,500.0,Natural
Manitoba,EA044,52.421667,-95.8425,2013,800.0,Natural
Manitoba,NW027,53.874722,-99.583333,2013,382.7,Natural
Yukon,2013OC009,67.3033333,-138.2916667,2013,589.0,Natural
Saskatchewan,13SR-SARUK,59.789283,-102.903933,2013,8278.2,Natural
British Columbia,2013-K10720,52.786,-120.1869,2013,792.0,Natural
British Columbia,2013-N70405,50.5461,-116.9659,2013,203.9,Natural
British Columbia,2013-G30332,52.9565,-120.0044,2013,405.0,Natural
Manitoba,NE257,57.935556,-100.410833,2013,6890.7,Natural
Manitoba,NE259,57.446667,-100.788889,2013,7580.4,Natural
Northwest Territories,VQ009-13,64.167,-125.9795,2013,3754.0,Natural
Northwest Territories,EV002-13,66.135,-133.399833,2013,2397.0,Natural
Northwest Territories,ZF048-13,63.218166,-116.590833,2013,1182.0,Human
Saskatchewan,13SR-KELLY,59.648233,-108.476467,2013,5498.3,Human
Northwest Territories,VQ007-13,64.519333,-125.008666,2013,11282.0,Natural
Northwest Territories,VQ008-13,65.039666,-124.270666,2013,10042.0,Natural
Yukon,2013MA029,63.04855,-132.71305,2013,2500.0,Natural
Northwest Territories,FS072-13,60.3855,-121.883666,2013,400.0,Natural
Alberta,2013WB33,58.8414,-113.82605,2013,914.7,Natural
British Columbia,2013-G40284,54.2801,-124.8334,2013,281.9,Human
Saskatchewan,13LA-WALKER,57.161322,-104.678786,2013,552.8,Natural
Saskatchewan,13LA-ZENGLE,57.911817,-102.785633,2013,12556.5,Natural
Northwest Territories,SS106-13,60.817666,-103.104333,2013,1269.0,Natural
Northwest Territories,SS105-13,60.395,-104.5145,2013,784.0,Natural
Northwest Territories,SS104-13,60.123,-118.133833,2013,495.0,Natural
British Columbia,2013-G10275,53.4561,-121.8506,2013,410.0,Natural
Manitoba,NE253,59.071667,-101.365,2013,10322.6,Natural
Manitoba,NE250,57.991667,-101.363056,2013,16979.1,Natural
Manitoba,NE251,57.753333,-100.579167,2013,2336.2,Natural
Manitoba,NE252,57.786111,-100.420278,2013,608.9,Natural
British Columbia,2013-C50224,52.7293,-125.1,2013,1200.0,Natural
Yukon,2013CA018,62.911833,-135.078833,2013,926.3,Natural
Manitoba,NE356,59.761944,-97.231944,2013,259.3,Natural
Manitoba,NE358,58.558333,-101.683611,2013,1800.2,Natural
Manitoba,NE357,58.302778,-100.228056,2013,1381.9,Natural
Saskatchewan,13SR-OTTER,58.91845,-104.154883,2013,6301.6,Natural
Manitoba,NE227,58.728889,-98.653889,2013,2100.0,Natural
Manitoba,NE223,57.456944,-100.565556,2013,256.8,Natural
Manitoba,NE218,57.310278,-101.959167,2013,2649.5,Natural
British Columbia,2013KO2,51.1235,-116.1818,2013,450.0,Natural
Northwest Territories,ZF045-13,63.183333,-111.950666,2013,500.0,Natural
Alberta,2013WB30,59.3367,-113.4259,2013,743.4,Natural
Northwest Territories,FS070-13,61.566666,-120.3,2013,12073.0,Natural
Quebec,2013-442,51.4008,-65.3161,2013,6082.7,Natural
Quebec,2013-439,51.6375,-64.9886,2013,11057.0,Natural
Yukon,2013MA018,65.933333,-134.15,2013,1000.0,Natural
Yukon,2013MA019,65.469733,-135.25515,2013,2000.0,Natural
Saskatchewan,13LA-WOLLY,57.8828,-103.524917,2013,13406.7,Natural
Quebec,2013-419,51.7511,-70.8892,2013,1195.2,Natural
Manitoba,NE205,57.586944,-101.713056,2013,303.3,Natural
Northwest Territories,SS095-13,60.999333,-107.2225,2013,2137.0,Natural
Manitoba,NE354,56.585833,-90.0,2013,292.1,Natural
Northwest Territories,SS094-13,60.6295,-118.0525,2013,3721.0,Natural
Yukon,2013TE001,61.15715,-133.176817,2013,700.0,Natural
Yukon,2013MA016,63.966667,-137.5,2013,1090.0,Natural
Manitoba,NE352,56.916111,-91.860278,2013,728.4,Natural
Manitoba,NW017,55.676944,-100.706944,2013,17187.7,Natural
Manitoba,NE190,55.648056,-99.367222,2013,2492.4,Natural
Manitoba,NE192,55.515278,-96.321389,2013,8203.7,Natural
Manitoba,NE191,54.073056,-95.455,2013,3592.6,Natural
Yukon,2013CA016,62.91535,-135.621483,2013,555.0,Natural
Manitoba,NE351,57.01,-96.627222,2013,541.4,Natural
Yukon,2013MA014,63.967317,-136.506017,2013,6040.0,Natural
Northwest Territories,SS092-13,60.495166,-112.103833,2013,9900.0,Natural
Alberta,HWF122,59.2258,-115.118533,2013,477.1,Natural
Saskatchewan,13SR-MILTON,59.575,-103.926667,2013,5694.0,Natural
Saskatchewan,13BN-SPRACKLIN,57.641667,-108.0,2013,5006.8,Natural
Manitoba,NE188,58.4025,-99.677222,2013,19318.0,Natural
Northwest Territories,SS088-13,60.5765,-108.2925,2013,1093.0,Natural
Northwest Territories,SS089-13,60.2915,-110.380666,2013,430.0,Natural
Alberta,2013WB23,59.5719,-111.6556,2013,431.9,Natural
Alberta,MWF054,58.333866,-110.668371,2013,877.6,Natural
Quebec,2013-383,51.7172,-68.1364,2013,6407.0,Natural
Northwest Territories,SS072-13,60.529,-111.963333,2013,500.0,Natural
Alberta,2013WB17,59.8002,-112.152,2013,5209.8,Natural
Alberta,2013WB21,59.8624,-112.2978,2013,10307.3,Natural
Alberta,HWF091,59.655133,-119.924867,2013,3659.3,Natural
Manitoba,NE180,59.2175,-101.6375,2013,308.4,Natural
Manitoba,NE179,59.210556,-99.762778,2013,13100.3,Natural
Manitoba,NE181,59.134167,-100.052778,2013,1105.4,Natural
Manitoba,NE178,59.284722,-100.534167,2013,23058.2,Natural
Manitoba,NE175,59.309722,-97.835278,2013,4454.1,Natural
Manitoba,NE177,59.273889,-97.591944,2013,1977.9,Natural
Manitoba,NE184,56.999722,-91.668056,2013,445.2,Natural
Northwest Territories,SS071-13,61.279666,-104.878333,2013,666.0,Natural
Northwest Territories,SS070-13,60.671666,-104.694833,2013,888.0,Natural
Northwest Territories,FS067-13,62.216666,-124.216666,2013,300.0,Natural
Northwest Territories,SS053-13,60.9575,-118.8075,2013,529.0,Natural
Northwest Territories,SS083-13,60.599833,-113.762666,2013,874.0,Natural
Ontario,NIP57,53.8738,-85.6348,2013,1300.099976,Natural
Manitoba,NE158,58.468611,-100.691667,2013,7238.8,Natural
Manitoba,NE159,58.920278,-99.358889,2013,6646.9,Natural
Manitoba,NE163,58.590833,-98.501944,2013,230.6,Natural
Manitoba,NE166,57.497222,-97.513333,2013,11805.1,Natural
Manitoba,NE165,57.309444,-98.586667,2013,5858.0,Natural
Quebec,2013-369,52.5478,-76.2161,2013,278.3,Natural
Quebec,2013-370,52.615,-76.4528,2013,201.6,Natural
Quebec,2013-374,53.4853,-73.0486,2013,2844.8,Natural
Quebec,2013-426,51.9761,-61.7428,2013,4937.7,Natural
Quebec,2013-349,50.4028,-69.5214,2013,288.0,Natural
Quebec,2013-350,50.3839,-68.0681,2013,9081.3,Natural
Northwest Territories,SS056-13,60.688166,-105.3725,2013,1706.0,Natural
Northwest Territories,SS055-13,60.077666,-107.961166,2013,6729.0,Natural
Northwest Territories,SS069-13,60.3665,-106.962666,2013,4898.0,Natural
Northwest Territories,FS063-13,61.192833,-119.636666,2013,7744.0,Natural
Alberta,2013WB15,59.1507,-112.5788,2013,2223.7,Natural
Saskatchewan,13SR-HELMER,59.243867,-107.389383,2013,36553.9,Natural
Manitoba,NE152,56.1475,-94.091944,2013,238.6,Natural
Quebec,2013-417,50.9019,-75.6986,2013,1148.0,Human
Quebec,2013-395,51.0844,-61.3219,2013,50727.1,Natural
Quebec,2013-397,51.3461,-62.4439,2013,45135.3,Natural
Quebec,2013-423,51.3014,-61.6969,2013,10367.6,Natural
Quebec,2013-424,51.4439,-61.6306,2013,21365.0,Natural
Quebec,2013-425,51.7519,-61.4492,2013,6629.6,Natural
Quebec,2013-434,51.3069,-61.3247,2013,668.7,Natural
Quebec,2013-387,51.7181,-71.2594,2013,10298.8,Natural
Quebec,2013-332,51.6928,-68.1233,2013,4143.2,Natural
Quebec,2013-396,51.8022,-70.3028,2013,4239.4,Natural
Quebec,2013-388,50.5414,-62.7967,2013,48400.0,Natural
Northwest Territories,SS060-13,61.359666,-105.494,2013,2329.0,Natural
Northwest Territories,SS061-13,61.698833,-108.986,2013,834.0,Natural
Northwest Territories,SS066-13,61.516166,-107.559666,2013,777.0,Natural
Northwest Territories,SS063-13,60.970166,-105.988666,2013,867.0,Natural
Northwest Territories,SS065-13,61.121666,-105.4505,2013,563.0,Natural
Northwest Territories,SS062-13,60.944,-105.116666,2013,586.0,Natural
Northwest Territories,SS067-13,61.667833,-108.024833,2013,2142.0,Natural
Northwest Territories,SS058-13,60.981666,-103.735166,2013,447.0,Natural
Saskatchewan,13SR-KELSEY,59.683467,-107.752033,2013,2778.3,Natural
Saskatchewan,13SR-WESTSIDE,59.051133,-107.450483,2013,652.5,Natural
Saskatchewan,13LX-TIMSON,58.112,-106.185167,2013,122449.8,Natural
Manitoba,NE349,58.702778,-96.702778,2013,528.4,Natural
Manitoba,NE345,59.1275,-96.350833,2013,808.4,Natural
Manitoba,NE343,58.934167,-97.856944,2013,245.9,Natural
Manitoba,NE344,57.508056,-96.511944,2013,3706.5,Natural
Manitoba,NE348,56.817222,-93.266667,2013,332.3,Natural
Quebec,2013-333,52.0225,-76.9708,2013,7997.0,Natural
Quebec,2013-335,52.115,-76.2572,2013,1019.1,Natural
Quebec,2013-341,52.0942,-76.2236,2013,1898.4,Natural
Quebec,2013-343,52.6786,-76.1744,2013,206.2,Natural
Quebec,2013-376,54.8803,-77.2881,2013,1938.0,Natural
Quebec,2013-377,54.9475,-77.0286,2013,474.4,Natural
Quebec,2013-378,55.0686,-77.505,2013,204.3,Natural
Quebec,2013-380,54.8167,-77.7456,2013,1303.0,Natural
Quebec,2013-381,54.9064,-77.8606,2013,984.0,Natural
Quebec,2013-325,53.0675,-78.5219,2013,3296.3,Natural
Quebec,2013-361,53.4356,-78.8169,2013,314.0,Natural
Quebec,2013-312,51.2333,-71.6869,2013,11594.8,Human
Quebec,2013-328,51.3086,-72.3133,2013,1491.0,Natural
Quebec,2013-319,50.7536,-76.035,2013,19257.1,Natural
Ontario,NIP48,52.9348,-86.7582,2013,356.5,Natural
Ontario,NIP51,53.9438,-87.7686,2013,680.5,Natural
Ontario,SLK37,52.9596,-90.9492,2013,201.0,Natural
Saskatchewan,13SR-SNARE,58.717537,-107.995893,2013,75316.9,Natural
Saskatchewan,13SR-NORWEST,60.015283,-107.616033,2013,259.4,Natural
Manitoba,NE147,58.3325,-100.573333,2013,10883.8,Natural
Manitoba,NE148,59.203333,-100.210556,2013,1617.5,Natural
Manitoba,NE342,57.136389,-90.487222,2013,589.2,Natural
Manitoba,NE347,57.054722,-96.539722,2013,643.9,Natural
Manitoba,NE136,56.299444,-96.568889,2013,29648.8,Natural
Manitoba,NE141,55.263333,-96.083056,2013,11993.1,Natural
Northwest Territories,SS052-13,60.246,-116.6775,2013,305.0,Natural
Ontario,NIP44,51.1674,-87.128,2013,315.3999939,Natural
Ontario,SLK35,52.4122,-90.0644,2013,313.6000061,Natural
Ontario,COC19,52.5785,-84.6659,2013,513.0,Natural
Manitoba,NE130,58.936944,-100.112222,2013,4589.4,Natural
Manitoba,NE135,58.479722,-100.263056,2013,9759.6,Natural
Quebec,2013-314,52.52,-71.5508,2013,53911.3,Natural
Quebec,2013-315,52.5333,-70.1672,2013,1873.3,Natural
Yukon,2013HJ005,61.08835,-137.221767,2013,4000.0,Natural
Ontario,RED24,51.3819,-94.0712,2013,304.2999878,Natural
Ontario,RED32,51.4621,-94.4718,2013,2308.0,Natural
Ontario,RED31,51.4977,-94.2727,2013,16301.7998,Natural
Saskatchewan,13SR-PEWAPISK,59.38745,-102.952433,2013,743.5,Natural
Saskatchewan,13SR-DAVIES,59.225167,-102.731117,2013,8196.9,Natural
Manitoba,NE126,59.713611,-99.881389,2013,1701.3,Natural
Manitoba,NE350,59.106389,-98.337222,2013,1187.4,Natural
Manitoba,NE338,58.809167,-95.001389,2013,357.1,Natural
Manitoba,NE337,58.227222,-94.348611,2013,1658.2,Natural
Manitoba,NE339,57.58,-95.411111,2013,429.0,Natural
Manitoba,NE340,57.513056,-95.333333,2013,25513.0,Natural
Manitoba,NE341,57.431111,-96.918333,2013,223.5,Natural
Northwest Territories,SS051-13,60.737166,-106.9895,2013,7147.0,Natural
Northwest Territories,FS050-13,62.133333,-122.536,2013,1683.0,Natural
Northwest Territories,FS053-13,60.748166,-123.232,2013,255.0,Natural
Ontario,NIP43,51.9269,-87.9465,2013,2489.5,Natural
Ontario,SLK41,54.0951,-89.8038,2013,401.0,Natural
Alberta,HWF078,59.363307,-114.607937,2013,2210.6,Natural
Northwest Territories,ZF040-13,63.0025,-112.52,2013,361.0,Natural
Northwest Territories,ZF034-13,63.016166,-114.144666,2013,305.0,Natural
Northwest Territories,ZF036-13,62.5395,-116.268833,2013,6923.0,Natural
Northwest Territories,FS048-13,61.999833,-123.746333,2013,10158.0,Natural
Northwest Territories,FS052-13,60.751833,-121.175833,2013,1042.0,Natural
Northwest Territories,SS047-13,60.107166,-118.3845,2013,222.0,Natural
Northwest Territories,2013WB14,60.2803,-113.6425,2013,2945.9,Natural
Alberta,HWF075,59.354883,-115.45695,2013,8819.1,Natural
Manitoba,NE118,56.318056,-92.880556,2013,22627.4,Natural
Yukon,2013RR016,63.380917,-131.65605,2013,500.0,Natural
Yukon,2013RR017,63.227417,-130.972917,2013,200.0,Natural
Yukon,2013CA013,61.833333,-135.833333,2013,19060.0,Natural
Yukon,2013WL008,60.473267,-130.025083,2013,797.0,Natural
Manitoba,NE117,56.527778,-96.611667,2013,16275.8,Natural
Quebec,2013-316,52.8506,-71.0506,2013,36196.3,Natural
Yukon,2013XY010,61.354917,-136.266133,2013,1400.0,Natural
Northwest Territories,SS041-13,60.392333,-111.632666,2013,12059.68,Natural
Northwest Territories,SS036-13,61.079,-110.119666,2013,1576.0,Natural
Northwest Territories,SS044-13,61.307166,-112.1505,2013,8114.0,Natural
Northwest Territories,SS035-13,60.466166,-109.956833,2013,11750.0,Natural
Northwest Territories,SS038-13,61.057666,-111.245,2013,5028.2,Natural
Northwest Territories,SS028-13,60.571166,-112.466666,2013,7033.0,Natural
Northwest Territories,2013NA4,62.0254,-127.3315,2013,1086.0,Natural
Northwest Territories,2013NA5,61.9751,-124.0301,2013,3699.9,Natural
Alberta,2013WB11,59.8491,-112.872,2013,266.5,Natural
Northwest Territories,2013WB12,60.3622,-113.1319,2013,722.9,Natural
Quebec,2013-299,53.4736,-76.7139,2013,4004.8,Human
Quebec,2013-313,52.3667,-73.2161,2013,40049.8,Natural
Yukon,2013OC008,67.516633,-138.843733,2013,800.0,Natural
Yukon,2013DA025,64.03395,-140.15435,2013,10300.0,Natural
Yukon,2013DA026,63.557817,-140.20865,2013,216.0,Natural
Yukon,2013MA007,63.88435,-136.357033,2013,1703.0,Natural
Yukon,2013RR006,62.175433,-133.013967,2013,201.0,Natural
Yukon,2013CA010,61.6313,-135.218867,2013,3021.0,Natural
Yukon,2013CA008,62.068917,-135.412017,2013,6875.0,Natural
Yukon,2013RR005,62.407017,-131.444067,2013,2539.03,Natural
Northwest Territories,ZF026-13,64.516666,-116.583333,2013,15525.26,Natural
Northwest Territories,ZF027-13,64.35,-117.116666,2013,5139.0,Natural
Northwest Territories,ZF024-13,64.494333,-115.027333,2013,1940.0,Natural
Northwest Territories,SS021-13,60.855333,-111.724333,2013,9402.0,Natural
Northwest Territories,FS038-13,61.578666,-120.817,2013,486.0,Natural
Northwest Territories,FS054-13,61.072333,-120.387833,2013,200.0,Natural
Northwest Territories,FS042-13,61.011666,-120.559833,2013,96706.53,Natural
Northwest Territories,SS042-13,60.133333,-117.266666,2013,4824.0,Natural
Yukon,2013CA003,62.906733,-135.1028,2013,905.0,Natural
Northwest Territories,FS037-13,63.757166,-122.544833,2013,200.0,Natural
Northwest Territories,FS039-13,61.766666,-120.85,2013,1022.0,Natural
Northwest Territories,FS055-13,61.085333,-120.291833,2013,14026.0,Natural
Northwest Territories,FS044-13,60.943833,-121.0745,2013,1488.0,Natural
Ontario,RED41,52.9805,-94.0805,2013,565.7999878,Natural
Northwest Territories,ZF022-13,62.2975,-109.523,2013,1871.0,Natural
Northwest Territories,FS036-13,60.393166,-121.954833,2013,3479.0,Natural
Quebec,2013-293,51.4672,-66.3233,2013,6260.0,Natural
Yukon,2013WL003,60.383333,-125.183333,2013,40677.0,Natural
Yukon,2013WL004,60.1827,-124.916783,2013,39586.0,Natural
Yukon,2013WL005,60.1663,-124.934817,2013,500.0,Natural
Yukon,2013WL006,60.180733,-125.014883,2013,650.0,Natural
Northwest Territories,FS033-13,63.671166,-123.211666,2013,4088.0,Natural
Saskatchewan,13BN-BART,58.642,-109.828667,2013,4749.3,Natural
Northwest Territories,SS015-13,61.613333,-117.550666,2013,526.0,Natural
Northwest Territories,SS014-13,60.4325,-119.17,2013,240.0,Natural
Northwest Territories,FS047-13,60.7,-120.366666,2013,200.0,Natural
Northwest Territories,SS013-13,60.192333,-118.970833,2013,4626.0,Natural
British Columbia,2013-G90114,59.3163,-121.9261,2013,209.7,Natural
Manitoba,NE114,57.55,-101.898056,2013,244.9,Natural
Northwest Territories,ZF012-13,64.951166,-115.798,2013,4268.0,Natural
Northwest Territories,ZF015-13,64.307666,-117.414333,2013,41186.74,Natural
Northwest Territories,ZF016-13,64.284166,-117.474666,2013,217.0,Natural
Northwest Territories,ZF011-13,64.124166,-114.895833,2013,1925.0,Natural
Northwest Territories,FS018-13,62.563166,-122.4545,2013,20853.0,Natural
Northwest Territories,FS012-13,61.9,-120.683333,2013,21042.0,Natural
Northwest Territories,FS011-13,60.771833,-120.473,2013,1512.0,Natural
Northwest Territories,FS013-13,60.476333,-120.167166,2013,1005.0,Natural
Northwest Territories,FS017-13,60.114833,-121.513666,2013,902.0,Natural
Northwest Territories,SS016-13,60.109833,-119.395,2013,20713.0,Natural
Northwest Territories,FS006-13,61.375833,-120.221,2013,311.0,Natural
Manitoba,NE111,58.976667,-97.378333,2013,15183.7,Natural
Manitoba,NE109,58.41,-95.425,2013,25705.5,Natural
Manitoba,NE110,58.143056,-96.163056,2013,53274.5,Natural
Yukon,2013OC004,67.26745,-140.636133,2013,640.0,Natural
Yukon,2013OC001,66.037483,-140.581117,2013,300.0,Natural
Yukon,2013OC006,67.200567,-139.388617,2013,360.0,Natural
Yukon,2013DA014,65.805783,-136.400183,2013,1812.0,Natural
Yukon,2013DA010,63.522333,-138.0855,2013,6455.0,Natural
Northwest Territories,SS010-13,61.3,-104.964166,2013,2239.0,Natural
Northwest Territories,FS024-13,62.179166,-122.714,2013,6303.0,Natural
Northwest Territories,SS048-13,60.05,-119.083333,2013,1348.0,Natural
Ontario,NIP45,51.7438,-86.963,2013,800.0,Natural
Quebec,2013-286,51.5889,-66.4539,2013,466420.3,Natural
Yukon,2013DA007,63.5694991,-139.7244458,2013,1109.0,Natural
Yukon,2013BC001,62.225,-138.7435,2013,857.0,Natural
British Columbia,2013-G90119,59.3958,-126.6278,2013,1029.6,Natural
Manitoba,NE104,56.222778,-98.1525,2013,270.2,Natural
Quebec,2013-310,51.2217,-74.9514,2013,38768.7,Natural
Quebec,2013-318,52.4419,-69.7294,2013,145308.0,Natural
Northwest Territories,ZF008-13,63.877666,-118.563333,2013,8711.7,Natural
Northwest Territories,ZF009-13,63.864,-118.519166,2013,1639.0,Natural
Northwest Territories,FS002-13,63.025333,-123.027,2013,48006.0,Natural
Northwest Territories,2013NA1,60.9983,-124.7448,2013,8819.1,Natural
Northwest Territories,2013NA2,61.7567,-125.5574,2013,3548.1,Natural
Manitoba,NE098,57.938333,-100.836667,2013,4358.1,Natural
Manitoba,NE096,58.667222,-99.834444,2013,91804.6,Natural
Manitoba,NE099,56.474167,-93.166667,2013,299.0,Natural
Manitoba,NE100,56.401111,-92.524444,2013,1593.7,Natural
Quebec,2013-257,51.1644,-76.4125,2013,208.0,Natural
Quebec,2013-268,51.2325,-75.6222,2013,5289.0,Natural
Northwest Territories,VQ002-13,63.975833,-124.771666,2013,13949.0,Natural
Northwest Territories,ZF006-13,62.540333,-117.082666,2013,269.0,Natural
Northwest Territories,ZF005-13,62.367666,-116.854833,2013,639.0,Natural
British Columbia,2013-R90067,57.4013,-130.9293,2013,3100.0,Natural
Manitoba,NE095,58.404444,-101.554167,2013,120820.0,Natural
Manitoba,NE335,56.915833,-93.580556,2013,279.9,Natural
Yukon,2013MA004,63.327333,-135.80105,2013,34903.0,Natural
Ontario,SLK31,53.8836,-90.644,2013,4841.5,Natural
Manitoba,NE097,59.220556,-97.109444,2013,25172.8,Natural
Manitoba,NE084,57.75,-95.416667,2013,24032.6,Natural
Manitoba,NE090,57.438056,-94.154722,2013,44445.0,Natural
Quebec,2013-235,52.3033,-78.0203,2013,501689.1,Natural
Quebec,2013-245,51.7969,-75.6028,2013,115414.1,Natural
Quebec,2013-250,51.4556,-75.5056,2013,124605.5,Natural
Quebec,2013-231,50.7664,-76.0692,2013,2734.2,Natural
Quebec,2013-232,51.1094,-76.7861,2013,30149.5,Natural
Ontario,COC23,53.8331,-84.6362,2013,6585.0,Natural
Ontario,SLK25,53.3918,-89.1151,2013,1182.0,Natural
Ontario,COC3,53.1207,-84.9609,2013,656.0,Natural
Ontario,SLK23,54.0233,-89.9105,2013,665.9000244,Natural
Manitoba,NE089,56.956944,-95.566389,2013,12422.1,Natural
Ontario,SLK21,53.139,-91.5252,2013,1649.199951,Natural
Ontario,SLK16,52.8821,-90.3508,2013,473.5,Natural
Ontario,NIP25,51.8518,-88.4439,2013,523.2000122,Natural
Ontario,NIP19,52.6569,-87.9676,2013,2968.100098,Natural
Ontario,NIP23,51.8821,-88.0511,2013,258.7000122,Natural
Manitoba,NE071,58.493889,-94.152778,2013,2062.3,Natural
Manitoba,NE064,56.047778,-95.504167,2013,222.0,Natural
Manitoba,NE065,55.963333,-95.409722,2013,85000.0,Natural
Manitoba,NE063,56.319167,-95.686111,2013,58302.2,Natural
Manitoba,NE073,55.787778,-95.5825,2013,1549.6,Natural
Saskatchewan,13LX-JOACHIM,55.374783,-106.445117,2013,314.6,Human
Manitoba,NE112,58.409167,-94.223333,2013,822.7,Natural
Manitoba,NE077,58.043333,-94.423611,2013,2128.9,Natural
Manitoba,NE092,58.322778,-95.788056,2013,2645.0,Natural
Manitoba,NE091,57.881667,-95.424444,2013,194873.0,Natural
Northwest Territories,SS005-13,60.5905,-109.6305,2013,461.96,Natural
Ontario,SLK24,53.989,-89.6868,2013,489.6000061,Natural
Northwest Territories,ZF003-13,62.429333,-108.129333,2013,468.0,Natural
Northwest Territories,SS003-13,60.0065,-112.556833,2013,1389.0,Natural
Saskatchewan,13LA-PAUL,56.188977,-104.822399,2013,14192.1,Natural
Alberta,2013WB6,59.1819,-112.7669,2013,4748.7,Natural
Yukon,2013MA002,64.227,-134.127617,2013,200.0,Natural
Alberta,2013WB4,59.9705,-112.5212,2013,1967.7,Natural
Ontario,COC4,52.933,-84.3745,2013,1318.0,Natural
Saskatchewan,13LA-LOUIS,56.107333,-104.943167,2013,3000.0,Natural
Saskatchewan,13BN-MIKE,56.83535,-108.708233,2013,2626.6,Natural
Saskatchewan,13LA-NIPEW,55.676367,-105.172733,2013,1120.2,Natural
Manitoba,NE026,57.141111,-100.063333,2013,8856.8,Natural
Ontario,NIP11,52.7739,-86.2995,2013,207.3000031,Human
Saskatchewan,13LX-KELLER,56.012233,-106.753283,2013,7028.1,Natural
Saskatchewan,13LA-NAGYL,56.097727,-105.269581,2013,1311.3,Natural
Manitoba,CE012,50.389167,-96.638056,2013,204.7,Human
Alberta,GWF025,54.519967,-117.60045,2013,481.8,Human
Alberta,2013WB1,58.2629,-113.561,2013,4725.1,Unknown
Saskatchewan,2013PA5,54.6,-106.5,2013,340.0,Human
Alberta,RWF020,53.110867,-115.43015,2013,575.6,Human
Saskatchewan,13PA-HWY6,51.718717,-104.531617,2013,647.1,Human
Alberta,RWF015,52.441483,-116.13165,2013,244.2,Human
Northwest Territories,SS004-13,60.262666,-109.001333,2013,919.63,Natural
British Columbia,2013-K20028,50.5736,-121.2823,2013,1400.0,Human
Saskatchewan,2013GR4,49.1857,-107.7587,2013,4664.0,Human
British Columbia,2013-C20025,52.0067,-122.4767,2013,438.0,Human
British Columbia,2013-C20012,51.9141,-122.5301,2013,300.0,Human
Manitoba,EA126,49.735556,-96.425556,2012,6384.8,Human
Manitoba,CE048,50.521389,-97.847222,2012,1000.0,Human
British Columbia,2012-N20626,49.5383,-118.901,2012,431.0,Natural
Northwest Territories,FS061-12,60.2575,-123.933333,2012,650.0,Unknown
Alberta,PWF174,57.46725,-119.95465,2012,951.6,Natural
Ontario,SLK1,50.5136,-91.6946,2012,1207.0,Unknown
Alberta,PWF166,56.610317,-119.738083,2012,279.12,Natural
British Columbia,2012-K50869,49.8084,-119.7445,2012,214.0,Human
Ontario,FOR59,48.1233,-91.2188,2012,290.8999939,Natural
Ontario,THU65,50.8375,-89.4165,2012,822.5,Natural
Northwest Territories,FS059-12,60.354,-120.843166,2012,600.0,Natural
British Columbia,2012-C40193,51.22,-122.0875,2012,427.0,Human
Manitoba,NE226,57.9575,-95.472778,2012,749.5,Natural
Yukon,2012WL022,60.066806,-125.166667,2012,200.36,Natural
Northwest Territories,ZF057-12,61.882666,-115.944166,2012,540.5,Natural
British Columbia,2012-R10171,53.1985,-125.59,2012,7450.0,Natural
Saskatchewan,12SR-WILLIAMS,58.270333,-107.9495,2012,1448.6,Natural
Manitoba,NE248,58.108889,-98.618889,2012,309.5,Natural
British Columbia,2012-V80481,49.777,-125.6375,2012,313.0,Natural
Northwest Territories,SS058-12,60.366666,-117.816666,2012,281.0,Natural
Alberta,PWF132,57.569833,-119.9735,2012,786.0,Natural
British Columbia,2012-G60395,58.4792,-126.5364,2012,473.0,Natural
British Columbia,2012-G60396,58.3704,-126.2169,2012,1590.8,Natural
British Columbia,2012-G80401,57.2258,-120.7887,2012,751.9,Natural
British Columbia,2012-R20133,54.0314,-127.7066,2012,2367.0,Natural
British Columbia,2012KO8,50.9319,-115.8532,2012,1014.0,Natural
Alberta,HWF211,59.604683,-119.85805,2012,12005.7,Natural
Northwest Territories,SS051-12,60.966666,-118.15,2012,11859.0,Natural
British Columbia,2012-R90113,59.4419,-129.0875,2012,3500.0,Natural
British Columbia,2012-G90404,59.3815,-128.205,2012,219.0,Natural
British Columbia,2012-G90464,58.9941,-120.6256,2012,24851.8,Natural
British Columbia,2012-G90398,59.8403,-121.5467,2012,780.0,Natural
British Columbia,2012-G80350,57.9739,-120.9617,2012,718.2,Natural
British Columbia,2012-G80379,57.5593,-120.0737,2012,9600.0,Natural
British Columbia,2012-N20306,50.9319,-115.8532,2012,575.0,Natural
Manitoba,NW044,55.168056,-101.983889,2012,500.0,Natural
Yukon,2012WL017,60.516694,-124.95,2012,1564.82,Natural
Northwest Territories,VQ047-12,65.921666,-129.608333,2012,7173.0,Natural
Manitoba,NE209,57.383889,-101.588333,2012,815.0,Natural
Manitoba,NE207,53.299722,-94.515,2012,375.3,Natural
Saskatchewan,12LA-FORD,57.695733,-103.206383,2012,1030.1,Natural
Saskatchewan,12LA-KYASKA,56.30425,-102.58275,2012,262.9,Natural
Northwest Territories,FS042-12,60.5255,-119.582,2012,1533.0,Natural
Northwest Territories,SS047-12,60.000166,-112.416666,2012,3515.0,Natural
Saskatchewan,12LX-VERM,56.681717,-107.548417,2012,1450.2,Natural
Manitoba,NE199,53.043056,-95.311389,2012,448.2,Natural
Northwest Territories,FS035-12,60.542333,-121.744,2012,207.0,Natural
Ontario,RED103,52.9367,-93.9455,2012,293.7000122,Natural
British Columbia,2012-G90517,58.1366,-123.9524,2012,2499.0,Human
Alberta,HWF182,59.8305,-119.694833,2012,2060.3,Natural
Alberta,HWF186,59.690798,-118.899043,2012,2617.0,Natural
Saskatchewan,12BN-CHUCK2,57.840333,-108.705667,2012,838.0,Natural
Manitoba,EA110,53.133889,-95.905556,2012,351.9,Natural
Manitoba,NE134,52.884444,-95.459167,2012,1930.9,Natural
Yukon,2012OC014,66.016667,-140.916667,2012,232.41,Natural
Yukon,2012MA025,64.21675,-134.166667,2012,247.44,Natural
Northwest Territories,ZF050-12,65.589833,-115.295,2012,1570.0,Natural
Northwest Territories,ZF052-12,64.886,-115.366166,2012,230.0,Natural
Northwest Territories,ZF051-12,65.023333,-115.6915,2012,368.0,Natural
Ontario,SLK101,52.361,-91.303,2012,229.6000061,Natural
British Columbia,2012-G90324,58.3627,-122.064,2012,5831.9,Natural
Saskatchewan,12LA-DON,57.753283,-103.109783,2012,1501.2,Natural
Yukon,2012WL016,60.8,-129.016667,2012,222.0,Natural
Northwest Territories,ZF047-12,65.428166,-116.8675,2012,2517.0,Natural
British Columbia,2012-G90311,59.8754,-124.7901,2012,1827.1,Natural
Saskatchewan,12LA-PARRISH,56.787667,-103.339817,2012,1532.9,Natural
Manitoba,NE245,56.249167,-92.095556,2012,425.6,Natural
Manitoba,EA116,53.141944,-96.22,2012,662.0,Natural
Ontario,COC43,50.2222,-81.6651,2012,697.0,Natural
British Columbia,2012-G90327,59.2202,-127.6665,2012,2936.3,Natural
British Columbia,2012-G90303,59.9602,-127.0105,2012,878.3,Natural
British Columbia,2012-G90399,58.5179,-127.2858,2012,938.9,Natural
British Columbia,2012-G90403,59.3315,-128.2278,2012,3010.9,Natural
Alberta,HWF179,59.146217,-114.933717,2012,379.9,Natural
Saskatchewan,12SR-JAXXON,58.19355,-103.767333,2012,1192.9,Natural
Manitoba,NE246,59.878611,-100.546944,2012,1477.4,Natural
Manitoba,NE158,56.305556,-99.380833,2012,5503.5,Natural
Yukon,2012WL011,61.300028,-129.9,2012,200.0,Natural
British Columbia,2012-G90522,57.8503,-123.9477,2012,2443.3,Natural
Saskatchewan,12LA-WILMA,57.81765,-103.660133,2012,1606.4,Natural
Yukon,2012WL008,60.316722,-125.883333,2012,1298.6,Natural
Northwest Territories,SS037-12,60.442333,-117.9635,2012,419.47,Natural
Yukon,2012WL006,60.216917,-125.683333,2012,1619.06,Natural
Yukon,2012WL007,60.200083,-125.783333,2012,305.41,Natural
Northwest Territories,FS018-12,60.729166,-124.127166,2012,4000.0,Natural
Northwest Territories,FS027-12,60.176166,-120.546333,2012,3991.0,Natural
Northwest Territories,FS026-12,60.6725,-121.816666,2012,856.0,Natural
Ontario,SLK91,51.854,-91.4442,2012,1074.300049,Natural
Ontario,SLK93,51.9095,-89.1436,2012,771.7000122,Natural
Northwest Territories,VQ043-12,65.616666,-118.933333,2012,472.38,Natural
British Columbia,2012-G90257,59.8963,-121.6618,2012,1102.3,Natural
British Columbia,2012-G90239,59.5894,-123.6732,2012,3960.0,Natural
Manitoba,NE144,56.3025,-97.065,2012,750.5,Natural
Ontario,RED94,52.8762,-95.0869,2012,532.7000122,Natural
Ontario,SLK97,52.4122,-92.2641,2012,785.2999878,Natural
Manitoba,NE242,57.050556,-90.291667,2012,222.6,Natural
Manitoba,NE140,53.371944,-95.614167,2012,5142.8,Natural
Manitoba,NE141,53.481944,-95.190278,2012,971.1,Natural
Manitoba,NE193,53.549722,-94.2325,2012,981.0,Natural
Manitoba,NE138,52.923611,-95.506389,2012,1258.5,Natural
Northwest Territories,ZF041-12,63.709,-114.031,2012,320.0,Natural
Northwest Territories,SS057-12,60.512,-116.7675,2012,663.9,Natural
Ontario,NIP61,51.8801,-88.9199,2012,2831.0,Natural
Ontario,COC36,50.8715,-83.053,2012,1700.0,Natural
Ontario,SLK82,52.7705,-91.6874,2012,1069.300049,Natural
Ontario,PEM25,45.9243,-77.5671,2012,210.0,Unknown
British Columbia,2012-C20104,51.826,-121.8625,2012,270.0,Natural
Ontario,NIP62,50.8623,-86.0515,2012,4955.100098,Natural
Saskatchewan,12LA-IRA,56.559333,-104.358333,2012,4486.4,Natural
Saskatchewan,12LX-FLAT,56.248717,-107.759183,2012,3408.3,Natural
Saskatchewan,12LA-DECEPT,56.532833,-104.2545,2012,346.3,Natural
Manitoba,NE122,57.371111,-101.830556,2012,7504.3,Natural
Northwest Territories,SS033-12,60.673833,-117.701666,2012,985.2,Natural
Manitoba,EA097,52.634167,-95.161111,2012,5822.6,Natural
Newfoundland and Labrador,2012-620,54.175429,-60.968433,2012,913.418,Unknown
Newfoundland and Labrador,2012-661,53.861775,-60.79081,2012,1081.53,Unknown
Ontario,SLK74,52.7513,-91.5843,2012,11445.7002,Natural
Alberta,HWF161,59.181933,-114.421933,2012,2896.0,Natural
Saskatchewan,12LA-PINE,55.71385,-106.285317,2012,1541.6,Natural
Northwest Territories,SS032-12,61.118,-110.102666,2012,1257.0,Natural
Northwest Territories,ZF040-12,63.072166,-116.835666,2012,1151.0,Natural
Ontario,RED64,53.6406,-93.158,2012,247.0,Natural
Ontario,NIP49,53.9937,-88.9288,2012,1698.900024,Natural
Ontario,RED66,53.0271,-93.7373,2012,2337.899902,Natural
Saskatchewan,12PN-ESTEY,55.238217,-102.216667,2012,19318.0,Natural
Saskatchewan,12HB-FRENCH,53.167467,-101.7507,2012,325.6,Natural
Manitoba,NE113,56.778889,-94.634167,2012,1808.4,Natural
Manitoba,NE116,55.547222,-99.650556,2012,433.2,Natural
Manitoba,NE119,54.342778,-95.155833,2012,2518.1,Natural
Manitoba,NE110,53.533333,-94.796111,2012,6228.2,Natural
Manitoba,NE111,53.630556,-94.868611,2012,1121.1,Natural
Manitoba,NE112,53.649722,-94.931667,2012,3933.3,Natural
Alberta,2012WB22,59.7043,-113.2692,2012,2521.0,Natural
Ontario,RED50,52.4603,-94.3077,2012,6956.200195,Natural
Ontario,NIP60,51.7438,-86.992,2012,1823.599976,Natural
Ontario,RED69,52.9725,-93.8406,2012,212.5,Natural
Ontario,SLK73,52.7419,-91.5549,2012,803.2999878,Natural
Ontario,RED51,52.4263,-94.3743,2012,289.0,Natural
Ontario,RED61,53.4507,-93.5338,2012,956.4000244,Natural
Ontario,RED53,52.885,-94.5077,2012,18845.30078,Natural
Saskatchewan,12PN-RHEIN,55.684167,-103.1505,2012,5070.5,Natural
Saskatchewan,12PN-GILBERT,55.850333,-102.94345,2012,9711.3,Natural
Saskatchewan,12PN-CORN,54.995933,-102.643283,2012,1364.6,Natural
Manitoba,NE163,57.956944,-94.201111,2012,5893.1,Natural
Manitoba,NE238,57.8875,-94.330556,2012,2182.6,Natural
Manitoba,NE241,57.738056,-92.837222,2012,231.0,Natural
Manitoba,NE104,58.0275,-99.383333,2012,2981.0,Natural
Manitoba,NE100,55.784167,-95.620556,2012,1693.2,Natural
Manitoba,NE109,54.126667,-96.360556,2012,14790.3,Natural
Manitoba,EA077,52.170556,-95.936667,2012,2243.0,Natural
Northwest Territories,FS016-12,62.769,-123.426666,2012,3540.0,Natural
Alberta,2012WB20,59.5045,-112.7945,2012,10170.0,Natural
Ontario,RED62,53.6317,-93.0824,2012,1016.099976,Natural
Ontario,RED52,52.7717,-94.1925,2012,232.0,Natural
Ontario,RED63,53.6136,-93.173,2012,3577.199951,Natural
Alberta,HWF149,59.70985,-116.739883,2012,800.0,Natural
Alberta,SWF079,57.210833,-113.4605,2012,209.0,Natural
Saskatchewan,12PN-KNIGHT,55.1353,-102.544017,2012,4698.8,Natural
Saskatchewan,12PN-RESCUE,54.316667,-103.716667,2012,1055.8,Natural
Saskatchewan,12PN-WOOD,55.2915,-103.266333,2012,2049.8,Natural
Saskatchewan,12PN-GEE,55.179667,-103.474,2012,8410.7,Natural
Saskatchewan,12PN-CHICKEN,55.533333,-102.133333,2012,1226.4,Natural
Manitoba,NE097,56.383889,-99.164722,2012,2136.5,Natural
Manitoba,NE096,56.309167,-98.843333,2012,8583.2,Natural
Manitoba,NE088,54.656111,-98.124167,2012,658.9,Natural
Manitoba,EA072,51.571667,-96.343889,2012,1289.2,Natural
Manitoba,EA086,52.67,-96.954167,2012,267.4,Natural
Manitoba,EA088,51.950556,-95.6775,2012,580.8,Natural
Manitoba,EA085,52.381111,-95.593333,2012,19998.6,Natural
Manitoba,EA095,52.432222,-95.385,2012,15710.7,Natural
Quebec,2012-469,50.245,-78.7828,2012,365.9,Natural
Northwest Territories,ZF037-12,65.6235,-117.054166,2012,8683.0,Natural
Northwest Territories,ZF038-12,65.35,-118.816666,2012,365.0,Natural
Northwest Territories,FS015-12,60.047,-119.837833,2012,38212.0,Natural
Northwest Territories,SS028-12,60.644333,-113.724,2012,2310.2,Natural
Alberta,HWF146,59.823833,-116.504833,2012,1762.0,Natural
Alberta,HWF147,59.652918,-119.075178,2012,493.2,Natural
Alberta,HWF159,59.1324,-114.195667,2012,3103.0,Natural
Alberta,HWF160,59.306063,-114.0784,2012,3852.0,Natural
Saskatchewan,12BN-CHUCK,57.902117,-108.834717,2012,12276.2,Natural
Saskatchewan,12LX-MIDDLETON,57.614083,-106.412683,2012,736.0,Natural
Saskatchewan,12LA-PINK,56.66625,-104.18055,2012,4594.5,Natural
Saskatchewan,12LA-WILLIS,57.071333,-102.184783,2012,4693.8,Natural
Manitoba,NE240,59.08,-101.451667,2012,379.3,Natural
Manitoba,NE084,57.406111,-101.0175,2012,13477.9,Natural
Northwest Territories,SS022-12,60.342666,-109.095166,2012,5581.0,Natural
Alberta,2012WB18,59.2847,-113.9896,2012,7158.0,Natural
Alberta,2012WB16,58.3798,-113.6881,2012,1757.0,Natural
Alberta,2012WB17,58.3012,-113.5837,2012,250.0,Natural
Ontario,SLK72,52.375,-91.6992,2012,745.5,Natural
Ontario,SLK47,50.416,-90.2333,2012,457.5,Natural
Alberta,MWF052,59.245883,-110.696367,2012,15043.0,Natural
Alberta,MWF053,59.2761,-110.530233,2012,1287.0,Natural
Alberta,MWF054,59.303133,-110.770617,2012,1135.0,Natural
Alberta,MWF056,59.258667,-110.395333,2012,8005.0,Natural
Alberta,HWF142,58.87405,-114.3802,2012,23493.0,Natural
Alberta,HWF138,57.8936,-114.024467,2012,27558.0,Natural
Saskatchewan,12PN-USKIK,55.4929,-103.259567,2012,7683.6,Natural
Saskatchewan,12BN-CABIN,58.023917,-109.0154,2012,269.2,Natural
Manitoba,NE236,57.858611,-95.994444,2012,300.2,Natural
Manitoba,NE073,56.825,-99.7675,2012,19986.6,Natural
Manitoba,NE076,56.849444,-99.701944,2012,200.0,Natural
Northwest Territories,ZF032-12,65.5265,-116.575666,2012,5058.0,Natural
Northwest Territories,ZF039-12,65.319333,-118.173833,2012,1116.0,Natural
Northwest Territories,VQ036-12,66.489166,-124.458666,2012,668.72,Natural
Northwest Territories,ZF036-12,63.072166,-116.835666,2012,200.0,Natural
Alberta,2012WB15,59.6046,-113.4259,2012,11314.0,Natural
Northwest Territories,2012WB14,60.3102,-113.8513,2012,11281.0,Natural
Alberta,HWF135,59.518182,-117.098242,2012,47407.7,Natural
Alberta,PWF068,57.151217,-119.15395,2012,12732.0,Natural
Saskatchewan,12BN-JET,57.69175,-109.182283,2012,650.5,Natural
Saskatchewan,12LX-KNEE,55.8526,-106.930383,2012,2096.9,Natural
Northwest Territories,ZF034-12,65.937666,-115.508833,2012,200.0,Natural
Northwest Territories,VQ037-12,65.616666,-118.933333,2012,1056.7,Natural
Northwest Territories,ZF026-12,62.067833,-115.271,2012,2379.0,Natural
Northwest Territories,2012WB12,60.1175,-112.9605,2012,3232.0,Natural
Ontario,THU35,50.4083,-90.1788,2012,304.0,Natural
Saskatchewan,12SR-NORDBYE,59.05105,-103.371667,2012,7449.8,Natural
Northwest Territories,VQ034-12,64.821333,-122.485166,2012,241.3,Natural
Northwest Territories,FS011-12,62.091833,-123.890166,2012,460.0,Natural
Ontario,RED58,52.8563,-93.7492,2012,1883.900024,Natural
Northwest Territories,VQ035-12,65.502166,-119.511666,2012,885.0,Natural
Northwest Territories,VQ031-12,65.264666,-128.445833,2012,327.0,Natural
Northwest Territories,FS010-12,62.401,-122.439333,2012,907.0,Natural
Northwest Territories,2012WB10,60.346,-113.81,2012,4495.0,Natural
Alberta,2012WB9,59.677,-115.568,2012,61959.0,Natural
Alberta,2012WB11,58.44,-113.757,2012,1902.0,Natural
Ontario,RED72,52.6873,-95.0927,2012,13630.90039,Natural
Ontario,RED57,52.9383,-93.5527,2012,2705.5,Natural
Ontario,RED49,52.6084,-93.9621,2012,493.6000061,Natural
British Columbia,2012-G90177,58.8839,-121.2355,2012,2480.6,Natural
Alberta,HWF120,59.289867,-117.415633,2012,3950.0,Natural
Alberta,HWF125,58.905,-116.468667,2012,1312.0,Natural
Quebec,2012-412,50.2225,-78.5272,2012,280.0,Natural
Newfoundland and Labrador,2012-525,48.88,-58.47,2012,344.9,Human
Northwest Territories,EV029-12,68.932666,-134.308833,2012,526.42,Natural
Northwest Territories,FS008-12,60.057166,-119.880666,2012,25439.0,Natural
Northwest Territories,FS007-12,60.309666,-120.237833,2012,4849.0,Natural
Alberta,2012WB7,59.946,-114.718,2012,2264.0,Natural
Ontario,RED41,53.0284,-92.5146,2012,301.7999878,Natural
Manitoba,NE092,53.881111,-96.040556,2012,202.3,Natural
Northwest Territories,EV028-12,68.426666,-133.0725,2012,1073.0,Natural
Northwest Territories,ZF024-12,65.4845,-114.233333,2012,466.0,Natural
Northwest Territories,ZF035-12,65.308166,-116.522666,2012,1990.0,Natural
Northwest Territories,EV026-12,67.5115,-132.518,2012,1652.0,Natural
Northwest Territories,VQ030-12,67.474333,-129.422666,2012,492.1,Natural
Northwest Territories,VQ039-12,67.474333,-129.423333,2012,490.0,Natural
British Columbia,2012-G90160,59.8088,-120.8308,2012,12196.3,Natural
Alberta,HWF114,58.113544,-116.23369,2012,2613.0,Human
Manitoba,NE060,57.772222,-101.506389,2012,12564.0,Natural
Manitoba,NE061,57.306944,-100.193056,2012,1195.0,Natural
Saskatchewan,12SR-TRINA,58.178583,-103.921283,2012,523.2,Natural
Saskatchewan,12LA-DEEP,56.438533,-102.922683,2012,3585.4,Human
Northwest Territories,EV023-12,69.216166,-129.505333,2012,1310.0,Natural
Northwest Territories,EV024-12,67.887833,-131.276333,2012,200.0,Natural
Northwest Territories,EV022-12,65.9345,-131.576666,2012,1162.0,Natural
Ontario,RED60,53.344,-93.1269,2012,2741.800049,Natural
Ontario,RED71,52.0348,-94.858,2012,6085.299805,Natural
Northwest Territories,SS018-12,60.0225,-107.595666,2012,350.0,Natural
Northwest Territories,VQ032-12,66.352,-130.7155,2012,352.44,Natural
Saskatchewan,12SR-OSHOWY,59.951983,-107.5815,2012,2648.1,Natural
Northwest Territories,EV019-12,68.297833,-130.198833,2012,1268.0,Natural
Ontario,COC32,50.8489,-79.8557,2012,2000.0,Natural
Northwest Territories,EV016-12,68.169333,-129.188166,2012,250.0,Natural
Yukon,2012WL004,60.716722,-125.833333,2012,3255.46,Natural
Yukon,2012DA021,65.916667,-141.0,2012,250.0,Natural
Northwest Territories,EV014-12,68.472666,-133.5185,2012,5147.0,Natural
Northwest Territories,EV012-12,67.9335,-132.151,2012,2219.81,Natural
Yukon,2012MA020,65.983333,-134.266667,2012,888.85,Natural
Yukon,2012OC010,66.95,-135.516667,2012,321.1,Natural
Northwest Territories,EV009-12,69.6025,-127.9385,2012,6765.0,Natural
Northwest Territories,EV013-12,67.912166,-131.8895,2012,253.9,Natural
Northwest Territories,EV010-12,65.640166,-131.1465,2012,200.0,Natural
Northwest Territories,SS016-12,60.131166,-119.166666,2012,750.0,Natural
Yukon,2012OC007,66.116667,-134.483333,2012,4769.88,Natural
Yukon,2012MA016,65.616778,-132.866667,2012,449.8,Natural
Yukon,2012MA015,64.0,-136.55,2012,1550.0,Natural
Yukon,2012MA012,63.066667,-134.033333,2012,766.65,Natural
Yukon,2012RR003,62.866667,-133.833333,2012,1595.17,Natural
Yukon,2012RR004,62.783333,-132.416667,2012,413.55,Natural
Northwest Territories,2012NA1,62.3993,-127.7244,2012,4036.0,Natural
Quebec,2012-386,51.7117,-78.5,2012,820.0,Natural
Yukon,2012OC006,66.533444,-135.016667,2012,1559.79,Natural
Yukon,2012DA015,65.566694,-138.25,2012,800.0,Natural
Yukon,2012DA012,65.816667,-137.516667,2012,674.83,Natural
Yukon,2012DA013,65.85,-137.35,2012,2097.15,Natural
Yukon,2012MA013,65.366778,-135.183333,2012,4438.76,Natural
Yukon,2012MA014,65.383472,-134.816667,2012,710.74,Natural
Yukon,2012MA011,64.233444,-136.166667,2012,279.29,Natural
Yukon,2012WL003,60.483556,-126.2,2012,841.33,Natural
Northwest Territories,ZZ001-12,66.349333,-134.147666,2012,1172.05,Natural
Northwest Territories,ZZ002-12,66.540333,-135.021166,2012,972.39,Natural
Northwest Territories,VQ012-12,67.789666,-127.193833,2012,373.07,Natural
Northwest Territories,VQ022-12,65.996333,-131.0945,2012,676.0,Natural
Northwest Territories,VQ021-12,65.95,-130.95,2012,361.0,Natural
Northwest Territories,VQ020-12,66.191333,-129.155333,2012,711.0,Natural
Northwest Territories,VQ025-12,65.643333,-128.768,2012,8695.0,Natural
Northwest Territories,VQ018-12,65.543,-130.136,2012,392.0,Natural
Northwest Territories,VQ024-12,65.953166,-130.465333,2012,1487.0,Natural
Northwest Territories,VQ011-12,65.053333,-129.276666,2012,831.4,Natural
Northwest Territories,VQ010-12,64.083333,-126.383333,2012,961.78,Natural
British Columbia,2012-G90240,59.5205,-123.7362,2012,2540.0,Natural
Alberta,HWF108,59.895517,-118.760133,2012,4269.0,Natural
Yukon,2012OC003,67.466889,-137.05,2012,2992.03,Natural
Yukon,2012OC002,67.2,-137.916667,2012,8893.25,Natural
Yukon,2012CA003,62.466667,-136.183333,2012,239.0,Natural
Northwest Territories,ZF019-12,62.774666,-113.037166,2012,1562.0,Natural
Northwest Territories,VQ008-12,65.55,-126.383333,2012,3020.0,Natural
Northwest Territories,VQ007-12,64.827166,-122.477333,2012,216.0,Natural
Alberta,HWF106,59.356333,-118.954594,2012,134603.0,Natural
Alberta,HWF107,59.3408,-119.653279,2012,60702.9,Natural
Manitoba,NE045,57.347222,-101.4125,2012,1764.3,Natural
Manitoba,NE044,57.233611,-101.3475,2012,6696.4,Natural
Yukon,2012MA008,63.55,-133.35,2012,2961.16,Natural
Yukon,2012RR002,62.516861,-131.433333,2012,2383.79,Natural
Northwest Territories,EV008-12,67.342166,-135.737666,2012,819.8,Natural
Northwest Territories,VQ009-12,67.169833,-128.1295,2012,6325.0,Natural
Northwest Territories,VQ026-12,67.208666,-128.323666,2012,6325.0,Natural
Northwest Territories,SS014-12,60.333333,-118.55,2012,2738.0,Natural
Northwest Territories,SS015-12,60.333333,-118.516666,2012,1800.0,Natural
Newfoundland and Labrador,2012-516,48.93,-56.95,2012,473.6,Human
Yukon,2012OC001,66.333528,-134.116667,2012,2242.22,Natural
Yukon,2012MA006,65.900139,-133.116667,2012,1477.0,Natural
Yukon,2012DA004,64.016694,-137.65,2012,2700.0,Natural
Northwest Territories,ZF017-12,64.0055,-113.408166,2012,3028.0,Natural
Northwest Territories,VQ014-12,66.614166,-126.989666,2012,3406.4,Natural
Northwest Territories,VQ005-12,65.405833,-123.486333,2012,6446.0,Natural
Northwest Territories,VQ006-12,64.913166,-122.435166,2012,847.0,Natural
Northwest Territories,EV003-12,68.268166,-133.5535,2012,537.0,Human
Manitoba,NE041,57.913611,-100.156667,2012,593.3,Natural
Quebec,2012-383,52.4736,-77.9586,2012,1154.1,Natural
Quebec,2012-345,52.7608,-76.0717,2012,1016.3,Natural
Quebec,2012-346,52.7853,-76.4539,2012,359.2,Natural
Quebec,2012-349,51.9628,-71.9533,2012,207.8,Natural
Quebec,2012-339,51.0281,-75.9097,2012,5933.1,Human
Quebec,2012-337,48.6158,-76.9839,2012,2990.3,Human
Ontario,COC25,50.6499,-81.3175,2012,210.0,Natural
Yukon,2012DA003,64.300139,-140.083333,2012,679.0,Natural
Ontario,RED38,50.903,-94.895,2012,782.0,Natural
Quebec,2012-316,50.0019,-69.3319,2012,254.0,Natural
Yukon,2012MA003,63.683556,-137.166667,2012,282.68,Natural
Alberta,2012WB6,58.5212,-113.3846,2012,1558.0,Natural
Northwest Territories,SS007-12,61.282833,-110.8485,2012,609.0,Natural
Ontario,SLK26,53.2589,-91.4131,2012,223.3000031,Natural
Saskatchewan,12LA-ROTTEN,56.275167,-104.784333,2012,841.5,Natural
Alberta,2012WB2,59.5259,-113.7323,2012,8121.0,Natural
Alberta,2012WB4,59.3296,-113.6408,2012,23410.0,Natural
Saskatchewan,12SR-KASPER,59.628167,-103.573333,2012,1134.6,Natural
Northwest Territories,ZF009-12,64.808,-117.9925,2012,17975.0,Natural
Northwest Territories,ZF008-12,63.628833,-113.802,2012,1142.0,Natural
Northwest Territories,ZF007-12,64.735333,-118.610166,2012,8580.0,Natural
Northwest Territories,FS001-12,62.046,-122.0585,2012,1874.0,Unknown
Northwest Territories,SS003-12,60.066666,-116.716666,2012,13531.0,Natural
Northwest Territories,SS004-12,60.091333,-116.605333,2012,874.0,Natural
Saskatchewan,12LX-WIDE_LK,57.74485,-107.24645,2012,25415.6,Natural
Saskatchewan,12LA-NOKOMIS,57.000167,-103.056183,2012,475.3,Human
Saskatchewan,12LA-BLACK,55.617167,-105.734167,2012,1375.0,Natural
Saskatchewan,12BN-BLAINE,56.460583,-109.422267,2012,272.9,Human
Saskatchewan,12LA-BEAR,55.576,-105.686167,2012,4267.8,Natural
Alberta,HWF085,59.766667,-117.088333,2012,748.0,Natural
Alberta,HWF089,59.897667,-118.367583,2012,1622.2,Natural
Northwest Territories,ZF004-12,64.054333,-117.3075,2012,1700.0,Natural
Northwest Territories,ZF002-12,62.634,-116.335666,2012,22011.0,Natural
Saskatchewan,12SR-CREE,58.815,-105.975,2012,10724.2,Natural
Saskatchewan,12SR-TROUT,58.616667,-108.416667,2012,53149.1,Natural
Saskatchewan,12BN-PARK,56.939417,-108.536083,2012,4195.2,Natural
Alberta,HWF070,57.92135,-116.925533,2012,1689.0,Human
Quebec,2012-304,54.0297,-71.4419,2012,4417.0,Natural
Quebec,2012-309,53.3839,-73.7958,2012,17987.0,Natural
Quebec,2012-251,50.6122,-75.5339,2012,5838.6,Natural
Quebec,2012-253,50.7761,-75.8306,2012,2554.2,Natural
Quebec,2012-261,48.7225,-76.7461,2012,430.0,Natural
Quebec,2012-209,47.8631,-74.5606,2012,1708.4,Human
Quebec,2012-216,47.9019,-75.8039,2012,200.3,Natural
Quebec,2012-242,47.5631,-76.6942,2012,515.0,Natural
Ontario,KLK13,47.7583,-80.5256,2012,696.0,Natural
Ontario,HEA9,48.7675,-82.6636,2012,654.0,Natural
Quebec,2012-189,51.1194,-78.2775,2012,308.7,Natural
Quebec,2012-192,48.2628,-75.8308,2012,13562.5,Human
Ontario,KLK8,48.1256,-80.1043,2012,2326.0,Human
Ontario,TIM9,47.7922,-81.8338,2012,39524.0,Human
Alberta,2012WB1,58.095,-113.368,2012,114628.0,Natural
Manitoba,2012RM1,50.925,-100.725,2012,620.0,Unknown
Quebec,2012-208,48.2528,-73.5442,2012,972.0,Natural
Ontario,KEN36,49.3781,-94.7379,2012,576.0,Natural
Ontario,TIM7,47.4509,-81.5949,2012,476.5,Human
Alberta,PWF033,56.463033,-118.948217,2012,235.84,Human
Alberta,SWF027,55.94635,-113.912183,2012,428.0,Human
Alberta,LWF058,54.927879,-112.817149,2012,1037.4,Human
Alberta,LWF059,54.342448,-110.958026,2012,757.7,Human
Saskatchewan,12DN-OL01,53.624,-109.822667,2012,1064.5,Human
Manitoba,EA030,49.470556,-96.151389,2012,1257.0,Human
Alberta,RWF019,53.137597,-115.250265,2012,357.0,Unknown
Manitoba,EA032,49.078889,-96.422778,2012,4028.2,Natural
Manitoba,EA028,49.256389,-96.034167,2012,5957.7,Human
Ontario,WAW4,47.4682,-84.0068,2012,3300.0,Natural
Newfoundland and Labrador,2012-119,47.49,-56.08,2012,750.0,Human
Manitoba,CE028,51.1775,-98.251944,2012,1210.0,Human
Manitoba,EA020,49.310833,-96.419722,2012,235.4,Human
Manitoba,WE002,52.033333,-100.216667,2012,424.0,Human
Manitoba,CE010,51.3625,-97.448611,2012,375.1,Human
Manitoba,CE007,51.541667,-98.629167,2012,303.7,Human
Manitoba,CE004,51.185,-98.035,2012,239.0,Human
Manitoba,EA005,49.225,-96.487222,2012,906.0,Human
Manitoba,EA003,49.831389,-96.435,2012,1169.0,Human
Manitoba,EA132,50.9080552,-95.4636104,2011,18869.8,Natural
Manitoba,EA134,49.1044448,-96.3752773,2011,15111.1,Human
Manitoba,EA136,49.0833333,-96.7333329,2011,1887.6,Human
Manitoba,CE012,51.4002777,-97.576389,2011,6458.8,Human
Manitoba,NW023,55.6011107,-100.9216661,2011,255.0,Natural
Manitoba,EA146,49.2674999,-96.7511115,2011,289.2,Human
Manitoba,CE011,51.0938888,-97.889445,2011,1443.0,Human
Manitoba,NE120,56.0655554,-100.7136108,2011,310.0,Natural
Quebec,2011-307,46.7217,-78.7783,2011,260.6,Human
Saskatchewan,11LA-DAVIS,55.8577,-104.427002,2011,294.0,Human
Alberta,MWF075,56.428417,-111.314367,2011,416.5,Unknown
British Columbia,2011-K50735,48.9967,-119.6998,2011,210.0,Human
Saskatchewan,11SE-SEPT,56.024502,-103.667,2011,27000.0,Human
Ontario,SLK147,52.6316,-92.2678,2011,500.0,Natural
Manitoba,NE055,54.6661111,-94.0738887,2011,500.0,Human
Manitoba,EA035,52.7808334,-95.9374999,2011,21145.6,Natural
Manitoba,EA016,52.7333337,-95.3833337,2011,5880.5,Natural
Manitoba,EA054,51.6875004,-95.2702771,2011,754.5,Natural
Manitoba,NE095,54.2300002,-96.4319439,2011,490.0,Natural
Manitoba,EA050,51.5575002,-96.3811112,2011,657.5,Natural
Manitoba,EA055,51.1152779,-95.9058339,2011,382.6,Natural
Manitoba,NE061,56.0286107,-101.7758326,2011,254.0,Natural
Ontario,THU80,50.4653,-90.0472,2011,1725.0,Natural
Ontario,COC25,50.5778,-79.7281,2011,1000.0,Natural
Northwest Territories,ZF072-11,65.374833,-119.1005,2011,787.8,Natural
Alberta,HWF116,59.38585,-119.23135,2011,233.8,Natural
Manitoba,NE093,53.8875001,-96.621667,2011,410.0,Natural
Manitoba,NE094,54.0744444,-96.3211115,2011,2100.0,Natural
Northwest Territories,ZF069-11,65.541833,-116.5035,2011,409.0,Natural
Northwest Territories,SS054-11,61.726166,-111.079666,2011,1000.0,Natural
Northwest Territories,VQ028-11,66.513833,-128.247666,2011,1125.0,Natural
Ontario,THU57,50.7385,-89.2413,2011,3973.0,Natural
Northwest Territories,VQ026-11,67.623833,-129.419,2011,483.1267,Natural
Ontario,THU58,50.9221,-89.7012,2011,230.0,Natural
Northwest Territories,ZF062-11,62.842333,-111.439,2011,6000.0,Natural
Saskatchewan,11SE-BENTLEY,58.824799,-103.442001,2011,693.0,Natural
Northwest Territories,ZF071-11,65.583333,-115.9,2011,1239.9,Natural
Northwest Territories,ZF061-11,62.094333,-109.156,2011,780.0,Natural
Northwest Territories,ZF056-11,62.354,-108.3335,2011,290.0,Natural
Quebec,2011-189,53.5236,-76.6667,2011,205.4,Human
Yukon,2011DA007,65.6245,-136.407833,2011,200.0,Natural
Northwest Territories,ZF054-11,64.878333,-116.336666,2011,7139.0,Natural
Manitoba,NE065,55.6613887,-96.2336115,2011,300.0,Natural
Ontario,NIP61,53.9228,-85.8495,2011,500.0,Natural
Ontario,SLK103,51.9523,-89.4367,2011,1300.0,Natural
Ontario,RED123,52.3422,-94.7534,2011,264.5,Natural
Ontario,THU50,50.8216,-89.7281,2011,18348.0,Natural
Ontario,THU51,50.5644,-89.2669,2011,763.0,Natural
Ontario,RED124,51.2278,-94.7107,2011,21675.0,Natural
Ontario,RED122,52.2479,-93.8356,2011,302.0,Natural
Ontario,COC17,52.1055,-82.2768,2011,200.0,Natural
Ontario,SLK101,51.9389,-90.7953,2011,300.0,Natural
Ontario,NIP54,52.0819,-88.949,2011,362.0,Natural
Ontario,NIP55,52.1688,-88.6822,2011,412.0,Natural
Manitoba,NE029,56.4627773,-95.0925,2011,48000.0,Natural
Quebec,2011-169,53.3353,-77.605,2011,1325.7,Natural
Northwest Territories,ZF052-11,63.066666,-109.883333,2011,6236.8,Natural
Northwest Territories,ZF047-11,62.263833,-109.832,2011,5236.9,Natural
Northwest Territories,ZF050-11,62.416666,-108.766666,2011,48320.0,Natural
Ontario,NIP47,53.2078,-88.7691,2011,1460.0,Natural
Ontario,RED111,51.7704,-92.7166,2011,407.0,Natural
Ontario,RED113,51.7523,-92.6588,2011,1033.0,Natural
Northwest Territories,SS037-11,60.603333,-112.323166,2011,2100.0,Natural
Ontario,SLK88,53.7358,-92.0517,2011,1700.0,Natural
Ontario,SLK87,53.3621,-90.9329,2011,1000.0,Natural
Quebec,2011-163,50.1694,-73.1036,2011,455.2,Natural
Yukon,2011OC001,66.247333,-134.441167,2011,1428.0,Natural
Yukon,2011MA007,65.872833,-132.692833,2011,1210.0,Natural
Yukon,2011MA008,65.758,-132.503,2011,1300.0,Natural
Yukon,2011OC002,66.851333,-137.227333,2011,281.0,Natural
Northwest Territories,ZF039-11,63.042833,-113.107166,2011,373.0,Natural
Northwest Territories,ZF030-11,61.885833,-115.190333,2011,250.0,Natural
Northwest Territories,ZF034-11,62.633333,-116.466666,2011,3020.0,Natural
Northwest Territories,ZF036-11,62.633333,-116.533333,2011,350.0,Natural
Quebec,2011-155,51.0722,-77.6411,2011,2029.5,Natural
Ontario,SLK76,52.5727,-91.6933,2011,1382.0,Natural
Ontario,RED82,52.8856,-93.0512,2011,14232.2998,Natural
Ontario,RED91,52.4881,-93.6693,2011,9467.0,Natural
Ontario,RED84,51.1398,-92.406,2011,41009.0,Natural
Ontario,RED106,52.8223,-93.2886,2011,488.7000122,Natural
Ontario,SLK82,51.2404,-89.0407,2011,10000.0,Natural
Ontario,RED118,53.5492,-93.6105,2011,17057.0,Natural
Ontario,RED100,53.3712,-93.8995,2011,10366.0,Natural
Ontario,NIP40,52.2176,-88.6606,2011,12600.0,Natural
Ontario,SLK75,52.693,-91.2606,2011,23190.0,Natural
Northwest Territories,ZF020-11,64.648,-118.650166,2011,1400.0,Natural
Ontario,SLK79,53.3661,-90.6621,2011,4000.0,Natural
Ontario,SLK70,52.4429,-90.8143,2011,141000.0,Natural
Ontario,COC13,54.812,-85.0929,2011,600.0,Natural
Ontario,RED66,52.0774,-95.0057,2011,1704.0,Natural
Ontario,SLK85,53.5363,-89.7833,2011,375.0,Natural
Saskatchewan,11LA-GOW,55.779301,-104.335999,2011,776.0,Natural
Ontario,RED72,51.9523,-94.9564,2011,1728.599976,Natural
Ontario,RED29,52.6698,-93.8037,2011,27482.0,Natural
Ontario,RED52,52.0764,-92.8898,2011,1561.0,Natural
Ontario,RED58,53.0366,-93.6629,2011,4193.0,Natural
Ontario,SLK61,51.5173,-92.3579,2011,4611.0,Natural
Ontario,RED53,52.2824,-92.5521,2011,1034.0,Natural
Ontario,RED85,51.6915,-94.9596,2011,31562.59961,Natural
Ontario,SLK64,51.4716,-92.2433,2011,21244.0,Natural
Ontario,RED27,52.5414,-94.1184,2011,225.0,Natural
Ontario,RED96,52.7684,-93.7032,2011,4795.0,Natural
Ontario,RED50,52.1124,-93.0795,2011,2780.0,Natural
Ontario,RED65,51.9261,-94.9117,2011,420.0,Natural
Ontario,RED55,52.5799,-93.0951,2011,1322.0,Natural
Ontario,SLK65,51.3993,-90.7926,2011,245.0,Natural
Ontario,RED107,53.7305,-92.931,2011,3185.0,Natural
Saskatchewan,11LA-MCAVOY,55.8582,-104.744003,2011,11623.0,Natural
Ontario,RED54,53.2721,-93.1117,2011,2042.0,Natural
Ontario,SLK51,52.6135,-89.6358,2011,520.0,Natural
Ontario,SLK50,52.674,-89.743,2011,850.0,Natural
Saskatchewan,11LL-BORDER,57.739799,-110.0,2011,1421.0,Human
Ontario,RED23,52.2321,-94.8955,2011,1323.5,Unknown
Saskatchewan,11SE-DUNCAN,56.302502,-102.223,2011,3650.0,Natural
Northwest Territories,SS036-11,60.616666,-117.7,2011,2750.0,Natural
Ontario,SLK47,52.4229,-89.3331,2011,3775.0,Natural
Ontario,SLK55,51.8613,-91.5978,2011,300.0,Natural
Ontario,SLK84,52.6345,-90.1101,2011,2500.0,Natural
Ontario,SLK48,53.2821,-89.8868,2011,7500.0,Natural
Alberta,MWF049,59.64605,-110.59117,2011,659.0,Natural
Northwest Territories,SS034-11,60.0,-107.521666,2011,430.0,Natural
Ontario,SLK57,51.898,-91.6548,2011,300.0,Natural
Ontario,RED24,53.1396,-94.2624,2011,10445.2002,Natural
Ontario,RED22,53.1567,-94.082,2011,3100.0,Natural
Ontario,RED32,52.3234,-94.063,2011,2931.0,Natural
Alberta,HWF080,59.6651,-115.954417,2011,10147.0,Natural
Quebec,2011-140,52.6086,-77.4306,2011,391.3,Natural
Ontario,SLK46,54.4661,-90.8313,2011,300.0,Natural
Ontario,SLK45,54.2469,-90.2288,2011,600.0,Natural
Northwest Territories,VQ020-11,65.631,-130.724833,2011,2871.87,Natural
Northwest Territories,SS030-11,61.183333,-108.916666,2011,7951.38,Natural
Northwest Territories,SS024-11,60.45,-111.766666,2011,240.0,Natural
Northwest Territories,EV005-11,65.489166,-131.180333,2011,750.0,Natural
Northwest Territories,SS028-11,60.371,-103.407,2011,623.0,Natural
Northwest Territories,EV004-11,67.783333,-132.633333,2011,693.0,Natural
Northwest Territories,VQ010-11,66.4515,-127.839333,2011,2318.0,Natural
Northwest Territories,VQ018-11,64.798166,-121.799833,2011,200.0,Natural
Northwest Territories,FS011-11,63.572666,-122.161166,2011,9300.0,Natural
Alberta,2011-WB-6,59.2778,-113.3999,2011,4383.0,Natural
Northwest Territories,2011-WB-8,60.0962,-113.2396,2011,1255.0,Natural
Alberta,MWF048,59.334467,-111.391083,2011,2827.1,Natural
Northwest Territories,SS022-11,61.5245,-112.0075,2011,1398.02,Natural
Northwest Territories,SS029-11,60.666666,-102.133333,2011,1745.0,Natural
Northwest Territories,VQ013-11,66.123,-126.163333,2011,1583.0,Natural
Northwest Territories,VQ011-11,65.8,-122.971666,2011,8043.0,Natural
Northwest Territories,SS020-11,61.153166,-111.75,2011,2630.0,Natural
Northwest Territories,SS021-11,61.106666,-112.018666,2011,3324.0,Natural
Northwest Territories,FS009-11,64.2,-121.633333,2011,826.0,Natural
Quebec,2011-136,53.4906,-72.8942,2011,4206.2,Natural
Northwest Territories,SS015-11,60.000166,-110.466666,2011,18000.0,Natural
Alberta,MWF044,59.579967,-110.065717,2011,37561.0,Natural
Alberta,2011-WB-3,59.512,-114.503,2011,671.0,Natural
Northwest Territories,VQ008-11,65.684166,-123.872,2011,2270.5,Natural
Alberta,MWF043,56.929492,-110.057224,2011,465.0,Natural
Quebec,2011-99,52.2028,-76.5261,2011,710.9,Human
Northwest Territories,SS014-11,60.972,-108.703,2011,5014.0,Natural
Northwest Territories,ZF012-11,62.116666,-115.983333,2011,26689.0,Natural
Ontario,SLK40,54.4745,-90.8,2011,2000.0,Natural
Alberta,MWF041,59.945883,-110.41335,2011,20024.4,Natural
Saskatchewan,11LX-FLATSTONE,56.299999,-107.733002,2011,286.0,Natural
Saskatchewan,11BN-WALL,56.393799,-107.825996,2011,401.0,Natural
Saskatchewan,11LA-THOR,56.068298,-104.57,2011,1717.0,Natural
Saskatchewan,11SR-LAKE,59.953499,-107.567001,2011,2809.0,Natural
Saskatchewan,11LA-TORRANS,56.844299,-105.737,2011,1246.0,Natural
Quebec,2011-97,50.6375,-67.7019,2011,478.3,Natural
Quebec,2011-96,50.1572,-70.7008,2011,473.1,Natural
Quebec,2011-98,49.7636,-70.4472,2011,219.5,Natural
Northwest Territories,SS013-11,60.016666,-107.066666,2011,5480.0,Natural
Ontario,SLK38,53.2059,-91.2848,2011,8674.0,Natural
Ontario,COC6,51.8703,-82.4009,2011,500.0,Natural
Saskatchewan,11SE-LONG,57.509499,-104.085999,2011,5200.0,Natural
Saskatchewan,11SE-CORSON,58.754501,-103.581001,2011,7000.0,Natural
Saskatchewan,11SE-REDMAN,57.908199,-103.058998,2011,10600.0,Natural
Saskatchewan,11LX-VEDETTE,56.3358,-106.757004,2011,1115.0,Natural
Saskatchewan,11LL-PARK,56.8965,-108.996002,2011,654.0,Human
Saskatchewan,11SE-SWAN,57.4827,-103.077003,2011,4411.0,Natural
Saskatchewan,11SE-DORA,56.193199,-104.213997,2011,10500.0,Natural
Northwest Territories,SS011-11,60.587,-119.4375,2011,297.0428,Natural
Saskatchewan,11SR-RAN,59.883301,-109.266998,2011,2600.0,Natural
Northwest Territories,SS010-11,60.673333,-108.389333,2011,45692.0,Natural
Saskatchewan,11BN-EDDY,58.174198,-108.107002,2011,36922.0,Natural
Ontario,SLK35,51.0941,-89.7312,2011,112000.0,Natural
Ontario,SLK60,52.0277,-90.7326,2011,19001.0,Natural
Saskatchewan,11SR-POINT,59.5583,-109.641998,2011,69575.0,Natural
Saskatchewan,11LL-GERALD,57.0485,-109.646004,2011,99379.0,Natural
Alberta,MWF030,57.013405,-110.507987,2011,1782.2,Natural
Saskatchewan,11SR-BORDER,60.0,-109.567001,2011,17465.0,Natural
Northwest Territories,SS007-11,60.023833,-109.591,2011,89691.0,Natural
Yukon,2011MA003,63.122833,-134.403333,2011,2416.0,Natural
Yukon,2011BC001,62.505833,-138.8805,2011,1733.0,Natural
Yukon,2011RR005,62.099833,-130.640667,2011,574.0,Natural
Saskatchewan,11SE-POST,58.098301,-103.181999,2011,22143.0,Human
Yukon,2011DA005,63.494833,-140.071333,2011,231.0,Natural
Yukon,2011CA003,61.706667,-135.025,2011,13433.0,Natural
Yukon,2011CA004,62.284833,-135.9015,2011,9590.0,Natural
British Columbia,2011-R90015,59.6306,-129.3682,2011,11000.0,Natural
Yukon,2011DA002,64.353,-139.393833,2011,3287.0,Natural
Yukon,2011DA003,63.735667,-138.566667,2011,3213.0,Natural
Yukon,2011MA001,64.083333,-136.316667,2011,1061.0,Natural
Alberta,2011-WB-5,59.3,-113.35,2011,16915.0,Natural
Quebec,2011-51,51.6158,-77.3906,2011,742.4,Human
Ontario,THU22,50.2515,-90.1306,2011,1317.0,Human
Alberta,MWF010,57.323333,-111.576667,2011,1474.0,Human
Alberta,SWF086,56.520984,-115.231264,2011,316.7,Human
Alberta,SWF088,56.585383,-115.4113,2011,17472.9,Human
Alberta,PWF016,56.554417,-116.276617,2011,683.4,Human
Alberta,LWF125,55.962017,-110.702583,2011,705.0,Human
Alberta,SWF082,55.378767,-114.667033,2011,424.7,Human
Alberta,SWF080,55.796933,-115.626133,2011,1862.2,Human
Alberta,LWF128,54.82935,-114.078167,2011,481.4,Human
Saskatchewan,11DN-WILSON,54.425999,-109.541,2011,2648.0,Human
Saskatchewan,11PA-BOIR01,52.883301,-106.331001,2011,230.0,Human
Alberta,MWF007,57.603559,-111.301272,2011,577646.8,Unknown
Alberta,SWF057,56.056433,-115.255383,2011,87659.4,Human
Alberta,SWF066,55.92215,-115.09435,2011,400.0,Human
Alberta,WWF022,54.203,-116.797333,2011,4213.8,Human
Alberta,SWF056,55.199727,-114.901457,2011,16011.2,Unknown
Alberta,SWF060,55.043,-115.408833,2011,5453.4,Human
Alberta,SWF065,55.22565,-114.651217,2011,3973.5,Human
Alberta,SWF070,54.963167,-115.53475,2011,351.7,Unknown
Alberta,RWF011,52.669333,-115.1,2011,475.2,Human
Alberta,EWF030,53.186217,-115.687217,2011,397.9,Human
Alberta,2011-WB-2,58.1013,-111.1863,2011,46793.0,Unknown
Alberta,HWF041,58.485333,-114.498083,2011,342.6,Human
Alberta,WWF008,54.239167,-115.663333,2011,305.8,Human
Alberta,MWF004,57.1977,-111.632617,2011,8866.3,Unknown
Alberta,2011-WB-1,58.3376,-111.468,2011,14745.0,Human
Ontario,RED1,51.315,-94.1694,2010,1066.0,Unknown
British Columbia,2010-C40404,51.3731,-122.0772,2010,240.0,Human
British Columbia,2010-N20534,50.95,-116.53,2010,680.0,Human
Northwest Territories,SS120-10,60.0545,-104.592666,2010,201.96,Natural
Saskatchewan,10SR-BELL2,58.737701,-104.447998,2010,200.0,Human
Saskatchewan,10SR-GRAZ,59.964001,-104.278999,2010,600.0,Natural
Saskatchewan,10SE-KYLE,58.264301,-102.146004,2010,4013.0,Natural
Saskatchewan,10SE-HULL,58.145699,-102.227997,2010,6310.0,Natural
British Columbia,2010-R20214,54.1954,-127.1904,2010,659.0,Natural
Saskatchewan,10SR-GLEASON,59.024502,-102.419998,2010,2231.43,Natural
Saskatchewan,10BN-NEW,57.949501,-107.261002,2010,626.0,Natural
Manitoba,NE350,57.35,-97.333333,2010,563.4,Natural
Manitoba,NE372,57.536944,-99.51,2010,511.8,Natural
Manitoba,NE371,58.109167,-97.729444,2010,775.7,Natural
Manitoba,NE375,57.276111,-98.967778,2010,483.1,Natural
Manitoba,NE344,55.205833,-95.514167,2010,452.8,Natural
Manitoba,NE370,58.610278,-101.913333,2010,303.1,Natural
Yukon,2010RR007,62.16955,-130.5219833,2010,840.0,Natural
Northwest Territories,SS116-10,61.229166,-106.200666,2010,773.73,Natural
Saskatchewan,10SE-KAMATSI,56.2472,-102.219002,2010,270.0,Natural
Manitoba,NE369,57.755,-100.253056,2010,1302.4,Natural
Saskatchewan,10SR-DAVY,58.787998,-108.195999,2010,1824.0,Natural
British Columbia,2010-C50340,52.8,-126.2533,2010,647.2,Natural
British Columbia,2010-G40490,53.7853,-124.8579,2010,600.0,Natural
British Columbia,2010-C50327,53.07,-125.875,2010,439.4,Natural
Saskatchewan,10SR-HAB,59.617001,-105.008003,2010,2455.0,Natural
Saskatchewan,10LX-HOLT,56.292801,-106.768997,2010,246.0,Natural
Saskatchewan,10LL-HOOK,57.691502,-108.818001,2010,6954.0,Natural
Saskatchewan,10SE-COMBE,57.303501,-103.853996,2010,1558.0,Natural
Manitoba,NE337,56.988889,-99.231389,2010,1074.2,Natural
Manitoba,NE338,56.87,-99.724444,2010,800.0,Natural
British Columbia,2010-VA0955,52.7799,-126.5814,2010,4552.6,Natural
British Columbia,2010-R20242,54.1431,-126.6867,2010,2084.0,Natural
British Columbia,2010-N40360,51.7835,-118.709,2010,257.0,Natural
Saskatchewan,10LA-LAUGH,56.8755,-105.841003,2010,3165.0,Natural
Saskatchewan,10SE-KASDOW,58.919701,-104.056999,2010,609.0,Natural
Saskatchewan,10BN-WIDE,57.557201,-107.788002,2010,4128.61,Natural
Saskatchewan,10SE-CORTNEY,57.3381,-104.057,2010,928.0,Natural
Manitoba,NE331,56.942778,-100.201111,2010,1872.0,Natural
British Columbia,2010-C50287,53.135,-126.17,2010,6273.2,Natural
British Columbia,2010-C50297,52.6817,-125.0633,2010,6034.6,Natural
British Columbia,2010-C50300,52.5517,-125.7867,2010,3086.0,Natural
British Columbia,2010-C50301,52.6752,-125.0347,2010,6033.9,Natural
Saskatchewan,10BN-TURBO,57.8545,-107.176003,2010,4930.0,Natural
Northwest Territories,SS114-10,61.24,-104.948333,2010,291.2,Natural
Northwest Territories,SS109-10,60.094,-108.126833,2010,806.5,Natural
Northwest Territories,SS103-10,60.9555,-111.379833,2010,900.0,Natural
Alberta,MWF088,58.434783,-110.006883,2010,3845.1,Natural
Saskatchewan,10SR-HAMMER,59.5662,-106.495003,2010,4973.0,Natural
Saskatchewan,10SE-HATCHET,58.5135,-103.718002,2010,10341.0,Natural
Manitoba,NE368,59.83,-99.291111,2010,2467.4,Natural
Manitoba,NE328,57.087222,-100.559444,2010,204.2,Natural
Yukon,2010RR005,63.7941667,-131.3733333,2010,2021.0,Natural
Northwest Territories,SS108-10,60.000166,-108.227666,2010,19785.3,Natural
Alberta,HWF192,59.318267,-118.906267,2010,225.5,Natural
Alberta,MWF078,57.438183,-110.26095,2010,939.3,Natural
Saskatchewan,10BN-SPEAR,56.6082,-108.050003,2010,2143.0,Natural
Saskatchewan,10SE-HALLIDAY,57.821701,-105.363998,2010,1993.0,Natural
Saskatchewan,10SE-OTTER,58.083302,-103.667,2010,7702.0,Natural
Yukon,2010WL007,60.6816667,-126.3233333,2010,1151.0,Natural
Northwest Territories,SS102-10,60.734666,-109.148,2010,210.95,Natural
Northwest Territories,SS101-10,60.617333,-110.2695,2010,200.0,Natural
British Columbia,2010-R20148,54.1116,-127.7191,2010,1483.0,Natural
British Columbia,2010-G40353,53.037,-124.969,2010,13087.0,Natural
British Columbia,2010-C10299,53.3376,-124.0245,2010,2273.0,Natural
British Columbia,2010-C10373,53.0653,-124.3027,2010,304.8,Natural
British Columbia,2010-K50271,49.1897,-119.9566,2010,650.0,Natural
Saskatchewan,10SR-STONE,58.608501,-107.487,2010,3256.0,Natural
Manitoba,NE367,58.957778,-101.951667,2010,372.7,Natural
Yukon,2010WL006,60.79205,-130.19005,2010,8493.0,Natural
Northwest Territories,SS094-10,60.730833,-111.035833,2010,584.0,Natural
Northwest Territories,SS095-10,60.714,-111.049,2010,587.8,Natural
Northwest Territories,SS106-10,60.018166,-107.179833,2010,1009.2,Natural
British Columbia,2010-R90093,59.8588,-129.1723,2010,35284.4,Natural
British Columbia,2010-C10221,52.5445,-122.5031,2010,2759.9,Natural
British Columbia,2010-R20165,54.0132,-126.815,2010,5422.0,Natural
British Columbia,2010-R10100,53.8506,-125.3688,2010,40000.0,Natural
British Columbia,2010-R10221,53.47,-126.2967,2010,7035.0,Natural
British Columbia,2010-K10274,52.4812,-120.2057,2010,354.4,Natural
British Columbia,2010-C20255,52.3867,-122.8934,2010,602.5,Natural
British Columbia,2010-C20263,52.354,-122.7305,2010,7437.7,Natural
British Columbia,2010-C20269,52.3591,-122.957,2010,1993.8,Natural
British Columbia,2010-C20270,52.333,-122.9632,2010,350.8,Natural
British Columbia,2010-G40336,53.5078,-124.0143,2010,401.0,Natural
British Columbia,2010-C10173,53.275,-123.5783,2010,1509.0,Natural
British Columbia,2010-C10191,52.4211,-122.8019,2010,16167.0,Natural
British Columbia,2010-C10192,52.408,-122.8601,2010,1020.0,Natural
British Columbia,2010-C10199,52.8033,-123.1174,2010,2990.0,Natural
British Columbia,2010-C10203,53.3357,-123.5198,2010,2500.0,Natural
British Columbia,2010-C10205,53.3438,-123.5505,2010,30843.8,Natural
British Columbia,2010-C10206,53.2617,-123.593,2010,500.0,Natural
British Columbia,2010-C10209,53.1803,-123.5963,2010,2449.0,Natural
British Columbia,2010-C10218,52.7196,-123.3501,2010,1710.0,Natural
British Columbia,2010-C10273,52.3993,-122.6751,2010,767.0,Natural
British Columbia,2010-C50183,52.135,-123.4733,2010,5269.6,Natural
British Columbia,2010-C50186,52.3133,-123.4283,2010,16236.6,Natural
British Columbia,2010-C50234,52.0605,-123.5018,2010,11638.6,Natural
British Columbia,2010-C50238,52.0353,-123.6267,2010,1589.5,Natural
British Columbia,2010-C20266,52.3313,-122.5302,2010,560.6,Natural
British Columbia,2010-C20313,52.2867,-122.5596,2010,1419.1,Natural
British Columbia,2010-C10310,52.406,-122.515,2010,640.7,Natural
British Columbia,2010-C20189,52.1356,-122.4162,2010,15657.3,Natural
British Columbia,2010-C20200,52.2597,-122.7408,2010,3714.4,Natural
British Columbia,2010-C20201,52.2032,-122.3,2010,291.2,Natural
British Columbia,2010-C20243,51.6629,-122.0632,2010,7495.2,Natural
British Columbia,2010-C20260,51.8917,-122.5795,2010,3307.9,Natural
Saskatchewan,10SR-GRAYLING,59.108799,-106.344002,2010,1648.59,Natural
Yukon,2010TE002,60.6177333,-132.0341667,2010,463.0,Natural
Northwest Territories,SS111-10,61.046833,-108.280833,2010,7909.5,Natural
Northwest Territories,SS085-10,60.671333,-106.918333,2010,812.3,Natural
Northwest Territories,SS087-10,60.6295,-107.281333,2010,5743.73,Natural
Northwest Territories,SS088-10,61.11,-106.967833,2010,1026.68,Natural
Northwest Territories,SS091-10,61.143166,-106.424166,2010,1095.06,Natural
Northwest Territories,SS092-10,61.1405,-106.428833,2010,3453.61,Natural
Northwest Territories,SS089-10,60.179333,-103.109166,2010,2884.15,Natural
Northwest Territories,SS105-10,60.128833,-104.9785,2010,556.94,Natural
Northwest Territories,SS083-10,60.388833,-106.9575,2010,2856.3,Natural
Northwest Territories,SS086-10,60.593,-107.0405,2010,1174.22,Natural
Northwest Territories,VQ009-10,64.793333,-121.760666,2010,694.0,Natural
Saskatchewan,10BN-BUZZARD,56.581501,-108.306999,2010,223.0,Natural
Northwest Territories,ZF059-10,62.156166,-110.312,2010,13000.0,Natural
Alberta,MWF073,58.679033,-110.03355,2010,1027.0,Natural
Saskatchewan,10SE-DUNN,55.939999,-102.373001,2010,3076.0,Natural
Saskatchewan,10PN-MCGAFFIN,55.833801,-102.391998,2010,261.88,Natural
Saskatchewan,10SE-MIDWEST,58.311001,-104.669998,2010,4736.0,Natural
Saskatchewan,10SE-CRIMSON,58.432701,-104.037003,2010,8934.0,Natural
Northwest Territories,SS078-10,61.351666,-109.751666,2010,4000.0,Natural
Northwest Territories,SS079-10,61.667833,-107.708666,2010,13925.0,Natural
Northwest Territories,SS077-10,61.901666,-111.2825,2010,600.0,Natural
Northwest Territories,SS080-10,60.2255,-107.727666,2010,5445.8,Natural
Alberta,MWF069,57.303967,-110.594467,2010,3433.0,Natural
Saskatchewan,10SR-BAY,59.164001,-106.973999,2010,491.0,Natural
Saskatchewan,10LL-CHARLIE,56.4515,-109.761002,2010,276.0,Natural
Saskatchewan,10SE-MOORE,57.453499,-103.082001,2010,46736.0,Natural
Saskatchewan,10LL-LAURIE,57.7533,-109.967003,2010,16408.0,Natural
Saskatchewan,10SE-SPALDING,57.260201,-103.480003,2010,3579.0,Natural
Saskatchewan,10SE-JONES,56.4207,-103.666,2010,4185.0,Natural
Manitoba,NE282,56.054167,-101.503889,2010,442.0,Natural
Manitoba,NE284,56.861944,-101.106944,2010,300.0,Natural
Manitoba,NW064,55.221944,-100.418333,2010,400.0,Natural
Northwest Territories,SS071-10,61.257333,-109.839,2010,3000.0,Natural
Northwest Territories,SS074-10,60.323166,-108.299166,2010,30705.07,Natural
Northwest Territories,SS075-10,60.0,-108.384666,2010,3430.35,Natural
Northwest Territories,SS068-10,60.59,-110.921666,2010,229.52,Natural
Northwest Territories,SS069-10,60.0565,-110.121666,2010,300.0,Natural
Northwest Territories,SS073-10,60.254333,-107.611333,2010,6179.2,Natural
Ontario,SLK65,54.8691,-91.9162,2010,300.0,Natural
Alberta,MWF064,59.08025,-110.604617,2010,1854.0,Natural
Alberta,MWF065,59.605117,-110.016667,2010,326.0,Natural
Alberta,MWF059,57.86645,-110.414133,2010,606.6,Natural
Alberta,MWF058,57.62215,-110.029483,2010,2396.8,Natural
Alberta,MWF056,58.276833,-110.366767,2010,23482.3,Natural
Saskatchewan,10SE-PARK,58.2332,-103.748001,2010,3764.0,Natural
Saskatchewan,10SE-WALKER,57.055199,-105.019997,2010,3896.0,Natural
Saskatchewan,10BN-SMITH,56.719799,-108.400002,2010,860.0,Natural
Saskatchewan,10SE-CUNNING,58.384701,-103.626999,2010,481.0,Natural
Saskatchewan,10SE-KAT,57.883701,-103.742996,2010,5132.0,Natural
Saskatchewan,10LL-GERALD,56.9282,-109.582001,2010,1717.23,Natural
Saskatchewan,10LA-STOCK,55.882999,-104.140999,2010,1789.0,Natural
Saskatchewan,10SR-FAST,59.968498,-108.278999,2010,200.0,Natural
Saskatchewan,10SR-LAKE,59.973999,-108.407997,2010,10738.6,Natural
Manitoba,NE365,59.328056,-100.379167,2010,3214.9,Natural
Manitoba,NE260,57.8175,-97.610556,2010,2873.1,Natural
Manitoba,NE259,57.994444,-99.294444,2010,807.7,Natural
Northwest Territories,ZF057-10,62.928,-111.8745,2010,6000.0,Natural
Northwest Territories,SS066-10,60.184666,-110.711166,2010,4457.4,Natural
Northwest Territories,SS104-10,60.171,-103.801333,2010,3957.19,Natural
Northwest Territories,SS113-10,60.570666,-106.8535,2010,308.09,Natural
Alberta,MWF042,57.229741,-110.096387,2010,1451.3,Natural
Saskatchewan,10LL-MIRROR,57.621799,-108.415001,2010,693.95,Natural
Saskatchewan,10SR-BELL,58.737701,-104.438004,2010,19593.4,Natural
Manitoba,NE250,56.866667,-95.333333,2010,5510.6,Natural
Manitoba,NE257,56.666667,-95.933333,2010,1018.1,Natural
Manitoba,NE374,57.325833,-94.948611,2010,1810.0,Natural
Manitoba,NE244,56.417222,-94.426667,2010,271.6,Natural
Manitoba,NE364,57.629167,-97.036944,2010,1747.0,Natural
Manitoba,NE245,57.111667,-100.203056,2010,253.4,Natural
Manitoba,NE253,57.189722,-101.137778,2010,320.0,Natural
Manitoba,NE254,57.202778,-101.124167,2010,12616.0,Natural
Northwest Territories,2010-WB-19,60.3628,-114.8383,2010,432.0,Natural
British Columbia,2010-K70219,50.9053,-122.262,2010,2000.0,Natural
Saskatchewan,10SR-HAIGHT,59.645,-107.447998,2010,2321.0,Natural
Saskatchewan,10SE-MEXICAN,56.4105,-102.837997,2010,16694.0,Natural
Manitoba,NE362,58.2,-100.196389,2010,713.6,Natural
Manitoba,NE216,57.300556,-100.268056,2010,643.1,Natural
Manitoba,NE210,56.8375,-101.848889,2010,3822.0,Natural
Manitoba,NE211,56.7825,-101.903333,2010,350.0,Natural
Manitoba,NE215,56.298889,-96.846389,2010,466.0,Natural
Saskatchewan,10SE-CROZIER,56.8965,-102.872002,2010,1316.0,Natural
Yukon,2010RR003,62.6908333,-132.4833333,2010,8851.0,Natural
British Columbia,2010-G60278,56.1316,-122.7959,2010,950.8,Natural
Manitoba,NE199,57.785,-101.050833,2010,3962.0,Natural
Northwest Territories,SS058-10,60.318333,-108.3355,2010,3340.1,Natural
Ontario,SLK63,54.2134,-91.9687,2010,300.0,Natural
Alberta,MWF030,58.85355,-110.138117,2010,333.5,Natural
Saskatchewan,10LL-BORDER,58.417198,-109.941002,2010,39453.0,Natural
Saskatchewan,10BN-HAWKINS,57.416302,-106.164001,2010,2340.0,Natural
Northwest Territories,SS056-10,60.996666,-111.351333,2010,2500.0,Natural
Saskatchewan,10SE-SWAN,57.680698,-102.939003,2010,32896.0,Natural
Saskatchewan,10LL-NORM,58.315201,-108.781998,2010,7254.0,Natural
Saskatchewan,10SE-BAILEY2,57.256199,-104.529999,2010,46744.0,Human
Saskatchewan,10SE-JACKPINE,56.747501,-102.422997,2010,538.0,Natural
Northwest Territories,SS041-10,61.4,-110.405,2010,21979.0,Natural
Ontario,COC32,53.2718,-83.5591,2010,400.0,Natural
British Columbia,2010-C50096,53.0078,-126.2178,2010,4274.0,Natural
British Columbia,2010-C10112,53.0825,-124.6809,2010,445.4,Natural
Manitoba,NE162,55.915,-94.278889,2010,1065.0,Natural
Saskatchewan,10SE-DOLLY,56.980301,-102.531998,2010,6382.0,Human
Manitoba,NE134,57.703333,-101.106111,2010,4167.9,Natural
Manitoba,NE136,57.615556,-101.201667,2010,4428.9,Natural
Manitoba,NE137,57.520278,-101.296667,2010,1553.5,Natural
Manitoba,NE139,57.55,-100.35,2010,7649.0,Natural
Manitoba,NE138,57.574444,-100.548889,2010,398.0,Natural
Saskatchewan,10PN-TOPASCOM,55.718498,-102.985001,2010,4276.0,Natural
Saskatchewan,10SR-DR22404,59.141701,-105.551003,2010,722.0,Human
Manitoba,NE122,56.795833,-92.183056,2010,355.9,Natural
Manitoba,NE108,56.023056,-94.241944,2010,2866.1,Natural
Quebec,2010-535,52.1367,-75.3189,2010,255.0,Natural
Alberta,2010-WB-10,58.2717,-113.3961,2010,218.6,Natural
Ontario,SLK49,52.5461,-89.912,2010,200.0,Natural
Saskatchewan,10LA-KRUGER,55.7537,-104.788002,2010,2722.0,Natural
Saskatchewan,10LX-ALLCOCK,55.84,-106.667,2010,260.0,Natural
Saskatchewan,10LX-DR192A01,55.875,-106.752998,2010,375.0,Natural
Quebec,2010-495,51.0397,-75.2575,2010,3730.0,Natural
Saskatchewan,2010-PA-4,54.2181,-106.3217,2010,205.0,Natural
Saskatchewan,10LA-MACDONALD,55.764702,-106.375999,2010,2059.0,Natural
Saskatchewan,10LA-ROD,56.3405,-105.427002,2010,4040.0,Natural
Saskatchewan,10PN-SCOOP,54.763302,-102.635002,2010,5545.0,Natural
Saskatchewan,10PN-SADDLER,55.2425,-103.734001,2010,1042.0,Natural
Manitoba,NE083,56.0,-102.0,2010,4859.2,Natural
Manitoba,NE085,55.830556,-93.685833,2010,275.1,Natural
Quebec,2010-479,52.4203,-77.9678,2010,1225.0,Natural
Quebec,2010-481,52.1283,-76.5614,2010,267.2,Natural
Quebec,2010-478,50.9222,-75.3739,2010,4303.7,Natural
Quebec,2010-494,50.9889,-76.0719,2010,12479.8,Natural
Saskatchewan,10SE-ANDRE,57.220299,-103.209,2010,300.0,Natural
Saskatchewan,10LA-BAG,55.485699,-105.377998,2010,11930.0,Natural
Saskatchewan,10LA-HAWK,55.722,-105.650002,2010,2656.0,Natural
Saskatchewan,10LX-ALVIN,55.750301,-107.25,2010,5603.0,Natural
Saskatchewan,10SE-MARGARET,55.9977,-102.059998,2010,31024.0,Natural
Saskatchewan,10PN-HERMAN,54.270699,-103.845001,2010,2287.86,Natural
Saskatchewan,10HB-PEPPER,54.322498,-103.089996,2010,214.5,Natural
Saskatchewan,10PN-HOBBS,54.512199,-102.829002,2010,396.88,Natural
Manitoba,NE075,55.9225,-92.732778,2010,219.7,Natural
Manitoba,NE076,55.913889,-92.956667,2010,3208.9,Natural
Manitoba,NE074,55.967222,-92.413611,2010,218.0,Natural
Quebec,2010-456,50.9869,-76.1425,2010,7973.4,Natural
Quebec,2010-458,50.3283,-75.7769,2010,325.0,Natural
British Columbia,2010-G80158,57.4408,-121.2693,2010,333.2,Natural
Quebec,2010-508,51.6339,-75.0472,2010,341.0,Natural
Alberta,SWF137,56.548,-115.653,2010,309.1,Natural
Saskatchewan,10PN-WATT,55.456299,-103.176003,2010,500.0,Natural
Saskatchewan,10PN-RIDGE,55.352299,-103.209999,2010,2653.61,Natural
Saskatchewan,10PN-MANAWAN,55.4067,-103.184998,2010,7905.0,Natural
Quebec,2010-433,50.6875,-71.8372,2010,26650.7,Natural
Quebec,2010-434,50.2961,-72.9297,2010,973.0,Natural
Quebec,2010-453,49.3983,-72.1558,2010,403.0,Natural
Quebec,2010-422,48.5389,-75.4006,2010,270.9,Natural
Quebec,2010-424,48.5317,-75.4553,2010,487.6,Natural
Ontario,HEA31,49.7769,-82.0548,2010,485.0,Natural
British Columbia,2010-G40151,53.8327,-124.3908,2010,6100.0,Human
Manitoba,NE060,59.9925,-99.095833,2010,10869.0,Natural
Manitoba,NE061,59.961389,-100.846111,2010,8135.0,Natural
Saskatchewan,10SE-BAILY,57.256199,-104.529999,2010,6300.0,Natural
Saskatchewan,10SE-COCHRANE,58.640202,-102.936996,2010,233.0,Natural
Saskatchewan,10SE-ROGER,57.238201,-104.982002,2010,435.0,Natural
Quebec,2010-412,51.0281,-75.7414,2010,19784.0,Natural
Northwest Territories,SS042-10,61.040166,-107.45,2010,1200.0,Natural
Alberta,SWF120,57.247343,-113.571622,2010,33075.3,Natural
Saskatchewan,10SR-DETOUR,59.605999,-104.174004,2010,38812.0,Natural
Manitoba,NW024,54.949722,-101.2875,2010,55727.0,Natural
Saskatchewan,10SE-BOTHWELL2,57.0,-103.633003,2010,43081.0,Human
Saskatchewan,10PN-DR184B22,55.174,-102.922997,2010,700.0,Human
Saskatchewan,10BN-CARIBOU,57.714699,-106.083,2010,24297.0,Natural
Saskatchewan,10BN-RONNIE,57.457298,-106.682999,2010,2325.0,Natural
Yukon,2010DA008,66.0,-141.0,2010,391.0,Natural
Saskatchewan,10PN-MINE,55.748299,-103.585999,2010,14349.0,Natural
Northwest Territories,SS033-10,61.4815,-109.247833,2010,12872.38,Natural
Northwest Territories,SS034-10,60.7575,-107.392666,2010,1771.14,Natural
Northwest Territories,VQ005-10,64.919833,-120.1365,2010,4001.07,Natural
Ontario,COC26,56.1394,-87.8923,2010,410.0,Natural
Alberta,HWF108,59.570667,-116.209967,2010,3642.2,Natural
Northwest Territories,SS031-10,61.708333,-116.0875,2010,924.0,Natural
Saskatchewan,10SE-NOKOMIS,57.013199,-103.154999,2010,62466.0,Natural
Manitoba,NE047,55.816667,-101.428889,2010,285.0,Natural
Quebec,2010-374,51.8594,-77.4375,2010,27488.4,Human
Northwest Territories,ZF022-10,64.560166,-117.345333,2010,900.0,Natural
Northwest Territories,SS030-10,61.993833,-110.143166,2010,1500.0,Natural
British Columbia,2010-R90039,57.9982,-130.6871,2010,2300.0,Natural
British Columbia,2010-R90052,58.1764,-130.3111,2010,1700.0,Natural
Saskatchewan,10SR-RYAN,58.902,-106.823998,2010,191315.0,Natural
Yukon,2010DA007,65.4,-136.3583333,2010,1005.0,Natural
British Columbia,2010-R90044,58.2168,-131.9259,2010,28000.0,Natural
Saskatchewan,10SR-MAPLE,59.7855,-107.196999,2010,500.0,Natural
Yukon,2010OC008,66.4,-140.6136667,2010,6053.0,Natural
Northwest Territories,SS028-10,61.965,-109.998333,2010,46388.99,Natural
Northwest Territories,SS024-10,61.75,-116.25,2010,266.0,Natural
Saskatchewan,10LA-HOCKLEY,56.493301,-104.883003,2010,45023.0,Natural
Manitoba,NE043,55.81,-98.813056,2010,200.0,Human
Yukon,2010OC009,67.0221167,-136.9985167,2010,10224.0,Natural
Yukon,2010OC006,67.156,-136.6911667,2010,32803.0,Natural
Yukon,2010OC007,66.6941667,-138.4735,2010,9616.0,Natural
Yukon,2010DA006,65.9030333,-139.8979167,2010,431.0,Natural
British Columbia,2010-G90210,58.6314,-127.6646,2010,2603.5,Natural
Saskatchewan,10LA-KAUN,56.721199,-105.417,2010,97346.0,Natural
Northwest Territories,SS016-10,60.228666,-108.278333,2010,840.88,Natural
Northwest Territories,SS017-10,60.318333,-108.3355,2010,3431.0,Natural
Northwest Territories,SS018-10,61.000333,-108.079,2010,3602.24,Natural
Northwest Territories,SS022-10,61.0345,-109.938,2010,2000.0,Natural
Northwest Territories,SS021-10,60.913,-106.9415,2010,597.15,Natural
Northwest Territories,SS023-10,60.8995,-106.931833,2010,17049.31,Natural
Northwest Territories,ZF021-10,63.557666,-120.225166,2010,3659.0,Natural
Saskatchewan,10SR-LEAF,59.821999,-107.624001,2010,32821.0,Natural
Saskatchewan,10SR-SELWYN,59.973,-104.170998,2010,1086.0,Natural
Saskatchewan,10LL-JOLLY,58.366699,-109.25,2010,1000.0,Human
Northwest Territories,ZF012-10,63.316333,-112.564666,2010,9016.0,Natural
Northwest Territories,SS019-10,60.913,-106.9415,2010,457.05,Natural
Northwest Territories,SS020-10,60.326333,-105.533333,2010,2940.86,Natural
Saskatchewan,10SR-PASFIELD,58.266701,-105.583,2010,453144.0,Natural
Saskatchewan,10BN-GARRET,58.166698,-107.167,2010,130000.0,Natural
Northwest Territories,ZF008-10,63.675666,-116.853666,2010,3920.0,Natural
Northwest Territories,SS005-10,61.675,-111.155,2010,51000.0,Natural
Northwest Territories,ZF006-10,62.864333,-117.575666,2010,300.0,Natural
Northwest Territories,SS010-10,61.8,-115.166666,2010,718.25,Natural
Northwest Territories,SS006-10,60.572,-117.738166,2010,484.0,Natural
Yukon,2010BC001,62.4554333,-139.6761,2010,291.0,Natural
Northwest Territories,ZF002-10,62.866666,-115.216666,2010,270.5,Natural
Northwest Territories,VQ004-10,65.3175,-125.3025,2010,448.65,Natural
Saskatchewan,10SE-GRAYSON,56.292801,-104.607002,2010,8233.0,Natural
Northwest Territories,EV001-10,68.333333,-132.0,2010,891.0,Natural
Saskatchewan,10LX-GIRARD02,56.7817,-107.155998,2010,105357.0,Human
Yukon,2010OC003,66.1135667,-137.9386,2010,1957.0,Natural
Yukon,2010CA003,62.589,-136.9298333,2010,5257.0,Human
British Columbia,2010-R90035,59.041,-131.4649,2010,1425.0,Natural
Yukon,2010DA005,64.4744,-140.0945833,2010,277.0,Natural
Quebec,2010-367,52.0389,-75.5353,2010,10501.2,Natural
Ontario,WAW18,47.9472,-84.148,2010,2051.0,Unknown
Quebec,2010-287,47.8442,-78.9383,2010,255.0,Natural
Yukon,2010DA003,64.1305,-138.1005,2010,13736.0,Natural
Yukon,2010DA004,64.1381667,-138.1483333,2010,400.0,Natural
Yukon,2010CA001,61.9700667,-137.63585,2010,25152.0,Natural
Quebec,2010-378,51.0236,-73.7386,2010,14494.9,Natural
Quebec,2010-304,49.8622,-70.6914,2010,492.0,Natural
Quebec,2010-253,49.1928,-75.7714,2010,19576.2,Natural
Quebec,2010-267,48.0153,-73.4733,2010,3689.0,Natural
Quebec,2010-274,48.0056,-73.7931,2010,18324.1,Natural
Quebec,2010-279,48.3928,-73.3936,2010,253.7,Natural
Quebec,2010-281,48.3381,-73.2792,2010,107004.1,Natural
Quebec,2010-283,48.1939,-73.3322,2010,4111.6,Natural
Quebec,2010-269,48.0469,-74.2822,2010,10854.2,Natural
Quebec,2010-270,48.1258,-74.5375,2010,4323.2,Natural
Quebec,2010-276,47.9492,-74.0069,2010,3454.0,Natural
Quebec,2010-284,48.2636,-73.9339,2010,287.2,Natural
Yukon,2010DA002,63.1166667,-139.7266667,2010,16830.0,Natural
Ontario,RED32,51.9693,-93.8508,2010,4417.0,Natural
Quebec,2010-248,47.4136,-74.0197,2010,5865.9,Human
Ontario,HEA20,48.9845,-81.9437,2010,219.0,Natural
Quebec,2010-244,51.8642,-77.4375,2010,462.0,Human
Saskatchewan,10SE-OLIVER,56.783298,-103.280998,2010,246.59,Natural
Ontario,COC16,52.6346,-84.4361,2010,266.0,Natural
Manitoba,EA054,52.366667,-96.7,2010,17683.3,Human
Manitoba,EA053,52.218056,-95.965278,2010,3334.1,Natural
Ontario,RED26,51.0392,-92.3125,2010,1077.0,Human
Saskatchewan,10PA-NISBET,53.247501,-105.723999,2010,298.3,Human
Quebec,2010-154,49.7519,-71.3528,2010,1654.5,Human
Ontario,NIP27,52.3789,-86.1552,2010,1924.699951,Natural
Saskatchewan,10LX-GIRARD,56.681499,-107.155998,2010,6880.0,Natural
Saskatchewan,10SE-BOTHWELL,57.025299,-103.637001,2010,1175.0,Natural
British Columbia,2010-G80084,56.2587,-121.4208,2010,470.0,Human
Saskatchewan,10BN-RANDY,56.272499,-108.890999,2010,1225.0,Human
Saskatchewan,10LL-CLUFF,58.299999,-109.182999,2010,6335.0,Natural
Alberta,GWF034,55.028683,-117.8528,2010,720.4,Human
Alberta,2010-WB-3,59.6765,-112.5246,2010,3988.0,Natural
Saskatchewan,10PA-JULIEN,52.6982,-106.028999,2010,600.0,Human
Manitoba,CE009,51.448333,-97.306389,2010,326.3,Human
Manitoba,CE010,51.451944,-97.328889,2010,208.5,Human
Manitoba,WE001,49.674167,-99.557778,2010,259.0,Human
British Columbia,2010-C20018,52.033,-122.5201,2010,212.0,Human
Saskatchewan,10BR-DR15901,53.166698,-108.333,2010,622.0,Human
Manitoba,EA010,49.804444,-96.419167,2010,2299.0,Human
Ontario,FOR3,48.8124,-94.5827,2010,410.0,Human
Alberta,2010-WB-1,58.4192,-113.7567,2010,380.0,Natural
Yukon,2009RR011,62.823771,-130.4506436,2009,485.1,Natural
Alberta,SWF224,55.494983,-116.1435,2009,958.4,Human
British Columbia,2009-K21948,50.9913,-121.235,2009,595.0,Human
Alberta,EWF128,53.945617,-119.3991,2009,1504.34,Natural
British Columbia,2009-C20650,51.5125,-122.7838,2009,405.0,Natural
British Columbia,2009-VA1612,52.6815,-126.5371,2009,334.0,Natural
British Columbia,2009-R10210,53.2372,-126.426,2009,291.0,Natural
British Columbia,2009-K21537,50.8966,-120.0206,2009,250.0,Natural
British Columbia,2009-K21563,50.6016,-119.7362,2009,2100.0,Natural
British Columbia,2009-K31483,50.8027,-119.4917,2009,2896.0,Natural
British Columbia,2009-C40573,51.9793,-120.9638,2009,560.0,Natural
Yukon,2009WL002,61.67265,-129.9083,2009,317.0,Natural
British Columbia,2009-V51385,50.8828,-124.4149,2009,214.78,Natural
Yukon,2009CA009,62.3796,-136.1317167,2009,247.0,Natural
Yukon,2009WL028,60.8033138,-127.8536183,2009,477.4,Natural
Yukon,2009WL029,60.9299691,-127.129457,2009,308.2,Natural
British Columbia,2009-K71263,50.7062,-122.2703,2009,1748.0,Human
British Columbia,2009-G40306,53.2829,-125.2865,2009,1172.0,Natural
British Columbia,2009-VA1261,52.363,-126.633,2009,368.0,Natural
British Columbia,2009-K31292,51.4076,-118.842,2009,255.0,Natural
British Columbia,2009-K11303,51.3222,-119.3751,2009,2579.8,Natural
British Columbia,2009-C20442,51.6259,-123.2088,2009,205.0,Natural
British Columbia,2009-C50446,51.9833,-125.73,2009,694.0,Natural
British Columbia,2009-C40429,51.0294,-121.8797,2009,20925.0,Natural
British Columbia,2009-N40545,50.8716,-118.2267,2009,239.0,Natural
Yukon,2009WL027,60.82605,-127.1897,2009,2249.0,Natural
British Columbia,2009-R90162,59.8931,-130.6805,2009,1500.0,Natural
British Columbia,2009-R90172,57.6407,-129.4,2009,1909.0,Natural
British Columbia,2009-R10165,53.4952,-125.8366,2009,942.0,Natural
British Columbia,2009-R10193,53.6358,-126.2271,2009,200.0,Natural
British Columbia,2009-R20169,54.2017,-126.9475,2009,515.0,Natural
British Columbia,2009-VA1245,52.0099,-126.4375,2009,574.0,Natural
British Columbia,2009-C10480,53.1404,-124.2934,2009,6618.0,Natural
British Columbia,2009-K71183,50.8489,-122.223,2009,2042.0,Natural
British Columbia,2009-K71185,51.0364,-122.4823,2009,6467.0,Natural
British Columbia,2009-K71219,51.034,-122.4834,2009,4574.0,Natural
Yukon,2009RR005,62.7795298,-130.505547,2009,676.4,Natural
Yukon,2009TE005,60.987,-132.518,2009,593.2,Natural
Yukon,2009WL022,60.0066775,-130.3300964,2009,1462.0,Natural
Yukon,2009TE001,60.1065167,-132.97875,2009,5647.6,Natural
Yukon,2009TE003,60.0264078,-133.0016863,2009,383.9,Natural
British Columbia,2009-G60279,56.7937,-126.6762,2009,502.0,Natural
British Columbia,2009-G60461,58.0984,-127.138,2009,4041.6,Natural
British Columbia,2009-G90324,58.7109,-127.698,2009,2310.0,Natural
British Columbia,2009-R90142,58.1373,-130.1928,2009,400.0,Natural
British Columbia,2009-R90173,58.9476,-131.6362,2009,286.0,Natural
British Columbia,2009-R90189,57.4978,-127.613,2009,1800.0,Natural
British Columbia,2009-R50180,56.421,-128.1262,2009,262.0,Natural
British Columbia,2009-G50278,56.3598,-127.3039,2009,1000.0,Natural
British Columbia,2009-G50294,56.327,-127.0686,2009,600.0,Natural
British Columbia,2009-G50283,55.7577,-125.58,2009,450.0,Natural
British Columbia,2009-G60317,56.0156,-125.4575,2009,793.4,Natural
British Columbia,2009-R40157,56.1708,-127.6459,2009,1600.0,Natural
British Columbia,2009-R20168,54.1267,-127.08,2009,692.0,Natural
British Columbia,2009-K61231,49.7602,-120.9407,2009,3025.0,Natural
British Columbia,2009-C50396,52.5513,-125.8183,2009,2826.0,Natural
British Columbia,2009-C50410,52.687,-125.2318,2009,452.0,Natural
British Columbia,2009-C50418,51.8358,-123.7955,2009,66571.0,Natural
British Columbia,2009-K41176,50.8133,-118.5534,2009,700.0,Natural
British Columbia,2009-C50400,51.2748,-124.2067,2009,2400.0,Natural
British Columbia,2009-V31216,50.6043,-122.7532,2009,200.0,Natural
British Columbia,2009-K71328,50.2726,-122.0066,2009,3000.0,Natural
Yukon,2009WL005,61.052,-128.4355,2009,705.5,Natural
Yukon,2009WL007,61.0883333,-129.1541667,2009,1693.2,Natural
Yukon,2009WL009,60.5859333,-130.0872333,2009,8949.0,Natural
Yukon,2009WL010,60.5969833,-130.1359667,2009,337.4,Natural
Yukon,2009WL011,60.7021,-130.0064333,2009,1477.2,Natural
Yukon,2009WL017,60.91125,-129.074,2009,7362.9,Natural
Yukon,2009WL008,60.5998333,-130.3645,2009,1731.5,Natural
British Columbia,2009-G60274,56.8333,-126.1666,2009,2750.4,Natural
British Columbia,2009-G60300,55.626,-124.6359,2009,214.0,Natural
British Columbia,2009-V91167,50.0403,-126.3537,2009,450.0,Natural
British Columbia,2009-C50402,52.1742,-125.8872,2009,2288.0,Natural
British Columbia,2009-V11183,49.8616,-121.2016,2009,435.0,Natural
Northwest Territories,HY009-09,61.5833,-116.3166,2009,1076.0,Natural
British Columbia,2009-K11065,51.4686,-119.3575,2009,387.4,Natural
British Columbia,2009-N40503,51.6593,-118.4715,2009,285.0,Natural
British Columbia,2009-C50381,52.6788,-124.9783,2009,1738.0,Natural
British Columbia,2009-K21063,50.819,-121.2137,2009,280.0,Natural
British Columbia,2009-K70951,50.4592,-121.7766,2009,2023.0,Natural
British Columbia,2009-N50386,50.7847,-117.698,2009,393.0,Natural
British Columbia,2009-N50397,50.5978,-117.8569,2009,2087.0,Natural
British Columbia,2009-K11011,51.3217,-119.3,2009,1514.7,Natural
British Columbia,2009-V30940,50.4983,-122.9983,2009,850.0,Natural
British Columbia,2009-K71111,50.1317,-122.1433,2009,250.0,Natural
British Columbia,2009-V30937,50.5425,-122.9316,2009,823.0,Natural
British Columbia,2009-K71110,50.2836,-121.9795,2009,10000.0,Natural
British Columbia,2009-N40365,51.8765,-117.1135,2009,250.0,Natural
British Columbia,2009-V31030,49.9478,-122.6086,2009,720.3,Natural
British Columbia,2009-K70814,50.6792,-121.9708,2009,3696.0,Natural
Yukon,2009OC001,67.3213667,-137.2676167,2009,431.4,Natural
Yukon,2009DA023,62.9086667,-138.6948333,2009,1257.3,Natural
Saskatchewan,09HB-DIVER,53.611,-101.907,2009,374.5,Natural
British Columbia,2009-K50739,49.8273,-119.659,2009,400.0,Human
British Columbia,2009-K50747,49.8916,-119.5735,2009,200.0,Human
Yukon,2009DA022,63.4848333,-140.8197667,2009,900.5,Natural
British Columbia,2009-R40129,55.5031,-127.5926,2009,309.0,Natural
British Columbia,2009-K50720,50.1403,-119.7716,2009,9277.0,Human
British Columbia,2009-K10923,52.5524,-119.4802,2009,766.1,Natural
Quebec,2009-402,51.96163,-65.72957,2009,1746.8,Human
Yukon,2009DA010,63.125,-139.8466667,2009,255.1,Natural
Yukon,2009CA007,61.86055,-137.1768833,2009,40797.9,Natural
Northwest Territories,CR002-09,60.5415,-103.324,2009,260.0,Natural
British Columbia,2009-V80850,49.756,-125.7026,2009,1000.0,Natural
Yukon,2009DA018,63.0528333,-138.815,2009,28333.6,Natural
Yukon,2009DA017,63.862,-140.669,2009,12166.0,Natural
Yukon,2009DA016,63.96315,-140.3082333,2009,7850.6,Natural
Yukon,2009CA004,62.1153333,-135.0643333,2009,38763.8,Natural
Manitoba,NE016,55.0191667,-96.6741667,2009,250.0,Natural
Quebec,2009-362,52.21343,-77.74706,2009,313.3,Natural
Quebec,2009-383,51.74581,-74.95207,2009,1479.7,Natural
Quebec,2009-320,52.2518,-76.48825,2009,1145.9,Natural
Quebec,2009-321,52.13549,-76.38443,2009,2924.3,Natural
Quebec,2009-357,51.72063,-76.8043,2009,3322.1,Natural
Quebec,2009-316,50.09323,-75.13863,2009,665.2,Natural
Quebec,2009-312,50.31115,-76.49296,2009,628.6,Natural
Quebec,2009-313,49.19544,-76.53654,2009,373.6,Natural
Ontario,COC13,51.78,-81.558,2009,1500.0,Natural
Ontario,COC14,50.5308,-79.5114,2009,2645.0,Natural
Ontario,SLK25,52.091,-91.9126,2009,2800.0,Natural
Ontario,SLK24,51.9119,-91.2336,2009,1940.0,Natural
Quebec,2009-265,51.64808,-70.00217,2009,232.7,Natural
Quebec,2009-269,52.23412,-77.18392,2009,2845.3,Natural
Quebec,2009-272,51.81925,-77.07897,2009,520.1,Natural
Quebec,2009-274,51.69634,-77.00063,2009,3036.0,Natural
Quebec,2009-288,51.45714,-78.01838,2009,5568.5,Natural
Quebec,2009-289,51.55846,-77.80874,2009,738.4,Natural
Quebec,2009-273,51.21883,-75.52159,2009,5304.9,Natural
Quebec,2009-275,51.28417,-75.01575,2009,7834.7,Natural
Quebec,2009-277,51.29946,-75.39509,2009,5935.5,Natural
Quebec,2009-286,51.92656,-74.7925,2009,5454.9,Natural
Ontario,SLK26,52.4158,-91.2576,2009,1225.0,Natural
Ontario,RED10,52.2658,-92.5091,2009,700.0,Natural
Quebec,2009-241,50.47872,-75.83611,2009,7036.3,Natural
Quebec,2009-290,51.07284,-70.70992,2009,3799.4,Natural
Quebec,2009-308,50.97242,-70.67716,2009,1261.7,Natural
Quebec,2009-306,50.30486,-78.84345,2009,26878.6,Natural
Quebec,2009-311,50.61661,-68.3458,2009,1426.4,Natural
Ontario,SLK23,52.9391,-92.3229,2009,850.0,Natural
Saskatchewan,09LL-QUEST,57.0023,-109.967,2009,5400.0,Natural
Alberta,SWF084,57.070183,-113.059167,2009,839.0,Natural
Saskatchewan,09BN-FRANK,56.2218,-108.616,2009,628.0,Natural
Ontario,SLK17,54.0941,-91.7538,2009,275.0,Natural
Ontario,COC10,52.3344,-84.7031,2009,400.0,Natural
Ontario,SLK13,53.7058,-89.5073,2009,200.0,Natural
Ontario,COC11,52.3844,-84.5094,2009,500.0,Natural
Saskatchewan,09PN-VINCENT,55.2607,-103.6,2009,1562.0,Natural
Saskatchewan,09HB-RED,53.5617,-102.856,2009,528.0,Natural
Saskatchewan,09PN-SADDLER,55.326,-103.717,2009,1520.0,Natural
Quebec,2009-226,49.46073,-72.05843,2009,468.1,Natural
Ontario,RED7,51.7172,-92.4861,2009,1575.0,Natural
Ontario,NIP13,52.697,-87.5696,2009,825.0,Natural
Ontario,NIP12,51.5924,-86.9061,2009,300.0,Natural
Ontario,NIP10,51.9318,-87.749,2009,300.0,Natural
Ontario,SLK10,54.0122,-90.1216,2009,450.0,Natural
Ontario,NIP14,52.6972,-87.5104,2009,450.0,Natural
Ontario,NIP20,53.5292,-88.1087,2009,710.0,Natural
Alberta,MWF041,57.041667,-110.048333,2009,10790.92,Natural
Saskatchewan,09BN-ITHINGO,56.8167,-107.533,2009,290.0,Natural
Saskatchewan,09BN-MOBERLY,56.7563,-108.136,2009,475.0,Natural
Saskatchewan,09WY-ENNIS,54.4707,-105.026,2009,322.0,Natural
Saskatchewan,09WY-MEYAK,54.86,-105.989,2009,1567.4,Natural
Saskatchewan,09HB-NISKA,53.5763,-101.923,2009,588.0,Natural
Quebec,2009-249,51.15348,-71.85788,2009,633.7,Natural
Ontario,COC9,52.9088,-84.118,2009,1000.0,Natural
Alberta,PWF069,57.702517,-119.768167,2009,3349.1,Natural
Alberta,SWF077,56.982833,-114.733333,2009,5113.0,Natural
Alberta,LWF120,54.675833,-113.678167,2009,216.6,Human
Alberta,WWF052,54.551098,-114.984807,2009,4353.0,Natural
Saskatchewan,09SE-HIGHROCK,57.1735,-105.543,2009,4596.0,Natural
Saskatchewan,09BR-NIGEL,54.1707,-106.808,2009,2033.0,Natural
Saskatchewan,09SE-AARON,57.344,-105.552,2009,342.0,Natural
Saskatchewan,09SE-PAUL,57.1687,-105.314,2009,2879.0,Natural
Saskatchewan,09SE-BRABANT,56.0898,-103.603,2009,312.0,Natural
Saskatchewan,09BR-NORTON,54.2833,-107.6,2009,800.0,Natural
Alberta,SWF073,56.4615,-115.7355,2009,630.0,Natural
Alberta,MWF027,56.468167,-111.738333,2009,7123.5,Natural
Alberta,MWF024,56.273,-111.565,2009,11506.1,Natural
Alberta,LWF098,55.546783,-113.386383,2009,6997.0,Natural
Alberta,LWF112,55.132167,-111.455833,2009,350.0,Natural
British Columbia,2009-G90146,58.2737,-122.609,2009,328.8,Natural
Alberta,HWF114,59.476117,-119.2281,2009,8686.75,Natural
Yukon,2009BC003,62.918749,-140.9949406,2009,379.7,Natural
Ontario,NIP25,50.7713,-85.3336,2009,300.0,Natural
Saskatchewan,09LL-PATTERSON,57.785,-109.289,2009,6100.0,Natural
Yukon,2009XY011,61.1472833,-134.3179833,2009,18308.7,Natural
Ontario,SLK22,54.467,-92.298,2009,500.0,Natural
British Columbia,2009-R90074,58.7167,-131.75,2009,750.0,Natural
British Columbia,2009-R90075,57.9345,-128.8215,2009,2035.0,Natural
Alberta,MWF008,59.788097,-110.45174,2009,327.0,Natural
Yukon,2009DA009,64.266981,-138.0686378,2009,671.6,Natural
Saskatchewan,09PA-ENGLISH,53.3167,-104.8,2009,291.0,Natural
Saskatchewan,09PA-WINDY,53.3222,-106.495,2009,1884.0,Human
Manitoba,WE004,52.8186111,-100.6713889,2009,588.29999,Human
British Columbia,2009-G90084,59.5471,-126.4249,2009,23182.0,Natural
British Columbia,2009-K70216,50.9134,-122.7789,2009,8050.0,Human
Manitoba,WE012,51.9758333,-100.2511111,2009,221.0,Human
Yukon,2009DA001,63.384,-138.45,2009,43793.4,Natural
Saskatchewan,09HB-OFLOW,53.0298,-102.03,2009,785.0,Natural
Manitoba,CE001,51.8216667,-99.6475,2009,540.70001,Human
Northwest Territories,2009-NA-18,61.8739,-126.4147,2009,400.0,Natural
Saskatchewan,09PA-JSIR03,53.0908,-104.827,2009,260.0,Human
Alberta,WWF009,54.534247,-114.356895,2009,207.8,Human
Saskatchewan,09DN-PARK,54.4138,-108.892,2009,213.0,Human
British Columbia,2009-G80026,56.4,-122.38,2009,212.0,Human
British Columbia,2009-C40048,51.3017,-121.3917,2009,996.0,Human
British Columbia,2009-C20062,51.9574,-122.4688,2009,900.0,Human
Saskatchewan,09PA-SLIR06,53.3912,-106.102,2009,550.0,Human
Saskatchewan,09SF-WDFFOAM,51.6488,-103.038,2009,300.0,Human
Nova Scotia,67Y4H1,44.596036,-63.605452,2009,681.0,Human
British Columbia,2009-C20031,51.966,-122.3598,2009,500.0,Human
Northwest Territories,2009-NA-16,61.3769,-126.9114,2009,1500.0,Natural
Alberta,2009-JA-6,53.1581,-118.1956,2009,1375.0,Natural
British Columbia,2009-G80007,56.5097,-120.3833,2009,310.0,Human
British Columbia,2008-C20298,51.31,-123.16,2008,280.0,Human
Northwest Territories,ZF052-08,62.8993,-111.7185,2008,271.0,Natural
Northwest Territories,SM038-08,60.1326,-111.0766,2008,204.61,Natural
Ontario,THU38,50.4997,-89.6382,2008,520.0,Natural
Ontario,SLK29,53.3576,-89.8024,2008,200.0,Natural
Alberta,HWF225,59.439599,-114.76586,2008,456.31,Natural
Saskatchewan,08LL-STONY,58.8333,-108.583,2008,1030.0,Natural
Northwest Territories,CR054-08,60.9453,-104.3221,2008,300.0,Natural
Saskatchewan,08SR-CHRYSIE,58.8092,-105.138,2008,5050.0,Natural
Manitoba,NE149,58.316111,-98.6375,2008,1025.0,Natural
Manitoba,NE150,58.114444,-98.564167,2008,921.2,Natural
Manitoba,NE152,57.888056,-97.864722,2008,4006.1,Natural
Saskatchewan,08SR-CHAPS,59.9717,-106.84,2008,1010.0,Natural
Saskatchewan,08SR-RIOU,59.1883,-106.542,2008,10800.0,Natural
Northwest Territories,ZF046-08,62.2591,-110.5638,2008,4475.0,Natural
British Columbia,2008-G80375,56.6052,-120.1985,2008,348.0,Natural
Saskatchewan,08SR-JOSEPH,59.8533,-107.053,2008,1320.0,Natural
Northwest Territories,CR027-08,60.9126,-110.7391,2008,3600.0,Natural
Northwest Territories,CR028-08,60.9038,-110.8903,2008,4952.0,Natural
Northwest Territories,CR029-08,60.8191,-110.77,2008,409.0,Natural
Northwest Territories,SM027-08,60.4928,-111.4486,2008,2800.0,Natural
British Columbia,2008-R10067,53.7854,-125.4525,2008,225.0,Natural
Northwest Territories,CR025-08,60.05,-106.5833,2008,300.0,Natural
Alberta,HWF204,58.109633,-119.728267,2008,693.0,Natural
Northwest Territories,ZF041-08,62.3416,-111.97,2008,2002.0,Natural
Northwest Territories,ZF042-08,62.4548,-110.09,2008,810.0,Natural
Saskatchewan,08SR-LEE,59.6573,-106.356,2008,5490.0,Natural
Saskatchewan,08SR-COOK,59.608,-106.588,2008,3115.0,Natural
Northwest Territories,FS018-08,63.8891,-122.8765,2008,4226.5,Natural
Northwest Territories,FS017-08,63.7106,-123.4861,2008,2160.0,Natural
Manitoba,NE175,59.825,-101.701111,2008,2146.9,Natural
Manitoba,NE151,58.215556,-97.985,2008,1627.3,Natural
Manitoba,NE159,58.988611,-101.283333,2008,3237.7,Natural
Manitoba,NE160,57.973889,-100.064167,2008,2048.9,Natural
Manitoba,NE167,58.096667,-95.4275,2008,5745.9,Natural
Manitoba,NE146,56.734444,-101.856944,2008,5004.6,Natural
Manitoba,NE145,57.208333,-100.806389,2008,13430.6,Natural
Northwest Territories,SM023-08,60.2391,-110.195,2008,5762.84,Natural
Northwest Territories,SM024-08,60.0563,-110.0491,2008,1663.0,Natural
Northwest Territories,FS012-08,60.1345,-120.8843,2008,214.0,Natural
Northwest Territories,CR020-08,60.05,-108.9833,2008,200.0,Natural
Northwest Territories,CR019-08,60.55,-108.1666,2008,300.0,Natural
Northwest Territories,ZF039-08,62.687,-109.769,2008,2022.0,Natural
Saskatchewan,08SE-CHRISTINA,57.3222,-103.236,2008,2280.0,Natural
Saskatchewan,08SR-KAY,59.662,-109.566,2008,24997.0,Natural
Northwest Territories,SM018-08,61.7181,-111.9175,2008,300.0,Natural
British Columbia,2008-N10318,49.664,-115.6632,2008,329.1,Human
Saskatchewan,08SR-MAC,59.498,-108.389,2008,431.0,Natural
Saskatchewan,08SR-ROSE,59.5668,-107.645,2008,486.0,Natural
Saskatchewan,08SR-PORTER,59.9588,-106.126,2008,25610.0,Natural
Northwest Territories,SM014-08,60.6946,-113.7906,2008,257.2,Natural
Northwest Territories,SM013-08,60.5333,-114.35,2008,41117.06,Natural
Saskatchewan,08SR-SCOTT,59.888,-106.266,2008,1484.0,Natural
Northwest Territories,ZF036-08,65.3191,-116.9995,2008,670.0,Natural
Northwest Territories,ZF032-08,64.4313,-117.3351,2008,4706.0,Natural
Northwest Territories,ZF031-08,63.9813,-115.0751,2008,1164.0,Natural
British Columbia,2008-N50245,49.7655,-118.1406,2008,385.0,Human
Alberta,MWF093,59.754667,-110.617,2008,11600.0,Natural
Northwest Territories,ZF037-08,65.3103,-116.2926,2008,254.0,Natural
Northwest Territories,ZF029-08,62.0431,-107.6463,2008,1273.0,Natural
Northwest Territories,ZF030-08,63.3125,-116.5898,2008,67030.0,Natural
Saskatchewan,08LL-SID,58.4523,-109.002,2008,82173.0,Natural
Saskatchewan,08LL-DWIGHT2,58.1757,-108.392,2008,10500.0,Human
Northwest Territories,FS010-08,61.5666,-121.15,2008,201.0,Natural
Saskatchewan,08SR-EVA,59.7677,-104.847,2008,26247.0,Natural
Northwest Territories,EV016-08,66.6483,-133.2983,2008,300.0,Natural
Northwest Territories,EV015-08,66.0616,-132.1783,2008,900.0,Natural
Saskatchewan,08SR-CREEK,59.2042,-104.608,2008,137175.0,Natural
Northwest Territories,SM010-08,61.2166,-111.8,2008,4070.0,Natural
Northwest Territories,SM011-08,61.65,-111.6833,2008,9433.9,Natural
Northwest Territories,EV014-08,66.1433,-132.33,2008,650.0,Natural
Northwest Territories,ZF023-08,62.4858,-115.743,2008,1500.0,Natural
Northwest Territories,EV011-08,66.455,-132.8883,2008,550.0,Natural
Northwest Territories,HY006-08,61.7836,-115.0783,2008,31517.0,Natural
Alberta,PWF070,56.732667,-118.885133,2008,201.7,Natural
Saskatchewan,08BN-KEN,57.8833,-107.167,2008,3000.0,Natural
Manitoba,NE123,53.425,-96.496944,2008,316.6,Natural
British Columbia,2008-G90200,58.9417,-124.2,2008,350.0,Natural
British Columbia,2008-C10082,52.7482,-125.0608,2008,274.0,Natural
British Columbia,2008-N70207,49.3276,-116.488,2008,226.2,Natural
Manitoba,NE135,57.312222,-101.986944,2008,819.0,Natural
Manitoba,NE139,57.405556,-97.390556,2008,8892.4,Natural
Saskatchewan,08LA-LINE,55.0282,-106.244,2008,2103.0,Natural
Saskatchewan,08SE-THERAIAU,58.3743,-104.609,2008,690.0,Natural
Saskatchewan,08HB-PINE,54.05,-102.45,2008,588.0,Natural
Saskatchewan,08SE-JACK,56.1078,-104.226,2008,282.0,Natural
Alberta,HWF136,59.996117,-116.640833,2008,548.81,Natural
Saskatchewan,08LA-GRAYSON,56.2558,-104.662,2008,354.0,Natural
Northwest Territories,HY004-08,60.0,-116.6333,2008,575.0,Natural
Saskatchewan,08SE-RYAN,57.3585,-102.107,2008,12136.0,Natural
Yukon,2008OC009,66.38375,-134.6011667,2008,1726.0,Natural
Yukon,2008OC010,66.3515833,-134.20135,2008,3280.0,Natural
Yukon,2008OC013,66.6583167,-133.9319333,2008,469.0,Natural
Yukon,2008OC014,66.5336667,-134.08335,2008,1840.0,Natural
Yukon,2008OC005,66.5716,-138.4795333,2008,218.0,Natural
Yukon,2008OC006,66.5513167,-138.4504167,2008,1366.0,Natural
Yukon,2008MA008,65.9495,-135.3968333,2008,281.0,Natural
Yukon,2008RR002,62.8233333,-131.0131667,2008,200.0,Natural
Northwest Territories,VQ012-08,66.5833,-129.2333,2008,219.0,Unknown
Northwest Territories,ZF018-08,63.8991,-118.4906,2008,9124.0,Natural
Saskatchewan,08SE-DONALD,57.8172,-103.78,2008,557.0,Natural
Yukon,2008MA006,65.95725,-133.0516167,2008,440.0,Natural
Yukon,2008MA007,65.9169333,-133.7631833,2008,327.0,Natural
Yukon,2008DA014,64.88485,-137.0259833,2008,1116.0,Natural
Saskatchewan,08LA-LEE,55.4027,-106.175,2008,272.0,Natural
Saskatchewan,08SE-OOMS,58.3097,-102.399,2008,997.0,Natural
Northwest Territories,EV006-08,66.528,-132.528,2008,1250.0,Natural
Northwest Territories,EV005-08,66.2438,-132.7571,2008,500.0,Natural
Northwest Territories,EV007-08,66.611,-133.0,2008,200.0,Natural
Northwest Territories,VQ009-08,66.2548,-130.8041,2008,1870.0,Natural
Northwest Territories,ZF016-08,64.5066,-120.1166,2008,2868.0,Natural
Saskatchewan,08SE-IZZY,57.134,-104.709,2008,5597.0,Natural
Saskatchewan,08SE-WILMA,57.3482,-104.954,2008,7293.0,Natural
Northwest Territories,VQ008-08,65.5666,-127.2166,2008,2880.08,Natural
Saskatchewan,08SR-JANTZ,59.5245,-106.957,2008,11648.0,Natural
Saskatchewan,08SR-STROME,59.461,-107.967,2008,3610.0,Natural
Yukon,2008DA011,65.3536833,-138.4758333,2008,686.0,Natural
Saskatchewan,08SE-LEONARD,57.0698,-104.591,2008,1500.0,Natural
Saskatchewan,08SR-EDAY,59.7917,-107.242,2008,600.0,Natural
Saskatchewan,08SR-WEENES,58.3965,-107.042,2008,300.0,Natural
Quebec,2008-141,53.65078,-77.48027,2008,770.0,Natural
British Columbia,2008-G90193,58.4315,-123.5633,2008,1300.0,Natural
Saskatchewan,08SR-CAMSELL,59.6012,-108.944,2008,62638.0,Natural
Saskatchewan,08BN-BOB,57.35,-107.533,2008,55000.0,Natural
Saskatchewan,08LA-THORESON,56.0805,-104.474,2008,10480.0,Natural
Saskatchewan,08LX-MCKAYLAKE,56.5285,-106.964,2008,5111.0,Natural
Saskatchewan,08PN-MIROND,55.2382,-102.767,2008,92074.0,Natural
Northwest Territories,ZF013-08,62.4465,-116.2048,2008,70711.0,Natural
Saskatchewan,08PN-HOPPER,55.095,-103.557,2008,34000.0,Natural
Northwest Territories,CR008-08,61.1666,-109.6666,2008,1533.09,Natural
Ontario,RED7,53.7047,-93.3256,2008,270.0,Natural
Northwest Territories,ZF012-08,62.4666,-115.606,2008,558.0,Natural
Saskatchewan,08BN-DEAN,56.455,-107.87,2008,1411.0,Natural
Saskatchewan,08LA-HEX,55.8027,-105.914,2008,15506.0,Natural
Nova Scotia,68W1C1,44.745605,-63.36839,2008,1950.0,Human
Saskatchewan,08LA-HAWKINS,55.7072,-105.721,2008,260.0,Natural
Northwest Territories,CR005-08,60.7,-107.5833,2008,400.0,Natural
Alberta,MWF057,57.06515,-110.6246,2008,2485.0,Natural
Saskatchewan,08SR-APISIS,59.6568,-107.108,2008,735.0,Natural
Saskatchewan,08SR-WESTRAY,59.7353,-107.898,2008,14866.0,Natural
Saskatchewan,08SE-CROZIER,56.927,-102.961,2008,6000.0,Human
Saskatchewan,08SR-JERVOIS,59.2555,-104.575,2008,1940.0,Natural
Saskatchewan,08LL-NICHOLAS,58.0635,-108.261,2008,11000.0,Natural
Saskatchewan,08LL-DWIGHT,58.1757,-108.392,2008,10500.0,Natural
Alberta,LWF087,55.000278,-110.941943,2008,325.5,Natural
Saskatchewan,08SR-TRAIN,59.755,-107.231,2008,2693.0,Natural
Saskatchewan,08SR-VIKING,59.5843,-108.283,2008,85375.0,Natural
Saskatchewan,08SR-RICHIE,59.1202,-105.838,2008,56000.0,Natural
Saskatchewan,08LA-SIMMER,56.3987,-105.479,2008,35208.0,Natural
Saskatchewan,08LX-LAWRENCE,56.0205,-108.163,2008,343.0,Natural
Saskatchewan,08LA-BASHFORD,56.6783,-105.707,2008,270.0,Natural
Saskatchewan,08SE-MARGARET,57.2543,-103.679,2008,4350.0,Natural
Saskatchewan,08LA-PYLYPOW,56.5613,-105.75,2008,5195.0,Natural
Alberta,MWF021,57.222667,-110.543667,2008,580.0,Natural
Saskatchewan,08SE-GEORGE,57.8002,-103.585,2008,2194.0,Natural
Saskatchewan,08LA-DALY,56.5332,-105.608,2008,348.0,Natural
Saskatchewan,08SE-REISNER,57.7873,-103.582,2008,430.0,Natural
Saskatchewan,08LL-DOUGHLES,58.2483,-109.233,2008,18084.0,Natural
Northwest Territories,CR001-08,60.9833,-110.45,2008,8245.25,Natural
Northwest Territories,EV001-08,67.1506,-135.4075,2008,485.0,Natural
Saskatchewan,08SE-WILLIS,57.7025,-104.575,2008,56317.0,Natural
Saskatchewan,08LA-CLINCH,56.5892,-105.443,2008,53167.0,Natural
Saskatchewan,08SE-DOUGLAS,57.634,-104.483,2008,500.0,Natural
Saskatchewan,08SE-RUSSELL,57.4542,-105.276,2008,10000.0,Natural
Saskatchewan,08LA-ZBAR,55.8617,-105.242,2008,70903.0,Natural
Saskatchewan,08LA-HEPBURN,55.9207,-105.172,2008,550.0,Natural
Manitoba,NE052,58.05,-101.558333,2008,200.0,Natural
Manitoba,NE125,58.598611,-97.004722,2008,1172.6,Natural
Manitoba,NE077,56.780833,-101.918889,2008,12306.8,Natural
Manitoba,NE078,56.955,-101.468611,2008,5524.2,Natural
Manitoba,NE093,57.014722,-101.658056,2008,4120.1,Natural
Manitoba,NE095,57.451111,-101.502222,2008,2998.4,Natural
Manitoba,NE115,56.783333,-101.464444,2008,208.0,Natural
Manitoba,NE119,57.453056,-100.297778,2008,640.4,Natural
Manitoba,NW045,55.6975,-100.428056,2008,209.0,Natural
Saskatchewan,08SR-FIR,59.1597,-105.402,2008,12538.0,Human
Manitoba,CE015,50.266667,-96.766667,2008,300.0,Human
Alberta,PWF019,57.099152,-117.210496,2008,1307.0,Human
British Columbia,2008-G90088,58.5833,-127.1167,2008,5348.0,Human
Manitoba,CE012,51.336111,-97.425,2008,373.0,Human
Manitoba,NW020,55.027778,-101.097222,2008,9258.1,Human
Manitoba,NE012,53.75,-94.9,2008,2270.5,Human
Manitoba,NE016,53.9,-94.966667,2008,557.6,Human
Manitoba,NW024,53.574722,-99.460833,2008,53008.7,Human
Manitoba,WE013,51.829722,-100.2725,2008,352.0,Human
Manitoba,WE002,49.871667,-99.481944,2008,295.6,Human
Manitoba,EA045,49.354444,-96.155556,2008,3395.9,Human
Manitoba,EA010,49.314444,-96.419722,2008,1336.5,Human
Saskatchewan,08BR-SIR01,53.1583,-108.325,2008,700.0,Human
Manitoba,WE001,49.476944,-99.863611,2008,620.0,Human
British Columbia,2008-C40006,51.2034,-122.1006,2008,280.0,Human
Alberta,2008-EI-3,52.9167,-112.4167,2008,500.0,Human
Alberta,2008-WB-15,59.5697,-113.2136,2008,1238.0,Natural
British Columbia,2007-KO-3,50.8831,-116.9167,2007,500.0,Human
British Columbia,2007-N50561,49.7417,-117.3505,2007,267.0,Natural
British Columbia,2007-N60564,49.7624,-118.779,2007,840.9,Human
British Columbia,2007-N50523,49.0068,-117.4412,2007,3969.0,Natural
Northwest Territories,CR026-07,61.5908,-104.768,2007,250.63,Natural
Northwest Territories,CR027-07,60.6,-104.4333,2007,995.41,Natural
Northwest Territories,CR028-07,60.225,-104.4,2007,724.75,Natural
Saskatchewan,07LX-LEE2,55.1733,-107.038,2007,1400.0,Human
Yukon,2007DA034,63.0446667,-140.4596667,2007,582.0,Natural
Northwest Territories,VQ028-07,67.2265,-127.0801,2007,344.32,Natural
Yukon,2007DA030,63.25335,-139.6171167,2007,247.0,Natural
Northwest Territories,VQ026-07,66.332,-130.602,2007,422.8,Natural
Northwest Territories,HY025-07,60.1053,-116.5778,2007,586.0,Natural
Saskatchewan,07LL-PARK,56.7833,-109.383,2007,894.0,Natural
Ontario,COC41,54.2795,-84.4118,2007,500.0,Natural
Ontario,COC35,54.947,-87.8243,2007,1000.0,Natural
Ontario,COC34,55.2319,-87.4952,2007,600.0,Natural
British Columbia,2007-N50372,49.8063,-117.4413,2007,3137.0,Natural
Saskatchewan,07LA-NEIL,56.984,-105.091,2007,4436.0,Natural
Saskatchewan,07LA-FOSTER,56.8907,-105.168,2007,1832.0,Natural
Manitoba,NE221,57.888889,-97.814722,2007,691.0,Natural
Yukon,2007DA026,63.6008333,-138.3005333,2007,494.0,Natural
Alberta,2007-WB-9,59.4828,-114.1619,2007,6700.0,Natural
Ontario,COC33,55.2817,-87.6202,2007,500.0,Natural
Saskatchewan,07SE-SISIP,56.0207,-103.23,2007,1630.0,Natural
Manitoba,NE219,57.721944,-95.814167,2007,9381.0,Natural
Yukon,2007DA024,63.5833333,-138.2333333,2007,220.0,Natural
Ontario,COC31,56.2236,-88.2821,2007,300.0,Natural
Ontario,COC30,55.5562,-87.2298,2007,300.0,Natural
Saskatchewan,07SR-UNKNOWN,59.6233,-105.952,2007,2493.0,Natural
Saskatchewan,07SR-STREAM,59.5473,-106.017,2007,38082.0,Natural
Saskatchewan,07LL-GOLDING,56.6847,-109.6,2007,7529.0,Natural
Saskatchewan,07SR-MARCHANT,59.725,-105.92,2007,2672.0,Natural
Northwest Territories,CR022-07,61.2166,-110.4166,2007,9441.09,Natural
Northwest Territories,SM008-07,60.4333,-110.7333,2007,1988.6,Natural
Northwest Territories,SM010-07,60.5666,-111.4166,2007,1408.01,Natural
Saskatchewan,07SE-STEEPHILL,55.9908,-103.056,2007,4902.0,Natural
Saskatchewan,07LX-LEE,56.1733,-107.038,2007,1400.0,Natural
British Columbia,2007-N70347,49.6288,-117.2398,2007,1075.0,Natural
Northwest Territories,VQ023-07,67.861,-125.4903,2007,347.9,Natural
British Columbia,2007-N20346,50.204,-115.2005,2007,1003.0,Natural
British Columbia,2007-N50229,49.9386,-118.0417,2007,315.0,Natural
Alberta,MWF079,58.3699,-110.773217,2007,63000.0,Natural
Alberta,MWF074,57.813,-110.167667,2007,8712.0,Natural
Northwest Territories,VQ022-07,66.3743,-127.4696,2007,1926.15,Natural
British Columbia,2007-N70171,49.8879,-116.9873,2007,200.0,Natural
Saskatchewan,07SR-PLAXTON,59.8917,-109.892,2007,5372.0,Natural
Saskatchewan,07SE-SEKOOS,57.8772,-103.237,2007,460.0,Human
Northwest Territories,CR020-07,60.0666,-107.1666,2007,5313.03,Natural
Northwest Territories,HY016-07,60.3833,-118.75,2007,262.0,Natural
Ontario,COC42,54.8875,-86.141,2007,275.0,Natural
British Columbia,2007-K10658,51.6927,-120.4315,2007,464.0,Natural
British Columbia,2007-N20149,49.8775,-116.2016,2007,1897.0,Natural
British Columbia,2007-N70167,50.0585,-116.9907,2007,252.5,Natural
British Columbia,2007-N70139,50.2022,-116.9204,2007,1528.0,Natural
British Columbia,2007-G30181,53.5102,-120.6609,2007,220.0,Natural
British Columbia,2007-C40139,51.6871,-120.6797,2007,351.0,Natural
British Columbia,2007-N70126,49.8508,-117.1929,2007,920.0,Natural
Yukon,2007-VU-2,68.3292,-139.775,2007,650.0,Natural
Alberta,HWF186,59.441833,-114.235667,2007,6904.3,Natural
Northwest Territories,VQ020-07,64.1346,-124.085,2007,578.8,Natural
Northwest Territories,VQ018-07,65.8701,-127.1783,2007,1200.0,Natural
Northwest Territories,VQ025-07,65.8976,-127.2706,2007,360.0,Natural
Northwest Territories,FS025-07,63.9118,-122.5445,2007,613.0,Natural
Northwest Territories,VQ016-07,64.3333,-125.0166,2007,3803.7,Natural
Yukon,2007MA012,65.8383333,-133.3166667,2007,527.0,Natural
Northwest Territories,EV014-07,66.0675,-132.2125,2007,1100.0,Natural
Yukon,2007OC003,66.45,-136.5333333,2007,6369.0,Natural
Yukon,2007OC004,66.23395,-136.9033167,2007,227.0,Natural
Yukon,2007OC005,66.4941667,-136.2505,2007,2125.0,Natural
Yukon,2007DA020,65.6466667,-136.1952833,2007,264.0,Natural
Northwest Territories,VQ014-07,66.288,-129.5891,2007,19310.32,Natural
Northwest Territories,ZF016-07,64.6355,-119.6921,2007,304.0,Natural
Northwest Territories,ZF013-07,64.0696,-113.8131,2007,3456.0,Natural
Saskatchewan,07SR-MCDONALD,58.8668,-104.818,2007,3708.0,Natural
Manitoba,NE093,56.483333,-98.916667,2007,1500.0,Natural
Northwest Territories,CR016-07,61.8348,-108.173,2007,43000.0,Natural
Northwest Territories,EV012-07,67.1658,-132.2258,2007,200.0,Natural
Manitoba,NE125,59.381944,-99.775,2007,535.0,Natural
Manitoba,NE111,58.974444,-97.1125,2007,18410.0,Natural
Manitoba,NE223,58.635833,-95.918333,2007,1593.0,Natural
Manitoba,NE105,58.399444,-100.929167,2007,21642.0,Natural
Manitoba,NE108,58.628056,-97.505,2007,930.0,Natural
Manitoba,NE109,58.715278,-97.406111,2007,1875.0,Natural
Manitoba,NE110,58.790278,-97.543333,2007,1000.0,Natural
Manitoba,NE113,59.123889,-98.278056,2007,1000.0,Natural
Manitoba,NE152,58.686111,-98.570278,2007,1202.0,Natural
Manitoba,NE189,57.848056,-101.386389,2007,300.0,Natural
Manitoba,NE220,58.033889,-101.031944,2007,2030.0,Natural
Manitoba,NE222,57.976389,-100.872778,2007,613.0,Natural
Manitoba,NE163,58.45,-94.402778,2007,2100.0,Natural
Manitoba,NE099,58.376389,-99.113611,2007,300.0,Natural
Manitoba,NE159,57.895,-97.300278,2007,2000.0,Natural
Manitoba,NE123,57.625,-96.253056,2007,16994.0,Natural
Manitoba,NE124,57.163056,-95.698056,2007,5457.0,Natural
Manitoba,NE127,57.5,-96.086667,2007,19660.0,Natural
Manitoba,NE143,57.585833,-94.405556,2007,9573.0,Natural
Manitoba,NE136,56.876944,-100.867778,2007,16000.0,Natural
Manitoba,NE126,57.893889,-99.0475,2007,1155.0,Natural
Manitoba,NE171,57.559722,-100.031944,2007,10284.0,Natural
Manitoba,NE094,57.316389,-99.899722,2007,44274.0,Natural
Manitoba,NE101,56.916667,-98.483333,2007,3510.0,Natural
Manitoba,NE115,56.445833,-99.095,2007,88000.0,Natural
Manitoba,NE095,56.236944,-98.986111,2007,44315.0,Natural
Manitoba,NE104,54.425556,-93.113889,2007,300.0,Natural
Manitoba,NW016,54.039722,-99.5125,2007,2250.0,Natural
Northwest Territories,CR013-07,60.7666,-105.15,2007,36576.33,Natural
Northwest Territories,CR014-07,60.85,-105.1833,2007,28574.58,Natural
Northwest Territories,CR015-07,60.9166,-105.45,2007,10225.89,Natural
Northwest Territories,ZF008-07,65.0153,-116.095,2007,5441.0,Natural
Northwest Territories,ZF009-07,62.1243,-113.738,2007,365.0,Human
Northwest Territories,CR009-07,63.0393,-109.2171,2007,515.46,Natural
Northwest Territories,CR008-07,63.0143,-109.1475,2007,241.4,Natural
Saskatchewan,07SR-HAMILL,59.9357,-103.343,2007,2613.5,Natural
Saskatchewan,07SR-LAKE,59.477,-103.08,2007,1983.0,Natural
Saskatchewan,07SR-EYNARD,59.948,-105.823,2007,772.0,Natural
Northwest Territories,CR004-07,62.5651,-108.1901,2007,14509.4,Natural
Northwest Territories,CR007-07,61.8258,-107.4266,2007,69000.0,Natural
Northwest Territories,CR011-07,60.0,-105.9333,2007,44146.78,Natural
Northwest Territories,CR012-07,60.75,-105.2,2007,5400.0,Natural
Northwest Territories,ZF005-07,64.8226,-118.9266,2007,9525.0,Natural
Northwest Territories,FS023-07,63.3666,-122.0166,2007,2117.0,Natural
Northwest Territories,VQ007-07,66.4166,-126.5345,2007,416.3,Natural
Yukon,2007DA015,65.83675,-137.1769333,2007,527.0,Natural
Yukon,2007DA016,65.7273667,-137.2452,2007,545.0,Natural
Northwest Territories,FS016-07,61.95,-122.6666,2007,243.6,Natural
Northwest Territories,FS015-07,62.7861,-123.4371,2007,450.0,Natural
Northwest Territories,HY008-07,60.353,-118.154,2007,812.0,Natural
Northwest Territories,HY009-07,60.7461,-118.7956,2007,1000.0,Natural
Yukon,2007DA011,65.8348,-137.8041333,2007,3250.0,Natural
Yukon,2007DA009,65.1223333,-140.2047167,2007,219.0,Natural
Alberta,HWF159,59.57336,-119.85482,2007,254.7,Natural
Yukon,2007DA010,64.3873333,-140.7726167,2007,1405.0,Natural
Quebec,2007-581,50.93375,-73.92865,2007,1958.2,Natural
Yukon,2007DA005,63.2547,-140.9368667,2007,3155.0,Natural
Yukon,2007BC002,62.71505,-139.7539167,2007,1340.0,Natural
Ontario,COC39,53.3079,-84.0747,2007,900.0,Natural
Alberta,HWF150,59.90066,-118.33173,2007,733.3,Natural
Quebec,2007-540,54.10851,-71.77044,2007,2535.5,Natural
Quebec,2007-545,53.6292,-71.67417,2007,2027.5,Natural
Quebec,2007-552,52.69544,-74.53585,2007,954.8,Natural
Quebec,2007-528,51.20264,-69.09777,2007,893.1,Natural
Quebec,2007-550,50.56475,-72.43063,2007,4975.8,Natural
Quebec,2007-551,50.54497,-72.48019,2007,2000.0,Natural
Quebec,2007-553,50.92296,-71.75201,2007,3203.9,Natural
Quebec,2007-560,51.27068,-71.57902,2007,1732.2,Natural
Quebec,2007-563,51.16847,-71.58635,2007,1283.0,Natural
Quebec,2007-505,50.81565,-69.02497,2007,3406.3,Natural
Quebec,2007-536,49.43915,-72.35166,2007,255.8,Natural
Quebec,2007-556,49.81925,-72.38879,2007,684.4,Natural
Quebec,2007-572,49.10222,-75.53114,2007,238.2,Natural
Quebec,2007-504,49.39808,-72.44196,2007,549.9,Natural
Quebec,2007-508,49.01349,-74.45338,2007,8743.5,Natural
Quebec,2007-469,51.59772,-77.04714,2007,629.4,Human
Quebec,2007-482,49.90078,-73.62757,2007,15625.0,Natural
Quebec,2007-484,49.8837,-73.66667,2007,209.0,Natural
Quebec,2007-472,49.84952,-72.77754,2007,3699.9,Natural
Quebec,2007-473,49.91157,-72.77189,2007,1684.0,Natural
Quebec,2007-502,50.1247,-72.03845,2007,17940.0,Natural
Quebec,2007-509,49.85312,-72.77475,2007,900.0,Natural
Quebec,2007-470,49.97512,-74.59255,2007,332.7,Natural
Quebec,2007-492,49.31925,-76.41998,2007,372.5,Natural
Quebec,2007-506,49.42746,-75.55983,2007,768.5,Natural
Alberta,HWF137,59.84117,-116.60899,2007,438.2,Natural
Quebec,2007-461,50.39719,-76.61447,2007,8806.3,Natural
Alberta,HWF116,59.45305,-117.285,2007,405.1,Natural
Alberta,HWF119,59.44615,-117.354817,2007,2245.0,Natural
Alberta,HWF140,59.1425,-115.65,2007,1845.6,Natural
Quebec,2007-434,51.52428,-77.21386,2007,5955.6,Human
Northwest Territories,SM002-07,60.9333,-112.8333,2007,21532.89,Human
Quebec,2007-360,51.78507,-69.61433,2007,13688.0,Natural
Quebec,2007-632,51.78238,-69.62742,2007,443.3,Natural
Quebec,2007-633,51.87021,-69.31731,2007,765.6,Natural
Quebec,2007-324,51.26349,-71.27872,2007,5895.1,Natural
Quebec,2007-326,51.2527,-71.24138,2007,6729.0,Natural
Quebec,2007-327,51.36571,-71.31749,2007,398.7,Natural
Quebec,2007-331,51.3756,-70.90946,2007,13808.6,Natural
Quebec,2007-333,51.36301,-70.90514,2007,900.0,Natural
Quebec,2007-342,50.76439,-70.40671,2007,902.9,Natural
Quebec,2007-354,50.66936,-70.91912,2007,5422.8,Natural
Quebec,2007-357,50.93016,-70.23288,2007,540.8,Natural
Quebec,2007-589,50.82644,-70.96868,2007,1095.0,Natural
Quebec,2007-593,51.09053,-71.14519,2007,11472.6,Natural
Quebec,2007-594,50.91757,-71.16524,2007,607.1,Natural
Quebec,2007-595,51.23681,-71.84485,2007,785.6,Natural
Quebec,2007-634,51.31115,-71.0747,2007,664.3,Natural
Quebec,2007-319,50.99401,-70.32476,2007,5488.6,Natural
Quebec,2007-339,51.24761,-70.60489,2007,2361.1,Natural
Quebec,2007-341,51.19634,-70.63366,2007,6937.7,Natural
Quebec,2007-346,50.52338,-70.27817,2007,18472.4,Natural
Quebec,2007-618,51.16427,-70.52453,2007,436.9,Natural
Quebec,2007-630,51.01349,-70.34948,2007,1065.6,Natural
Quebec,2007-328,50.30486,-71.03828,2007,1708.5,Natural
Quebec,2007-366,50.07914,-71.0511,2007,205.5,Natural
Quebec,2007-371,49.96343,-71.94548,2007,4583.7,Natural
Quebec,2007-422,50.59952,-71.14825,2007,19339.2,Natural
Quebec,2007-549,49.58873,-71.42925,2007,878.4,Natural
Quebec,2007-405,49.05306,-73.74863,2007,1018.3,Natural
Saskatchewan,07BN-ELMER,57.3613,-106.004,2007,81305.0,Natural
Quebec,2007-317,51.84233,-68.42285,2007,10491.9,Human
Quebec,2007-323,52.11931,-67.67384,2007,26241.4,Human
Ontario,RED11,54.2084,-92.9156,2007,1400.0,Natural
Manitoba,NE122,55.522778,-95.893611,2007,677.7,Natural
Saskatchewan,07SE-AMISK,57.4373,-102.465,2007,275.0,Human
Manitoba,NE040,55.710833,-96.0875,2007,500.0,Natural
Yukon,2007RR005,62.2720667,-130.2544667,2007,670.0,Natural
Saskatchewan,07LA-BAPTISTE,56.2538,-106.104,2007,10756.0,Natural
Saskatchewan,07LA-HEWETSON,56.1982,-105.691,2007,5878.0,Natural
Saskatchewan,07LA-CREEK,56.1083,-105.637,2007,200.0,Natural
Saskatchewan,07LA-CORNELL,56.1362,-105.687,2007,260.0,Natural
Yukon,2007OC001,67.3329667,-139.8684,2007,265.0,Natural
Manitoba,NE026,55.561111,-95.795833,2007,500.0,Natural
British Columbia,2007-G90072,58.7833,-128.0,2007,9400.0,Human
Saskatchewan,07SR-HERERY,59.9912,-105.924,2007,1671.0,Natural
Saskatchewan,07SR-KIMIWAN,59.9347,-105.864,2007,1678.0,Natural
Saskatchewan,07SE-WACHUSK,56.3482,-104.324,2007,600.0,Natural
Alberta,MWF013,56.9925,-111.898667,2007,16125.5,Natural
Saskatchewan,07LA-STONE,56.3833,-104.8,2007,7800.0,Natural
Saskatchewan,07SE-HICKSON,56.4015,-104.371,2007,10230.0,Natural
Northwest Territories,CR002-07,60.917,-108.017,2007,4300.0,Natural
Alberta,2007-BA-6,51.5333,-115.6,2007,300.0,Human
Northwest Territories,VQ001-07,65.2358,-127.7305,2007,89542.0,Natural
Saskatchewan,07SR-PASFIELD,58.4273,-105.222,2007,1090.0,Human
Saskatchewan,07LA-FIEST,55.9952,-105.907,2007,6341.0,Natural
Alberta,MWF008,58.678888,-110.460278,2007,413.0,Natural
Yukon,2007RR002,62.9586667,-132.94,2007,13970.0,Human
Alberta,2007-WB-2,59.1778,-112.8969,2007,125208.0,Natural
Alberta,2007-WB-1,59.0233,-112.5347,2007,89204.0,Natural
Quebec,2007-285,50.23322,-66.28553,2007,248.2,Human
Quebec,2007-271,49.73502,-73.20687,2007,2315.4,Natural
Quebec,2007-293,49.80846,-73.04153,2007,2134.4,Natural
Quebec,2007-265,49.46613,-71.13069,2007,6469.2,Human
Quebec,2007-258,50.59143,-72.61284,2007,726.9,Natural
Quebec,2007-261,49.70624,-72.89303,2007,1218.6,Natural
Quebec,2007-254,48.1337,-76.77943,2007,59846.9,Human
Ontario,SUD46,46.859,-81.6624,2007,525.0,Human
Quebec,2007-219,50.98951,-75.28761,2007,4930.1,Human
Quebec,2007-238,51.03957,-75.18564,2007,3349.7,Human
Manitoba,NW008,54.983333,-101.4,2007,219.0,Human
Quebec,2007-193,48.22962,-76.45005,2007,1536.8,Human
Saskatchewan,07BN-DAN,57.3857,-107.106,2007,711.0,Natural
Ontario,SAU13,46.7824,-83.3265,2007,1555.0,Human
Ontario,THU39,48.8361,-89.2689,2007,685.0,Unknown
Manitoba,EA031,49.881389,-95.398611,2007,442.5,Human
Ontario,THU37,48.1698,-90.8023,2007,13050.7002,Human
Ontario,SLK11,50.2354,-90.6204,2007,16702.0,Human
Ontario,PEM2,45.919,-77.4707,2007,250.0,Human
Saskatchewan,07WY-LRIR11,53.4917,-105.863,2007,380.0,Human
Alberta,HWF025,58.745393,-114.053237,2007,241.5,Human
Manitoba,2007-RM-1,50.7711,-100.5314,2007,600.0,Human
Alberta,2007-JA-2,52.9547,-118.0183,2007,450.0,Human
British Columbia,2007-K60014,50.2793,-121.0743,2007,300.0,Human
Manitoba,EA017,49.146111,-95.9,2007,3053.0,Human
Manitoba,EA247,49.780833,-96.408333,2006,2690.0,Human
Ontario,NIP409,49.1462,-86.856,2006,841.0,Natural
Ontario,NIP406,49.1299,-86.7916,2006,464.0,Natural
Ontario,NIP391,49.0391,-87.1162,2006,595.0999756,Natural
Ontario,THU190,49.5639,-88.9719,2006,259.2000122,Natural
Saskatchewan,06LF-STEWART,53.927,-104.534,2006,642.0,Natural
Ontario,THU192,49.9844,-88.9458,2006,300.0,Natural
Ontario,NIP344,49.4265,-86.7145,2006,752.7000122,Natural
British Columbia,2006-K41334,50.0348,-118.774,2006,200.0,Human
Ontario,NIP323,49.1587,-88.831,2006,1563.5,Natural
Ontario,NIP338,49.3477,-88.8242,2006,2714.199951,Natural
Ontario,THU167,49.3792,-90.1866,2006,201.0,Natural
Ontario,THU143,49.4014,-90.2502,2006,2365.100098,Natural
Ontario,THU154,50.1557,-88.2668,2006,929.5999756,Natural
Ontario,THU189,49.0247,-88.7713,2006,445.0,Natural
Ontario,NIP296,49.1073,-88.3934,2006,1563.0,Natural
Ontario,THU142,49.4687,-90.1346,2006,8687.5,Natural
Ontario,NIP341,49.0541,-88.6081,2006,2010.0,Natural
Ontario,NIP264,49.2852,-88.9635,2006,240.5,Natural
Ontario,NIP327,49.4457,-88.883,2006,467.2000122,Natural
Ontario,NIP328,49.1933,-88.9146,2006,220.3999939,Natural
Ontario,NIP307,49.2989,-86.7593,2006,515.0,Natural
Ontario,THU232,49.9298,-88.9854,2006,2858.0,Natural
Ontario,NIP428,49.3372,-88.9202,2006,240.0,Natural
Ontario,THU163,49.4547,-89.1897,2006,2585.5,Natural
Ontario,NIP411,49.2578,-86.5588,2006,811.0,Natural
Ontario,THU184,49.4123,-90.3323,2006,794.4000244,Natural
Ontario,NIP414,49.3645,-86.7452,2006,1494.0,Natural
Ontario,THU164,49.4577,-89.1733,2006,200.0,Natural
Ontario,NIP413,49.2926,-86.7607,2006,582.0,Natural
Ontario,NIP365,49.0464,-87.4584,2006,745.7000122,Natural
Ontario,NIP246,49.8168,-88.0744,2006,240.5,Natural
Ontario,NIP410,49.2385,-86.7019,2006,1326.0,Natural
Ontario,THU185,49.5705,-89.4273,2006,1053.0,Natural
Ontario,THU144,49.4996,-90.217,2006,2386.100098,Natural
Ontario,THU133,49.9958,-88.91,2006,388.2000122,Natural
Ontario,THU139,49.7149,-89.8784,2006,15075.2002,Natural
British Columbia,2006-K51324,49.0218,-120.3842,2006,1801.0,Human
Saskatchewan,06BN-FARAWAY,58.4892,-108.476,2006,11780.0,Natural
British Columbia,2006-KO-5,50.9022,-115.9861,2006,250.0,Human
British Columbia,2006-C10463,53.0532,-121.0061,2006,510.0,Natural
British Columbia,2006-C30424,52.4727,-120.7872,2006,200.0,Natural
British Columbia,2006-C30429,52.5892,-120.6885,2006,500.0,Natural
British Columbia,2006-C30432,52.7401,-120.492,2006,325.0,Natural
British Columbia,2006-K61278,49.0167,-120.5667,2006,5400.0,Natural
Ontario,RED175,52.2554,-94.7638,2006,492.8999939,Natural
Ontario,RED193,52.6773,-93.8504,2006,6837.600098,Natural
Ontario,RED164,52.4671,-92.7747,2006,513.5999756,Natural
Ontario,RED186,52.803,-94.6984,2006,5038.700195,Natural
Ontario,RED176,52.3631,-94.3716,2006,2264.800049,Natural
Ontario,RED192,52.7363,-94.9476,2006,400.0,Natural
Ontario,RED163,52.5907,-92.6073,2006,836.2000122,Natural
Ontario,RED188,52.8522,-94.3736,2006,366.2999878,Natural
Ontario,RED184,52.7664,-93.9559,2006,935.5,Natural
Ontario,RED182,52.6085,-94.4545,2006,4107.299805,Natural
Ontario,RED195,52.4331,-94.7871,2006,4119.399902,Natural
Northwest Territories,ZF034-06,64.6336,-119.6846,2006,500.0,Natural
British Columbia,2006-N50765,50.7672,-117.8858,2006,206.0,Natural
British Columbia,2006-K31170,50.8057,-118.761,2006,245.0,Natural
Alberta,HWF145,59.121483,-114.1601,2006,1865.0,Natural
Ontario,RED146,52.4156,-93.9792,2006,18986.80078,Natural
British Columbia,2006-N40779,51.8022,-118.7689,2006,470.0,Natural
Northwest Territories,VQ034-06,66.9833,-124.45,2006,224.0,Natural
Northwest Territories,VQ033-06,67.2246,-124.7538,2006,205.9,Natural
Northwest Territories,VQ028-06,66.2798,-127.9431,2006,524.3,Natural
Ontario,NIP189,52.0233,-87.4153,2006,1295.0,Natural
Ontario,2006-PU-4,48.1667,-85.9,2006,350.0,Human
Ontario,RED113,52.5082,-93.5525,2006,9273.599609,Natural
Alberta,2006-WB-41,59.8403,-113.0269,2006,1155.0,Natural
Alberta,2006-WB-42,59.7747,-112.7328,2006,550.0,Natural
Northwest Territories,VQ022-06,65.5665,-124.695,2006,5069.9,Natural
Northwest Territories,VQ025-06,65.0,-121.45,2006,350.0,Natural
Saskatchewan,06SR-ROYAL,59.1042,-108.616,2006,178267.0,Human
Saskatchewan,06SR-HOZEMPA,58.9648,-106.844,2006,1721.0,Natural
Saskatchewan,06SR-SUPPER,59.069,-107.889,2006,139867.0,Natural
Saskatchewan,2006-GR-13,49.2,-106.8331,2006,267.0,Unknown
Yukon,2006DA016,65.35,-139.6,2006,564.0,Natural
Northwest Territories,ZF020-06,64.063,-114.7901,2006,1219.91,Natural
British Columbia,2006-N70516,50.0623,-116.8034,2006,260.0,Natural
Manitoba,EA180,52.666667,-95.616667,2006,10635.0,Natural
Northwest Territories,ZF017-06,65.2166,-118.2833,2006,389.9,Natural
Northwest Territories,ZF018-06,65.2833,-118.7833,2006,4065.61,Natural
Northwest Territories,FS017-06,62.0668,-121.816,2006,2127.3,Natural
Saskatchewan,06SR-HIGGINS,59.3725,-104.817,2006,841.0,Natural
Saskatchewan,06SR-MAURICE,59.507,-109.968,2006,440.0,Human
Saskatchewan,06SR-THOMSON,58.2368,-106.308,2006,4535.0,Natural
Northwest Territories,CR006-06,60.1093,-107.1998,2006,450.0,Natural
Northwest Territories,FS016-06,63.9218,-119.3965,2006,1065.0,Natural
Northwest Territories,ZF015-06,62.0833,-116.0666,2006,220.0,Natural
British Columbia,2006-K70702,50.3307,-121.3713,2006,236.0,Human
British Columbia,2006-N70278,50.1154,-117.0365,2006,258.0,Natural
British Columbia,2006-N10326,49.8309,-116.2881,2006,535.8,Natural
Saskatchewan,2006-GR-10,49.05,-106.8,2006,895.0,Natural
British Columbia,2006-N40276,51.6104,-118.2935,2006,245.0,Natural
British Columbia,2006-N40411,50.9806,-118.2773,2006,200.0,Natural
Northwest Territories,ZF011-06,64.05,-115.5833,2006,1219.91,Natural
Northwest Territories,VQ012-06,66.4773,-127.7401,2006,1518.0,Natural
Northwest Territories,FS015-06,62.1356,-121.5023,2006,808.0,Natural
Northwest Territories,SM028-06,60.6858,-114.2233,2006,1076.0,Natural
Alberta,2006-JA-14,52.663,-116.8747,2006,1600.0,Natural
Northwest Territories,VQ011-06,64.3268,-123.0766,2006,758.0,Natural
Northwest Territories,2006-NA-1,61.5589,-126.2406,2006,8000.0,Natural
Saskatchewan,2006-PA-6,54.0925,-106.61,2006,2112.0,Natural
Saskatchewan,06SR-HARDY,59.5833,-104.258,2006,1492.0,Natural
Northwest Territories,ZF007-06,64.9023,-117.5881,2006,2495.06,Natural
Northwest Territories,ZF008-06,65.1035,-117.8845,2006,6461.67,Natural
Saskatchewan,06SR-HILL,58.5683,-106.832,2006,13336.0,Natural
Northwest Territories,ZF006-06,63.558,-117.967,2006,500.0,Natural
Ontario,COC32,53.7326,-83.4755,2006,375.0,Natural
Saskatchewan,06SR-SMALL,58.909,-104.373,2006,11250.0,Natural
Northwest Territories,VQ010-06,66.9166,-130.45,2006,3932.0,Natural
Northwest Territories,VQ008-06,64.9766,-124.3621,2006,1859.0,Natural
Northwest Territories,FS010-06,60.1085,-120.5661,2006,320.0,Natural
Yukon,2006DA013,63.8703667,-139.9014333,2006,469.0,Natural
Yukon,2006DA014,63.3255,-140.23805,2006,2191.0,Natural
Northwest Territories,VQ007-06,64.911,-124.5426,2006,8941.9,Natural
Quebec,2006-532,53.78417,-78.78767,2006,1345.0,Natural
Quebec,2006-502,51.14539,-73.89373,2006,245.0,Natural
Yukon,2006OC001,66.95055,-135.0674,2006,3029.0,Natural
Ontario,SLK44,53.8307,-89.6363,2006,228.0,Unknown
Quebec,2006-486,49.57464,-76.72504,2006,742.0,Natural
Yukon,2006DA012,63.451,-138.657,2006,10058.0,Natural
Yukon,2006BC003,62.558,-140.5506667,2006,7590.0,Natural
Ontario,NIP70,51.0725,-88.3202,2006,636.0,Natural
Ontario,SLK38,53.1442,-90.3012,2006,3000.0,Natural
Ontario,DRY79,49.7514,-93.6843,2006,2326.0,Unknown
Saskatchewan,2006-GR-5,49.0667,-106.9667,2006,280.0,Natural
Ontario,FOR63,48.2113,-91.3416,2006,264.0,Natural
Ontario,FOR61,48.1613,-91.2451,2006,238.0,Natural
Ontario,RED47,53.8577,-93.2052,2006,3100.0,Natural
Ontario,FOR54,48.2552,-91.4561,2006,909.0,Natural
Ontario,FOR57,48.2262,-91.4408,2006,478.0,Natural
Ontario,RED44,50.8139,-94.8239,2006,4995.0,Natural
British Columbia,2006-N40282,51.2235,-118.0843,2006,220.0,Natural
Yukon,2006WL013,60.75,-126.1166667,2006,461.0,Natural
Alberta,2006-WB-34,58.1325,-112.7669,2006,345.0,Natural
British Columbia,2006-G50530,55.4883,-125.295,2006,243.0,Natural
Alberta,MWF136,58.043333,-113.158333,2006,216.0,Natural
British Columbia,2006-C10204,52.9466,-123.9884,2006,1315.0,Natural
British Columbia,2006-G80487,56.4774,-123.1805,2006,250.0,Natural
British Columbia,2006-G50450,54.8609,-123.7089,2006,217.0,Natural
Alberta,PWF118,56.689167,-118.601111,2006,528.0,Human
Alberta,GWF139,54.283933,-118.016117,2006,417.7,Natural
Alberta,EWF173,53.561129,-119.636335,2006,6300.0,Natural
Yukon,2006WL011,60.4148167,-126.4861833,2006,9309.0,Natural
Yukon,2006WL012,60.1930167,-125.7697333,2006,699.0,Natural
Ontario,RED31,52.1675,-95.0835,2006,537.2000122,Natural
Ontario,RED33,52.8494,-94.5962,2006,1850.0,Natural
British Columbia,2006-G80452,56.737,-121.9075,2006,742.2,Natural
British Columbia,2006-K20280,50.5325,-120.5598,2006,309.0,Human
British Columbia,2006-G60410,56.179,-124.9252,2006,220.0,Natural
British Columbia,2006-G60418,56.1783,-124.9275,2006,1174.9,Natural
British Columbia,2006-G60490,56.0292,-125.3588,2006,3081.9,Natural
British Columbia,2006-G60430,55.4222,-124.5839,2006,501.6,Natural
British Columbia,2006-G50392,54.7949,-124.0054,2006,1100.0,Natural
British Columbia,2006-G10436,54.6748,-123.223,2006,719.9,Natural
British Columbia,2006-G10457,54.7336,-123.4615,2006,544.0,Natural
British Columbia,2006-G10469,53.8522,-120.1617,2006,466.0,Natural
British Columbia,2006-G40453,53.667,-124.3462,2006,265.0,Natural
British Columbia,2006-G10388,53.289,-123.46,2006,227.0,Natural
British Columbia,2006-G10389,53.4025,-123.4672,2006,1553.2,Natural
Alberta,SWF151,54.854867,-115.023383,2006,1816.0,Natural
Alberta,EWF138,52.9857,-116.468883,2006,1292.9,Natural
Northwest Territories,FS005-06,60.1708,-120.4666,2006,454.0,Natural
British Columbia,2006-G80347,57.3472,-121.837,2006,3575.4,Natural
British Columbia,2006-G80349,57.4805,-121.7962,2006,2882.0,Natural
British Columbia,2006-G80353,57.6212,-122.887,2006,6552.0,Natural
British Columbia,2006-G80375,57.612,-121.8833,2006,1080.0,Natural
British Columbia,2006-G80343,57.2203,-121.45,2006,1064.0,Natural
British Columbia,2006-G80381,56.9533,-121.87,2006,4366.2,Natural
British Columbia,2006-C50148,52.8817,-125.5567,2006,10960.5,Natural
British Columbia,2006-C10150,52.9367,-125.52,2006,1160.0,Natural
British Columbia,2006-C10157,53.0537,-123.3729,2006,8524.0,Natural
British Columbia,2006-C10161,53.1483,-124.1167,2006,11500.0,Natural
British Columbia,2006-G40363,53.5278,-124.9428,2006,1590.0,Natural
British Columbia,2006-G40362,53.2583,-125.455,2006,784.0,Natural
British Columbia,2006-G40370,53.035,-123.6281,2006,400.0,Natural
British Columbia,2006-G40372,52.9761,-125.6123,2006,375.0,Natural
Alberta,PWF110,57.6205,-119.865,2006,2531.0,Natural
Yukon,2006WL008,60.5983333,-126.1916667,2006,12785.0,Natural
Yukon,2006WL009,60.5333333,-126.7,2006,4740.0,Natural
Northwest Territories,JF001-06,60.7833,-126.7666,2006,457.0,Natural
Ontario,COC29,53.9858,-83.489,2006,500.0,Natural
British Columbia,2006-G90419,58.659,-127.7131,2006,10600.0,Natural
Alberta,PWF095,57.980433,-119.745933,2006,5900.0,Natural
Manitoba,NE174,56.408889,-92.815556,2006,804.9,Natural
Manitoba,NE205,53.316667,-95.616667,2006,380.0,Natural
Quebec,2006-468,51.08783,-61.54038,2006,6300.0,Natural
Saskatchewan,06LA-BLACK,55.5833,-105.55,2006,3500.0,Natural
Saskatchewan,06LA-MCNICHOL,55.4917,-104.667,2006,43135.0,Natural
Saskatchewan,06LX-GLEN,55.6498,-107.037,2006,423.0,Natural
Saskatchewan,06LX-PAW03,55.1167,-109.817,2006,452.0,Natural
Saskatchewan,06PN-CREEK1,54.716,-104.071,2006,7256.0,Natural
Saskatchewan,06PN-LOANIL2,55.5958,-103.655,2006,2093.0,Natural
Saskatchewan,06LA-GRANNY,55.6425,-104.717,2006,960.0,Natural
Saskatchewan,06PN-ROGER,55.8633,-102.855,2006,3154.0,Natural
Saskatchewan,06PN-POND,54.6467,-104.123,2006,3100.0,Natural
Saskatchewan,06LF-GULL,53.975,-104.99,2006,350.0,Natural
Saskatchewan,06LL-WALES,57.5182,-109.829,2006,15000.0,Natural
Saskatchewan,06LX-DANO,55.7333,-107.4,2006,350.0,Natural
Saskatchewan,06LX-REIMER,55.7833,-107.517,2006,17300.0,Natural
Saskatchewan,06PN-CREEK2,54.6822,-104.132,2006,600.0,Natural
Saskatchewan,06SE-DAVIN,56.8487,-103.645,2006,860.0,Natural
Saskatchewan,06LA-ENGLISH,55.2362,-105.386,2006,2050.0,Natural
Saskatchewan,06PN-LAIRD,55.8917,-103.405,2006,7234.0,Natural
Saskatchewan,06LA-RAPIDS,55.6252,-104.734,2006,765.0,Natural
Saskatchewan,06LX-LOU,55.0678,-107.499,2006,10500.0,Natural
Alberta,MWF097,57.6345,-112.666333,2006,10978.23,Natural
Alberta,SWF130,56.948567,-113.9832,2006,4960.59,Natural
Alberta,MWF103,56.442783,-112.08535,2006,7400.0,Natural
Alberta,SWF127,56.2545,-113.270667,2006,1600.0,Natural
Saskatchewan,06LA-LYNX,55.3383,-104.7,2006,8250.0,Natural
Saskatchewan,06LX-RIDGE,55.2075,-107.233,2006,4400.0,Natural
Saskatchewan,06LL-SABINE,57.1787,-109.797,2006,15000.0,Natural
Saskatchewan,06LA-SMITH,55.5087,-104.335,2006,300.0,Natural
Saskatchewan,06LX-BOONE,55.4242,-108.404,2006,4500.0,Natural
Saskatchewan,06LX-TOWER,55.5157,-108.006,2006,1300.0,Natural
Saskatchewan,06LA-BIRCH,55.5112,-105.375,2006,3500.0,Natural
Saskatchewan,06PN-GILSON,55.6138,-103.308,2006,1334.0,Natural
Saskatchewan,06LA-BOE,55.4973,-104.295,2006,275.0,Natural
Alberta,MWF091,57.396667,-112.6755,2006,6124.0,Natural
Alberta,MWF093,57.0519,-112.673567,2006,948.5,Natural
Alberta,SWF123,56.909783,-113.613217,2006,206.5,Natural
Alberta,SWF116,56.267833,-113.191333,2006,3274.0,Natural
Saskatchewan,06LX-KAZIN,55.4425,-108.252,2006,1100.0,Natural
Saskatchewan,06LA-WALKER,55.5,-104.65,2006,700.0,Natural
Saskatchewan,06LX-RANK,55.0802,-106.838,2006,16000.0,Natural
Saskatchewan,06LX-WEBBER,55.024,-107.241,2006,2000.0,Natural
Saskatchewan,06LX-DAVINE,55.57,-107.892,2006,580.0,Natural
Saskatchewan,06LX-FOREST,55.4925,-108.148,2006,1000.0,Natural
Saskatchewan,06LA-STERLING,55.5833,-105.217,2006,2754.0,Natural
Saskatchewan,06LA-WELK,55.503,-104.884,2006,200.0,Natural
Saskatchewan,06SR-HAWKINS,59.7342,-104.205,2006,2052.0,Natural
Saskatchewan,06LA-FIG,55.5833,-105.315,2006,1400.0,Natural
Saskatchewan,06LA-KAMMERER,55.6167,-104.742,2006,350.0,Natural
Saskatchewan,06LA-YOST,55.6117,-106.553,2006,254.0,Natural
Alberta,2006-WB-27,59.75,-113.88,2006,350.0,Natural
British Columbia,2006-G70319,55.2441,-120.7823,2006,9401.0,Natural
British Columbia,2006-G70329,54.7832,-120.4343,2006,3717.0,Natural
British Columbia,2006-K20187,51.4353,-119.689,2006,234.0,Human
British Columbia,2006-G70333,54.5978,-120.6282,2006,1774.0,Natural
British Columbia,2006-G70611,54.5372,-120.4713,2006,290.8,Natural
British Columbia,2006-G70309,54.4403,-120.6529,2006,12051.0,Natural
Alberta,MWF061,57.816067,-113.505,2006,470.0,Natural
Alberta,MWF078,57.223833,-112.907667,2006,2851.4,Natural
Alberta,MWF062,58.009517,-112.669483,2006,869.0,Natural
Alberta,MWF063,57.998567,-112.699817,2006,584.0,Natural
Alberta,MWF064,57.98385,-112.771683,2006,473.0,Natural
Alberta,MWF070,57.81,-112.982,2006,2750.0,Natural
Alberta,MWF071,58.002317,-112.606217,2006,627.0,Natural
Northwest Territories,SM006-06,61.2883,-112.0768,2006,1100.0,Natural
Northwest Territories,SM009-06,61.1,-111.8666,2006,350.0,Natural
Ontario,SLK30,52.0124,-91.3462,2006,550.0,Natural
Alberta,EWF109,53.791567,-119.743,2006,14554.3,Human
Saskatchewan,06SR-GENA,59.8557,-104.658,2006,794.0,Natural
Saskatchewan,06SR-CAROLYN,59.3988,-104.87,2006,241.0,Natural
Saskatchewan,06SR-FRANK,59.0533,-103.457,2006,737.0,Natural
Saskatchewan,06BN-BROWN,56.0267,-109.936,2006,5300.0,Natural
Yukon,2006WL007,60.185,-126.8333333,2006,7808.0,Natural
Alberta,2006-WB-20,58.3667,-113.75,2006,225.0,Natural
Saskatchewan,06LL-AGAR,57.3645,-109.538,2006,43735.0,Natural
Saskatchewan,06LA-FOSTER,56.6057,-105.195,2006,14525.0,Natural
Ontario,COC28,56.0204,-87.8903,2006,565.0,Natural
Saskatchewan,06BN-NICKY,57.071,-108.073,2006,2357.0,Natural
Saskatchewan,06BN-TOWN,55.9167,-108.517,2006,254.0,Natural
Saskatchewan,06BN-RON,56.8248,-108.084,2006,560.0,Natural
Northwest Territories,SM005-06,60.602,-113.5823,2006,1783.2,Natural
Northwest Territories,2006-WB-19,60.6019,-113.5822,2006,1590.0,Natural
Saskatchewan,06LA-HASTINGS,56.8587,-105.584,2006,7450.0,Natural
Saskatchewan,06BN-NATRILLIA,56.5445,-107.704,2006,15500.0,Natural
Saskatchewan,06LL-RILEY,57.9862,-109.816,2006,2000.0,Natural
Yukon,2006CA004,62.7626667,-137.2086667,2006,1073.0,Natural
Saskatchewan,06SR-JACK,59.991,-103.169,2006,250.0,Natural
Saskatchewan,06SE-ZANGEZA,58.0867,-102.085,2006,975.0,Natural
Manitoba,NE084,57.859444,-101.761667,2006,200.0,Human
Alberta,2006-WB-16,58.5306,-112.2586,2006,6000.0,Unknown
Alberta,MWF054,58.274283,-111.26715,2006,3413.0,Natural
Saskatchewan,06LL-WEST,58.346,-109.675,2006,1599.0,Natural
Yukon,2006DA008,64.6333333,-140.5,2006,767.0,Natural
Alberta,MWF036,59.429333,-110.288333,2006,18204.0,Natural
Alberta,MWF040,59.4775,-110.330833,2006,450.0,Natural
Alberta,MWF043,58.10135,-110.249333,2006,6000.0,Natural
Saskatchewan,06SE-KOSDAW2,58.8428,-104.09,2006,1785.0,Human
Saskatchewan,06BN-MCTAGGERT,58.0632,-108.494,2006,4000.0,Natural
Saskatchewan,06LL-DOUG,58.3925,-109.302,2006,6423.0,Natural
Saskatchewan,06LL-CLUFF,58.1838,-108.889,2006,4000.0,Natural
Saskatchewan,06BN-RITA,57.9673,-108.126,2006,3200.0,Natural
Saskatchewan,06BN-DEBBIE,57.9428,-108.51,2006,100000.0,Natural
Manitoba,NE256,59.235,-96.731111,2006,529.0,Natural
Northwest Territories,CR003-06,60.0005,-103.1588,2006,694.0,Natural
Yukon,2006DA006,63.4007833,-140.2342833,2006,451.0,Natural
Alberta,MWF029,57.747667,-112.924667,2006,1745.0,Natural
Quebec,2006-412,52.59772,-67.12521,2006,1500.0,Natural
Quebec,2006-416,51.66847,-68.26373,2006,748.0,Natural
Northwest Territories,CR002-06,60.5396,-105.8988,2006,429.5,Natural
Ontario,RED16,52.7442,-94.385,2006,794.0,Natural
Ontario,RED84,52.1734,-94.7182,2006,8390.0,Natural
Yukon,2006MA001,64.0378833,-132.6806667,2006,6168.0,Natural
British Columbia,2006-G50540,56.7598,-126.7064,2006,800.0,Natural
Yukon,2006WL001,60.5966667,-127.2666667,2006,326.0,Natural
Yukon,2006WL003,60.5483333,-127.5216667,2006,26150.0,Natural
British Columbia,2006-G60238,58.0333,-126.4258,2006,750.0,Natural
British Columbia,2006-G90236,58.73,-125.005,2006,600.0,Natural
British Columbia,2006-N40053,52.033,-118.7663,2006,220.0,Natural
Ontario,NIP20,51.626,-87.7584,2006,800.0,Human
British Columbia,2006-G60237,58.2025,-125.8078,2006,7000.0,Natural
Saskatchewan,06SE-SANDY,57.1563,-104.814,2006,1580.0,Natural
Saskatchewan,06LA-HUNT,55.4157,-104.619,2006,325.0,Natural
Quebec,2006-271,52.20174,-78.18544,2006,5935.0,Natural
Quebec,2006-274,52.02878,-76.65351,2006,732.0,Natural
Quebec,2006-275,52.10492,-76.65349,2006,300.0,Natural
Quebec,2006-285,52.96613,-76.83604,2006,231.0,Natural
Quebec,2006-287,52.91247,-76.8764,2006,7041.0,Natural
Quebec,2006-288,52.92026,-76.9299,2006,464.0,Natural
Quebec,2006-333,51.76439,-75.28102,2006,302.0,Natural
Quebec,2006-335,51.93555,-75.17123,2006,2811.0,Natural
Quebec,2006-339,51.81295,-75.03824,2006,9440.0,Natural
Quebec,2006-345,51.01889,-76.29044,2006,893.0,Natural
Quebec,2006-364,50.53597,-75.8022,2006,496.0,Natural
Quebec,2006-375,51.76169,-75.20786,2006,3541.0,Natural
Quebec,2006-393,51.61391,-74.87467,2006,15467.0,Natural
Quebec,2006-394,51.18375,-75.28168,2006,1076.0,Natural
Quebec,2006-398,50.70983,-75.03789,2006,1150.0,Natural
Quebec,2006-253,50.35132,-73.69362,2006,894.0,Natural
Quebec,2006-255,51.06475,-72.16524,2006,423.0,Natural
Quebec,2006-331,49.64449,-73.80278,2006,628.0,Natural
Quebec,2006-291,50.35312,-73.94644,2006,1132.0,Natural
Quebec,2006-316,50.3747,-73.9577,2006,2146.0,Natural
Quebec,2006-318,50.51529,-73.93777,2006,419.0,Natural
Quebec,2006-336,50.79856,-76.13821,2006,403.0,Natural
Quebec,2006-337,50.82734,-76.16742,2006,201.0,Natural
Quebec,2006-259,50.65528,-77.45603,2006,558.0,Natural
Quebec,2006-249,50.14179,-74.87036,2006,1128.0,Natural
Quebec,2006-204,51.02068,-65.85233,2006,39902.0,Human
Manitoba,NE257,59.543889,-100.623889,2006,1822.2,Natural
Manitoba,NE255,59.026111,-97.043056,2006,7999.2,Natural
Manitoba,NE259,59.001944,-96.908056,2006,1666.5,Natural
Manitoba,NE170,58.033333,-97.15,2006,200.0,Natural
Manitoba,NE261,57.880556,-100.508056,2006,771.9,Natural
Manitoba,NE123,56.763333,-96.660278,2006,9998.8,Natural
Manitoba,NE104,56.430278,-101.016667,2006,10360.0,Natural
Manitoba,NE159,55.868889,-100.970278,2006,600.0,Natural
Manitoba,NE130,56.503333,-93.328889,2006,1402.0,Natural
Manitoba,NE263,55.535278,-92.445,2006,323.1,Natural
Manitoba,NE109,57.050833,-99.865,2006,11073.0,Natural
Manitoba,NE110,57.001944,-99.680278,2006,1831.7,Natural
Manitoba,NE127,56.931667,-97.733333,2006,1199.7,Natural
Manitoba,NE148,57.061389,-98.519722,2006,1138.0,Natural
Manitoba,NE112,56.586944,-96.689444,2006,6000.0,Natural
Manitoba,NE113,56.548889,-96.714722,2006,6000.0,Natural
Manitoba,NE117,56.816667,-98.0,2006,29004.2,Natural
Manitoba,NE124,56.661389,-96.7225,2006,2366.0,Natural
Manitoba,NE126,56.621111,-97.816111,2006,3365.2,Natural
Manitoba,NE262,56.822222,-96.948889,2006,3124.1,Natural
Manitoba,NE265,57.115,-97.356667,2006,4755.9,Natural
Manitoba,NE024,56.35,-100.463056,2006,2800.0,Natural
Manitoba,NE041,55.124722,-93.681389,2006,2611.0,Human
Manitoba,NE129,55.796944,-95.762222,2006,600.0,Natural
Manitoba,NE258,55.6425,-93.482222,2006,1987.0,Natural
Manitoba,NE264,56.516944,-92.482778,2006,1085.5,Natural
Manitoba,NE090,55.721389,-94.948056,2006,200.0,Natural
Manitoba,NE100,55.970556,-94.931111,2006,724.2,Natural
Manitoba,NE101,55.729444,-95.051111,2006,200.0,Natural
Manitoba,NE115,55.740278,-95.005,2006,2242.8,Natural
Manitoba,NE260,55.583056,-93.06,2006,777.2,Natural
Manitoba,NW041,55.25,-100.266667,2006,1200.0,Natural
Manitoba,EA050,52.574167,-96.02,2006,1000.0,Natural
Manitoba,EA052,52.593611,-96.0525,2006,26164.6,Natural
Manitoba,EA053,52.612222,-96.035278,2006,300.0,Natural
Alberta,WWF020,54.292883,-116.0708,2006,1786.0,Human
Alberta,2006-WB-3,59.2706,-113.1578,2006,2400.0,Natural
Saskatchewan,06LX-BUDD,54.9916,-106.907,2006,600.0,Natural
British Columbia,2006-G40168,52.9718,-125.1667,2006,840.0,Human
British Columbia,2006-G40169,53.4552,-123.9674,2006,450.0,Natural
British Columbia,2006-N40023,50.9837,-116.235,2006,237.0,Human
Alberta,RWF029,52.004124,-114.961739,2006,930.0,Natural
Quebec,2006-143,51.60402,-76.62757,2006,24720.0,Human
Saskatchewan,06SF-ESTEVAN,49.2902,-103.345,2006,800.0,Natural
Manitoba,RR001,49.193056,-96.314444,2006,300.0,Human
British Columbia,2006-G70113,55.5367,-120.4617,2006,270.2,Human
British Columbia,2006-G70097,55.8415,-121.7176,2006,1200.0,Human
Alberta,HWF047,58.452807,-114.383951,2006,1344.8,Human
Saskatchewan,2006-PA-1,53.5958,-106.425,2006,742.0,Human
Alberta,LWF047,55.568133,-110.802133,2006,342.0,Human
Nova Scotia,82Y1D4,43.969542,-65.654988,2006,250.0,Human
Saskatchewan,06PA-MISIR01,53.1935,-106.781,2006,240.0,Human
Alberta,SWF027,55.945767,-113.87995,2006,661.7,Human
Manitoba,2006-RM-1,50.8844,-100.6308,2006,1500.0,Human
Saskatchewan,06SE-TURTLE,57.556,-102.422,2006,377.0,Natural
Saskatchewan,06SE-MARGARET,56.6583,-102.533,2006,320.0,Natural
Saskatchewan,06LA-SWANSON,56.1333,-106.317,2006,1040.0,Natural
Saskatchewan,06SR-PASFIELD,58.3167,-105.167,2006,7178.0,Natural
Saskatchewan,06SE-CUELEN,56.6393,-103.839,2006,75000.0,Natural
Saskatchewan,06SE-CIGAR,57.9215,-104.661,2006,3200.0,Natural
Alberta,HWF001,58.04015,-115.6019,2006,265.0,Human
British Columbia,2006-K70001,50.2903,-121.5137,2006,204.0,Human
Nova Scotia,82X1H2,43.988765,-65.70595,2006,370.0,Human
Nova Scotia,84W3H2,43.888017,-64.806256,2006,480.0,Human
Nova Scotia,2006-KE-1,43.8667,-64.8,2006,474.0,Unknown
Alberta,2006-BA-1,51.589,-115.548,2006,1300.0,Human
Alberta,2006-WL-1,49.1254,-113.8523,2006,1400.0,Human
Saskatchewan,06DN-COLD,54.5858,-109.872,2006,262.0,Natural
Saskatchewan,06BN-LANSDOWN,57.55,-106.983,2006,1500.0,Natural
Saskatchewan,06LL-MURZIN,57.8053,-109.543,2006,208540.0,Natural
Saskatchewan,06SR-NOEL,59.3982,-106.367,2006,63333.0,Natural
Saskatchewan,06SR-DAVY,58.7383,-108.223,2006,5420.0,Natural
Saskatchewan,06LL-CLEAR,56.904,-108.796,2006,6140.0,Natural
Saskatchewan,06BN-BERG,57.1548,-108.144,2006,15000.0,Natural
Saskatchewan,06BN-JOHN,56.844,-107.638,2006,410.0,Natural
Saskatchewan,06BN-KAZIN,56.9498,-107.832,2006,29000.0,Natural
Saskatchewan,06SE-KOSDAW,58.8428,-104.09,2006,1860.0,Natural
Saskatchewan,06LX-GAVEL,55.6933,-106.976,2006,1200.0,Natural
Saskatchewan,06BN-BOB,57.5977,-107.509,2006,3500.0,Natural
Saskatchewan,06BN-TOM,56.7882,-107.523,2006,7200.0,Natural
Saskatchewan,05DN-MINIR02,54.1463,-109.762,2005,250.0,Human
British Columbia,2005-V10404,49.1056,-122.9411,2005,206.0,Human
Quebec,2005-1299,48.10402,-78.59798,2005,1400.0,Human
Quebec,2005-1306,47.80846,-78.52709,2005,347.0,Natural
Saskatchewan,2005-GR-7,49.1667,-107.25,2005,1030.0,Human
British Columbia,2005-V30268,50.3555,-123.554,2005,363.0,Natural
British Columbia,2005-K50168,49.18,-119.55,2005,539.3,Human
Quebec,2005-1025,54.23412,-74.1482,2005,221.0,Natural
Ontario,NIP112,51.4838,-88.4415,2005,325.0,Natural
Ontario,NIP80,49.5834,-88.7085,2005,4400.0,Natural
Manitoba,NE151,56.681111,-93.411111,2005,432.4,Natural
Ontario,THU65,50.6255,-89.7216,2005,1574.0,Natural
Ontario,THU67,50.176,-89.7099,2005,2326.0,Natural
Ontario,THU57,49.3607,-89.9403,2005,6000.0,Natural
Ontario,FOR24,48.1766,-91.371,2005,213.0,Natural
British Columbia,2005-K70135,50.3475,-121.3887,2005,5560.0,Human
Northwest Territories,2005-WB-35,60.005,-113.5347,2005,250.0,Natural
Ontario,THU30,50.5813,-88.7443,2005,429.0,Natural
Ontario,THU31,50.293,-88.7759,2005,1428.0,Human
Northwest Territories,FS067-05,63.4053,-119.3755,2005,626.4,Natural
Ontario,FOR14,48.2928,-91.6585,2005,430.0,Natural
Quebec,2005-936,54.35492,-75.81327,2005,211.0,Natural
Northwest Territories,ZF057-05,64.2166,-115.7166,2005,270.0,Natural
Northwest Territories,ZF055-05,64.2166,-119.3666,2005,12275.0,Natural
Quebec,2005-813,54.11661,-74.00662,2005,331.0,Natural
Quebec,2005-934,54.33963,-75.25312,2005,4404.0,Natural
Quebec,2005-817,54.11931,-71.89825,2005,289.0,Natural
Quebec,2005-821,53.88294,-72.00961,2005,566.0,Natural
Quebec,2005-822,53.61661,-72.55604,2005,1531.0,Natural
Quebec,2005-828,53.36661,-73.13351,2005,22128.0,Natural
Quebec,2005-806,53.44455,-76.64704,2005,895.0,Natural
Quebec,2005-827,53.45534,-73.68808,2005,1737.0,Natural
Yukon,2005MA011,65.4191667,-135.4258333,2005,1176.0,Natural
Northwest Territories,VQ017-05,64.8656,-125.088,2005,6070.0,Natural
Northwest Territories,ZF051-05,64.2166,-117.75,2005,2750.0,Natural
Northwest Territories,FS065-05,62.3283,-120.5583,2005,1363.3,Natural
Manitoba,NE137,56.391667,-101.983333,2005,1300.0,Natural
Northwest Territories,ZF054-05,65.4675,-118.1535,2005,4514.0,Natural
Northwest Territories,VQ012-05,66.5333,-127.65,2005,3541.0,Natural
Northwest Territories,VQ015-05,65.5833,-126.8333,2005,6142.0,Natural
Northwest Territories,VQ019-05,65.1091,-121.3875,2005,555.0,Natural
Northwest Territories,FS064-05,63.9548,-120.1186,2005,8483.0,Natural
Ontario,COC43,50.7708,-84.7663,2005,200.0,Natural
Saskatchewan,05SE-PORCUPINE,57.3717,-102.021,2005,200.0,Natural
Quebec,2005-742,49.36121,-75.3352,2005,605.0,Natural
Quebec,2005-785,48.96793,-74.3879,2005,1553.0,Human
Quebec,2005-762,48.82914,-73.04235,2005,1113.0,Natural
Quebec,2005-793,48.76619,-73.04786,2005,1894.0,Natural
Northwest Territories,VQ014-05,64.2543,-125.3211,2005,1705.0,Natural
Northwest Territories,VQ011-05,65.374,-126.3055,2005,6110.0,Natural
Ontario,COC38,54.5583,-85.4768,2005,1500.0,Natural
Saskatchewan,05SE-SHAW,56.3553,-102.575,2005,200.0,Natural
Saskatchewan,05SR-BOMPAS,59.597,-105.192,2005,748.0,Natural
Quebec,2005-819,54.2527,-71.48307,2005,7896.0,Natural
Quebec,2005-820,54.53148,-70.51049,2005,3756.0,Natural
Quebec,2005-770,52.59772,-75.0019,2005,17674.0,Natural
Quebec,2005-644,50.27248,-75.49578,2005,2494.0,Natural
Quebec,2005-674,49.93285,-75.50649,2005,1845.0,Natural
Quebec,2005-721,51.32105,-77.06319,2005,9407.0,Natural
Quebec,2005-727,51.19724,-76.76158,2005,4796.0,Natural
Quebec,2005-728,51.16517,-75.15519,2005,5169.0,Natural
Quebec,2005-758,50.48502,-74.66243,2005,3451.0,Natural
Quebec,2005-642,50.47782,-76.54942,2005,1607.0,Natural
Quebec,2005-653,50.19814,-76.86047,2005,1538.0,Natural
Quebec,2005-732,50.50809,-76.39546,2005,946.0,Natural
Quebec,2005-734,50.65438,-77.17198,2005,487.0,Natural
Quebec,2005-695,49.41757,-75.62105,2005,4696.0,Natural
Quebec,2005-797,48.68915,-75.77203,2005,207.0,Natural
Quebec,2005-678,48.55576,-73.06431,2005,229.0,Natural
Northwest Territories,ZF019-05,63.8,-116.1833,2005,1215.0,Unknown
Northwest Territories,ZF015-05,63.9333,-115.1833,2005,1385.0,Natural
Northwest Territories,ZF017-05,64.0833,-115.4333,2005,352.0,Natural
Northwest Territories,CR010-05,62.0585,-110.438,2005,450.0,Natural
Northwest Territories,VQ009-05,64.9833,-120.15,2005,545.0,Natural
Northwest Territories,VQ010-05,64.9666,-119.95,2005,2238.0,Natural
Northwest Territories,ZF021-05,63.0911,-117.7501,2005,2300.0,Natural
Ontario,TIM19,48.2734,-80.7776,2005,3200.0,Natural
Ontario,COC40,53.1289,-83.5782,2005,250.0,Natural
Saskatchewan,05SE-KEEFE,57.7417,-104.48,2005,600.0,Natural
Saskatchewan,05SE-COMPULSION,57.7557,-103.303,2005,200.0,Natural
Manitoba,NE120,56.766389,-98.166389,2005,9000.0,Natural
Manitoba,NE126,55.628611,-96.159444,2005,200.0,Natural
Manitoba,NE125,55.641667,-96.271389,2005,300.0,Natural
Quebec,2005-666,51.99671,-76.36554,2005,9369.0,Natural
Quebec,2005-910,50.64898,-79.4461,2005,3263.0,Natural
Quebec,2005-688,54.40618,-77.05398,2005,934.0,Natural
Quebec,2005-679,52.49435,-75.75138,2005,287.0,Natural
Quebec,2005-680,52.30216,-75.48971,2005,6227.0,Natural
Quebec,2005-661,51.61121,-76.48697,2005,1649.0,Natural
Quebec,2005-662,51.61031,-76.51817,2005,1961.0,Natural
Quebec,2005-665,51.63459,-76.45508,2005,1027.0,Natural
Quebec,2005-620,50.50899,-77.54657,2005,745.0,Natural
Quebec,2005-691,49.25899,-76.51719,2005,362.0,Natural
Yukon,2005DA019,64.6666667,-141.0,2005,9400.0,Natural
Northwest Territories,VQ005-05,65.5666,-122.9833,2005,7370.0,Natural
Northwest Territories,FS042-05,63.7546,-122.5535,2005,60350.2,Natural
Northwest Territories,FS040-05,63.4095,-121.1808,2005,34079.7,Natural
Northwest Territories,FS041-05,63.5875,-120.8295,2005,900.2,Natural
Northwest Territories,FS044-05,61.9248,-122.661,2005,1109.44,Natural
Ontario,COC37,50.6315,-79.6496,2005,2000.0,Natural
Saskatchewan,05SE-CUSHING,58.0382,-104.784,2005,2100.0,Natural
Saskatchewan,05BN-GRASSIE,56.7212,-107.817,2005,230.0,Natural
Saskatchewan,05LA-HASTINGS,56.9005,-105.49,2005,612.0,Natural
Quebec,2005-583,48.80396,-77.06012,2005,4524.0,Human
Northwest Territories,FS036-05,63.1028,-123.3603,2005,25223.49,Natural
Northwest Territories,FS034-05,62.4411,-120.2795,2005,775.2,Natural
Saskatchewan,05LA-TERRY,55.0205,-104.335,2005,7916.0,Natural
Saskatchewan,05PN-HEIDEL,55.4998,-103.421,2005,906.0,Natural
Saskatchewan,05PN-SADLER,55.2892,-103.733,2005,2852.0,Natural
Saskatchewan,05LA-MCKAY,55.4347,-104.883,2005,324.0,Natural
Saskatchewan,05PN-MANAWAN,55.4593,-103.262,2005,950.0,Natural
Saskatchewan,05LA-DALY,56.6022,-105.823,2005,2456.0,Natural
Quebec,2005-955,52.26345,-66.87768,2005,4932.0,Natural
Quebec,2005-959,52.57704,-69.05455,2005,1962.0,Natural
Quebec,2005-963,52.90126,-69.821,2005,205.0,Natural
Quebec,2005-966,51.66868,-65.27417,2005,359.0,Natural
Quebec,2005-969,51.79516,-66.00587,2005,335.0,Natural
Quebec,2005-595,51.21163,-66.53022,2005,1069.0,Natural
Quebec,2005-568,50.50899,-68.32202,2005,894.0,Natural
Saskatchewan,05PN-NEMEI,55.344,-102.361,2005,2172.0,Natural
Saskatchewan,05PN-HIGHWAY,55.7723,-102.691,2005,2200.0,Natural
Saskatchewan,05BN-JIBBS,56.7915,-107.475,2005,750.0,Natural
Saskatchewan,05LA-MCKENNA,55.0518,-104.468,2005,478.0,Natural
Saskatchewan,05LA-LACEY,55.0027,-104.167,2005,963.0,Natural
Saskatchewan,05PN-COLT,55.6695,-102.837,2005,3800.0,Natural
Saskatchewan,05PN-ISKWATAM,55.577,-103.155,2005,3800.0,Natural
Saskatchewan,05LA-TOWER,54.8973,-104.173,2005,5411.0,Natural
Saskatchewan,05PN-WOOD,55.2582,-103.137,2005,3000.0,Natural
Manitoba,NE096,56.7375,-93.615278,2005,1230.0,Natural
Manitoba,NE097,56.225278,-101.804722,2005,4000.0,Natural
Saskatchewan,05LX-MCMURCHY,56.3333,-107.733,2005,980.0,Natural
Saskatchewan,05SE-NOKOMIS,56.9833,-103.25,2005,1700.0,Natural
Manitoba,NE085,56.646667,-95.353889,2005,200.0,Natural
Manitoba,NE088,57.031389,-95.563333,2005,9791.0,Natural
Manitoba,NE089,56.803056,-95.144444,2005,3754.0,Natural
Manitoba,NE074,56.638889,-93.933611,2005,350.0,Natural
Manitoba,NE075,56.613889,-94.116389,2005,798.0,Natural
Manitoba,NE083,56.715833,-100.736667,2005,700.0,Natural
Manitoba,NE079,56.258056,-95.479444,2005,10000.0,Natural
Manitoba,NE084,56.536667,-95.075,2005,200.0,Natural
Quebec,2005-542,51.17206,-69.19693,2005,384.0,Human
Northwest Territories,FS027-05,62.5683,-123.2896,2005,557.9,Natural
Northwest Territories,FS028-05,62.102,-118.978,2005,685.7,Natural
Saskatchewan,05LA-RUPERT,56.9042,-105.103,2005,3564.0,Human
Saskatchewan,05LX-EPP,54.9848,-107.446,2005,2125.0,Natural
Saskatchewan,05LA-GEORGE,56.1023,-106.045,2005,1529.0,Natural
Northwest Territories,FS024-05,63.503,-120.5468,2005,10167.2,Natural
Ontario,COC33,55.1379,-85.5411,2005,700.0,Natural
Saskatchewan,05LX-PINE,56.2562,-106.706,2005,1657.0,Natural
Saskatchewan,05SR-WARD,58.2957,-105.002,2005,940.0,Natural
Saskatchewan,05PN-KNIFE,55.8953,-102.746,2005,9838.0,Natural
Manitoba,NE063,55.032222,-93.870833,2005,350.0,Human
Manitoba,NE057,56.519722,-99.586944,2005,11749.0,Natural
Manitoba,NE056,55.976667,-94.949722,2005,300.0,Natural
Northwest Territories,CR004-05,60.9666,-110.6346,2005,655.0,Natural
Northwest Territories,2005-WB-30,60.0664,-114.1786,2005,392.0,Natural
Northwest Territories,2005-WB-34,60.4803,-115.0006,2005,1400.0,Natural
Saskatchewan,05SE-DUNCAN,56.3437,-102.168,2005,4000.0,Natural
Saskatchewan,05LA-SEAGER,57.0625,-106.084,2005,1250.0,Natural
Saskatchewan,05LX-HAULTAIN,56.8667,-106.317,2005,1005.0,Natural
Saskatchewan,05LX-DIPPER,56.1517,-107.398,2005,15400.0,Natural
Saskatchewan,05SE-WINDRUM,56.11,-104.169,2005,20000.0,Natural
Saskatchewan,05LA-JEWETT,56.1447,-104.54,2005,1000.0,Natural
Saskatchewan,05LA-TREMBLEY,56.5042,-104.857,2005,9850.0,Natural
Northwest Territories,HY017-05,60.4666,-116.65,2005,264.0,Natural
Saskatchewan,05LA-HOWES,56.742,-105.134,2005,30313.0,Natural
Saskatchewan,05BN-LOUIS,56.8333,-107.583,2005,2100.0,Natural
Saskatchewan,05SE-WAPUS,56.454,-102.287,2005,17100.0,Natural
Manitoba,NE040,56.291944,-95.458056,2005,700.0,Natural
Northwest Territories,HY012-05,60.45,-118.5823,2005,504.0,Natural
Northwest Territories,HY016-05,60.0166,-119.159,2005,217.0,Natural
Alberta,HWF264,59.791973,-116.618538,2005,1493.86,Natural
Manitoba,NE150,59.143056,-97.244167,2005,596.8,Natural
Manitoba,NE142,56.897222,-94.934444,2005,5830.8,Natural
Manitoba,NE145,57.116944,-96.692778,2005,641.8,Natural
Manitoba,NE149,56.904167,-95.108889,2005,801.2,Natural
Manitoba,NE143,57.11,-94.113611,2005,881.9,Natural
Manitoba,NE144,57.251111,-93.9,2005,1227.3,Natural
Manitoba,NE146,57.113056,-93.721111,2005,1206.6,Natural
Manitoba,NE147,57.253056,-94.068056,2005,900.7,Natural
Manitoba,NE148,56.176111,-93.753889,2005,353.0,Natural
Northwest Territories,FS014-05,61.5816,-121.8333,2005,772.2,Natural
Alberta,HWF225,59.876667,-117.838333,2005,416.08,Natural
Yukon,2005MA005,63.6569444,-137.0175,2005,880.0,Natural
Yukon,2005MA007,63.8783333,-137.5255556,2005,510.0,Natural
Quebec,2005-550,51.84592,-63.24418,2005,566.0,Natural
Quebec,2005-510,51.14988,-64.25305,2005,12320.0,Natural
Quebec,2005-469,49.49041,-72.69047,2005,235.0,Natural
Yukon,2005DA013,64.1738889,-140.9355556,2005,20850.0,Natural
Saskatchewan,05LA-MATHERS,56.1928,-105.286,2005,5760.0,Natural
Yukon,2005OC003,66.1922222,-136.0619444,2005,9000.0,Natural
Yukon,2005DA009,65.6333333,-140.9833333,2005,1500.0,Natural
Ontario,NIP20,50.5452,-87.9808,2005,13623.0,Natural
Yukon,2005OC002,66.1727778,-136.3966667,2005,74500.0,Natural
Ontario,COC29,51.6908,-81.3688,2005,200.0,Natural
Yukon,2005DA007,65.9983333,-136.5841667,2005,25250.0,Natural
Yukon,2005OC001,66.2561111,-136.7397222,2005,1400.0,Natural
Saskatchewan,05LL-PAYNE,58.3707,-108.65,2005,1800.0,Natural
Manitoba,NE022,56.501111,-94.228889,2005,2164.0,Human
Quebec,2005-437,54.21883,-78.1359,2005,629.0,Natural
Yukon,2005DA004,65.7297222,-140.7825,2005,31500.0,Natural
Yukon,2005MA001,64.0025,-135.7158333,2005,5810.0,Natural
Yukon,2005MA002,63.9283333,-136.6733333,2005,5320.0,Natural
Northwest Territories,2005-WB-19,60.1306,-112.5919,2005,1200.0,Natural
Northwest Territories,SM022-05,60.75,-111.85,2005,1984.0,Natural
Saskatchewan,05SR-DAVY,58.6852,-108.258,2005,3916.0,Natural
Saskatchewan,05SR-HELMER,59.2397,-107.492,2005,6850.0,Natural
Saskatchewan,05LL-ROBBIE,56.9242,-109.631,2005,250.0,Natural
Alberta,2005-WB-18,59.4192,-113.4244,2005,1403.0,Natural
Quebec,2005-450,51.61931,-71.8848,2005,795.0,Natural
Alberta,2005-WB-16,59.9903,-113.6372,2005,9826.0,Natural
Alberta,MWF036,59.924083,-111.830067,2005,352.0,Natural
Northwest Territories,SM010-05,60.5541,-111.8046,2005,1659.0,Natural
Northwest Territories,SM013-05,60.4,-111.987,2005,1227.0,Natural
Northwest Territories,2005-WB-6,60.0847,-114.3142,2005,741.0,Natural
Northwest Territories,2005-WB-10,60.3822,-113.125,2005,1000.0,Natural
Alberta,2005-WB-11,59.1197,-112.4803,2005,13750.0,Natural
Alberta,2005-WB-12,59.125,-112.55,2005,500.0,Natural
Alberta,HWF158,59.261033,-115.259533,2005,1700.0,Natural
Alberta,HWF167,59.336943,-115.127222,2005,43000.0,Natural
Quebec,2005-384,51.39179,-63.75695,2005,9405.0,Human
Quebec,2005-373,49.90528,-74.37059,2005,1288.0,Human
British Columbia,2005-G90218,59.9667,-121.0167,2005,400.0,Natural
Quebec,2005-386,52.16607,-68.15934,2005,2506.0,Natural
Quebec,2005-367,51.18555,-61.64658,2005,41750.0,Natural
Quebec,2005-389,51.02878,-62.38521,2005,2545.0,Natural
Quebec,2005-411,51.14898,-61.61219,2005,1355.0,Natural
Quebec,2005-383,50.98781,-63.2929,2005,1148.0,Human
Saskatchewan,05LL-PASCAL,57.372,-109.916,2005,21800.0,Natural
Manitoba,NE141,56.778056,-90.794722,2005,1012.3,Natural
Northwest Territories,FS005-05,61.6588,-125.2941,2005,224.4,Natural
Quebec,2005-345,51.32374,-69.01138,2005,9590.0,Natural
Quebec,2005-358,51.5036,-70.09298,2005,3684.0,Natural
Quebec,2005-297,49.43735,-73.69745,2005,4213.0,Natural
Quebec,2005-299,50.3729,-72.96475,2005,5926.0,Natural
Quebec,2005-301,49.40888,-74.10862,2005,30328.0,Natural
Quebec,2005-302,50.10222,-73.18831,2005,77698.0,Natural
Quebec,2005-304,50.23771,-72.51022,2005,18345.0,Natural
Quebec,2005-309,50.48412,-72.75984,2005,22185.0,Natural
Quebec,2005-317,49.64449,-73.66389,2005,25959.0,Natural
Quebec,2005-327,49.46343,-73.12516,2005,20739.0,Natural
Quebec,2005-368,51.6328,-71.89059,2005,4361.0,Natural
Quebec,2005-371,50.35851,-72.06501,2005,17288.0,Natural
Quebec,2005-394,49.5027,-73.46538,2005,252.0,Natural
Quebec,2005-330,51.06745,-70.05042,2005,2250.0,Natural
Quebec,2005-456,51.09592,-69.9599,2005,2358.0,Natural
Quebec,2005-353,51.21523,-72.86642,2005,754.0,Natural
Quebec,2005-349,51.04497,-76.81903,2005,8800.0,Natural
Quebec,2005-363,49.77788,-72.50256,2005,11640.0,Natural
Quebec,2005-298,49.3774,-74.57366,2005,12591.0,Natural
Quebec,2005-355,49.32105,-75.52539,2005,212.0,Natural
Quebec,2005-340,48.91757,-73.96579,2005,1165.0,Natural
Quebec,2005-354,49.24221,-74.79063,2005,12828.0,Natural
British Columbia,2005-G90195,59.19,-120.0417,2005,550.0,Natural
British Columbia,2005-G90206,59.1172,-120.0613,2005,262.0,Natural
Quebec,2005-256,50.59772,-74.86425,2005,18299.0,Natural
Quebec,2005-277,50.65348,-74.68475,2005,4337.0,Natural
Quebec,2005-278,50.70084,-74.81487,2005,4209.0,Natural
Quebec,2005-261,51.19185,-71.06611,2005,16506.0,Natural
Quebec,2005-262,51.00809,-70.99285,2005,1193.0,Natural
Quebec,2005-280,50.5018,-76.35304,2005,13124.0,Natural
Quebec,2005-276,50.55846,-68.90676,2005,10516.0,Natural
British Columbia,2005-G90151,59.2163,-120.893,2005,6720.0,Natural
British Columbia,2005-G90159,59.3171,-121.5705,2005,1048.0,Natural
British Columbia,2005-G90167,59.4027,-121.4355,2005,1516.0,Natural
British Columbia,2005-G90144,59.0565,-121.9913,2005,376.3,Natural
British Columbia,2005-G90147,59.021,-122.0036,2005,403.9,Natural
British Columbia,2005-G40110,53.9935,-123.5818,2005,517.0,Natural
Quebec,2005-237,52.33783,-76.97351,2005,23208.0,Natural
Quebec,2005-241,52.18735,-77.19866,2005,39267.0,Natural
Quebec,2005-242,51.92566,-77.4475,2005,39111.0,Natural
Quebec,2005-252,51.8765,-78.01778,2005,27825.0,Natural
Quebec,2005-405,53.31295,-71.85796,2005,1566.0,Natural
Quebec,2005-244,54.131,-71.10527,2005,12438.0,Natural
Quebec,2005-243,52.48052,-76.04642,2005,50894.0,Natural
Quebec,2005-407,52.46433,-74.66371,2005,6608.0,Natural
Quebec,2005-230,51.34233,-69.30598,2005,231.0,Human
British Columbia,2005-G40100,53.5667,-123.9667,2005,12371.0,Natural
British Columbia,2005-C10054,53.4023,-124.2872,2005,600.0,Natural
Ontario,COC10,49.452,-81.131,2005,349.5,Human
Ontario,TIM7,48.1897,-82.2297,2005,449.0,Human
Ontario,TIM5,47.767,-81.794,2005,440.0,Human
Quebec,2005-211,47.99221,-78.32796,2005,4838.0,Human
Northwest Territories,FS001-05,61.9921,-124.3378,2005,2500.0,Natural
Quebec,2005-210,53.82644,-73.56505,2005,7879.0,Human
Alberta,HWF124,58.717817,-118.761667,2005,3563.0,Human
Saskatchewan,05DN-BIRD,53.7913,-109.869,2005,2925.0,Human
Saskatchewan,05PN-JAN LAKE,54.9058,-102.822,2005,340.0,Human
Alberta,HWF104,58.786802,-118.907684,2005,7010.3,Human
British Columbia,2005-YO-1,51.1833,-116.5667,2005,1800.0,Human
Northwest Territories,JF001-05,60.8833,-123.7666,2005,301.0,Natural
Alberta,HWF051,58.81046,-118.749117,2005,207.6,Human
Saskatchewan,05DN-TCIR01,53.525,-108.468,2005,250.0,Human
Manitoba,2005-RM-4,50.7753,-100.2333,2005,2500.0,Human
Saskatchewan,05HB-KLOGE1,52.316,-103.338,2005,200.0,Human
Alberta,2005-BA-3,51.6667,-115.9,2005,650.0,Human
Manitoba,RR001,49.1,-96.366667,2005,567.0,Human
British Columbia,2004-N10568,49.7333,-115.7333,2005,300.0,Human
Northwest Territories,HY028-04,61.567,-118.2703,2004,8273.1,Unknown
Alberta,HWF336,59.104,-118.047,2004,316.3,Human
Yukon,2004OC022,66.5833333,-134.5833333,2004,294.0,Natural
Yukon,2004MA041,64.0802778,-131.7913889,2004,373.0,Natural
British Columbia,2004-R10243,53.4451,-125.8431,2004,418.0,Natural
British Columbia,2004-G40496,53.4658,-124.3582,2004,369.1,Natural
British Columbia,2004-K40563,50.5136,-118.5794,2004,324.0,Natural
Northwest Territories,ZF084-04,65.5666,-115.0833,2004,250.0,Natural
Northwest Territories,VQ021-04,64.8263,-126.6473,2004,390.0,Natural
British Columbia,2004-K70499,50.2714,-121.8343,2004,300.0,Natural
British Columbia,2004-V10543,49.7497,-121.468,2004,535.0,Natural
British Columbia,2004-V10531,49.9604,-121.6404,2004,980.0,Natural
Yukon,2004RR031,63.2166667,-131.3833333,2004,2525.0,Natural
Northwest Territories,HY023-04,60.6166,-118.9666,2004,6351.0,Natural
Yukon,2004RR030,62.885,-133.5383333,2004,3005.0,Natural
British Columbia,2004-R90236,59.3289,-132.212,2004,725.0,Natural
Northwest Territories,SM046-04,61.6471,-111.944,2004,2028.07,Natural
Northwest Territories,ZF080-04,63.1666,-118.3666,2004,290.0,Natural
Northwest Territories,ZF081-04,63.2833,-118.1333,2004,1425.0,Natural
Saskatchewan,04SR-LIVINGSTONE,58.6543,-107.231,2004,2390.0,Natural
Yukon,2004MA039,63.5997222,-134.9588889,2004,808.0,Natural
Yukon,2004MA038,63.0305556,-134.4641667,2004,1830.0,Natural
Yukon,2004WL040,60.115,-126.4447222,2004,1523.0,Natural
Alberta,HWF322,59.976,-119.175833,2004,211.2,Natural
Yukon,2004DA041,64.5713889,-139.7455556,2004,3394.0,Natural
Northwest Territories,ZF078-04,63.207,-117.4451,2004,219.0,Natural
Northwest Territories,ZF079-04,63.1508,-117.9925,2004,1426.0,Natural
British Columbia,2004-G30485,53.05,-118.8333,2004,2638.0,Natural
Saskatchewan,04BN-CAMILLE,57.1475,-108.327,2004,2000.0,Natural
Saskatchewan,04LA-SCOTTY,57.1167,-105.883,2004,227.9,Natural
Northwest Territories,CR060-04,61.7855,-108.3518,2004,1222.47,Natural
Northwest Territories,SM044-04,60.9766,-111.5643,2004,1769.67,Natural
Northwest Territories,2004-WB-50,60.4214,-113.5331,2004,6500.0,Natural
Alberta,HWF315,59.78913,-119.46852,2004,364.0,Natural
Saskatchewan,04SR-GREENSKY,59.9333,-108.517,2004,467.5,Natural
Quebec,2004-226,51.41517,-63.38783,2004,500.0,Natural
Northwest Territories,CR059-04,61.5333,-110.5833,2004,440.09,Natural
Yukon,2004WL037,60.1875,-126.75,2004,1365.0,Natural
Yukon,2004WL038,60.125,-126.8916667,2004,1027.0,Natural
Yukon,2004WL039,60.1341667,-126.8644444,2004,2489.0,Natural
Northwest Territories,HY021-04,61.9306,-115.6148,2004,7671.0,Natural
Manitoba,2004111145,56.3876341,-93.0017654,2004,343.7,Unknown
Manitoba,2004111146,55.7429997,-90.9765623,2004,431.3,Unknown
Yukon,2004MA037,63.1741667,-136.1875,2004,3025.0,Natural
Northwest Territories,SM042-04,60.9333,-112.0428,2004,2590.18,Natural
Northwest Territories,SM043-04,60.9166,-111.768,2004,593.19,Natural
Northwest Territories,CR051-04,60.16,-107.6,2004,11687.81,Natural
Saskatchewan,04SE-MARVIN,57.7818,-102.984,2004,640.0,Natural
Manitoba,2004116112,54.8140921,-96.7320778,2004,411.5,Natural
Yukon,2004OC019,66.6477778,-134.4316667,2004,400.0,Natural
Yukon,2004DA032,65.7205556,-136.6044444,2004,5887.0,Natural
Northwest Territories,CR055-04,61.15,-104.63,2004,295.71,Natural
Northwest Territories,CR056-04,60.94,-104.85,2004,395.92,Natural
Northwest Territories,CR057-04,60.87,-107.96,2004,781.24,Natural
Northwest Territories,CR058-04,60.98,-104.82,2004,244.74,Natural
British Columbia,2004-G30401,52.8633,-119.235,2004,503.0,Natural
British Columbia,2004-K10409,52.5228,-119.5847,2004,360.0,Natural
Saskatchewan,04SR-GRISDALE,59.7583,-103.656,2004,4483.8,Natural
Saskatchewan,04LL-KURT,57.4332,-109.822,2004,1490.0,Natural
Saskatchewan,04LX-HAULTAIN,56.8667,-106.333,2004,500.0,Natural
Saskatchewan,04SE-WAPUS,56.5368,-102.259,2004,5000.0,Natural
Saskatchewan,04LX-ORPHAN,56.4667,-106.717,2004,945.0,Natural
Saskatchewan,04LX-JOCABSON,56.8052,-106.655,2004,7980.0,Natural
Saskatchewan,04LL-LIZ,58.5682,-109.38,2004,2784.0,Natural
Saskatchewan,04LX-GRANDRAPIDS,56.7262,-107.202,2004,5293.0,Natural
Yukon,2004OC018,66.9005556,-136.5630556,2004,211.0,Natural
Yukon,2004MA032,63.2616667,-134.4377778,2004,1995.0,Natural
Yukon,2004MA031,63.1,-137.4,2004,11524.0,Natural
Northwest Territories,ZF074-04,64.3666,-113.2666,2004,225.0,Natural
Northwest Territories,SM039-04,60.5876,-111.6545,2004,3825.18,Natural
Northwest Territories,CR052-04,60.06,-104.87,2004,780.61,Natural
Northwest Territories,CR053-04,60.11,-103.9,2004,777.06,Natural
British Columbia,2004-G90441,59.84,-120.0083,2004,2299.1,Natural
British Columbia,2004-G90442,59.8497,-120.019,2004,2299.1,Natural
British Columbia,2004-K10367,52.4133,-120.379,2004,4745.0,Natural
British Columbia,2004-K10413,52.4833,-120.1633,2004,360.0,Natural
British Columbia,2004-K10422,52.3417,-119.8583,2004,490.0,Natural
British Columbia,2004-K10426,52.4791,-120.2963,2004,635.0,Natural
British Columbia,2004-K10429,52.4772,-120.1272,2004,375.0,Natural
Alberta,HWF298,59.499548,-116.235429,2004,11154.0,Natural
Saskatchewan,04SR-HARPER,59.5578,-109.924,2004,3908.8,Natural
Saskatchewan,04BN-DAVE,57.1783,-107.235,2004,329.0,Natural
Saskatchewan,04BN-LOUIE,57.2105,-107.15,2004,2000.0,Natural
Saskatchewan,04BN-CINDY,57.2343,-107.091,2004,697.0,Natural
Saskatchewan,04BN-BRENT,57.1893,-107.103,2004,3043.0,Natural
Saskatchewan,04BN-ELLA,57.142,-107.225,2004,610.0,Natural
Saskatchewan,04BN-LAND,57.5443,-106.941,2004,1968.7,Natural
Yukon,2004OC017,66.7013889,-136.7313889,2004,5962.0,Natural
Northwest Territories,EV006-04,67.3705,-134.5718,2004,2400.0,Natural
Northwest Territories,ZF072-04,62.1271,-116.1248,2004,1475.0,Natural
Alberta,2004-WB-45,59.4761,-114.2419,2004,1730.0,Natural
Alberta,2004-WB-46,58.3231,-112.1953,2004,794.0,Natural
Alberta,HWF297,59.840681,-118.471222,2004,322.8,Natural
Alberta,MWF190,58.361317,-110.349,2004,18000.0,Natural
Saskatchewan,04SE-NOKOMIS,56.945,-103.15,2004,200.0,Natural
Manitoba,2004112124,55.1960085,-93.4181811,2004,2178.7,Natural
Saskatchewan,04SR-ASHDOWN,59.4917,-106.033,2004,397.6,Natural
Saskatchewan,04SR-DAM,59.8525,-109.425,2004,340.0,Natural
Saskatchewan,04SR-WASEND,59.5037,-105.311,2004,390.3,Natural
Saskatchewan,04SR-HAMMERSTEIN,59.5667,-106.4,2004,3371.0,Natural
Saskatchewan,04LL-DUNNING,57.8975,-108.299,2004,6930.0,Natural
Yukon,2004RR027,62.4494444,-130.9075,2004,810.0,Natural
Northwest Territories,CR034-04,62.61,-108.29,2004,4770.88,Natural
Northwest Territories,CR028-04,61.2,-109.9,2004,26689.4,Natural
Northwest Territories,CR029-04,61.368,-109.45,2004,627.45,Natural
Northwest Territories,CR032-04,61.22,-109.0,2004,549.29,Natural
Northwest Territories,CR035-04,61.31,-107.59,2004,1450.0,Natural
Northwest Territories,CR037-04,61.26,-107.11,2004,8337.42,Natural
Northwest Territories,CR038-04,61.31,-105.41,2004,200.0,Natural
Northwest Territories,CR047-04,60.75,-106.92,2004,354.17,Natural
British Columbia,2004-G90440,59.6705,-120.2147,2004,1600.0,Natural
Saskatchewan,04SE-BABICHE,58.9682,-103.66,2004,6893.9,Natural
Saskatchewan,04SR-OTHERSIDE,58.9787,-107.532,2004,6930.0,Natural
Saskatchewan,04SR-LUFFMAN,58.7885,-106.464,2004,9955.0,Natural
Saskatchewan,04SE-WILLIAM,58.7833,-103.399,2004,850.0,Natural
Saskatchewan,04SE-WALSH,58.9632,-103.343,2004,2600.0,Natural
Northwest Territories,ZF068-04,65.3,-117.6,2004,1500.0,Natural
Alberta,2004-WB-42,59.385,-113.1322,2004,2765.0,Natural
Alberta,HWF286,59.805167,-116.698333,2004,4259.0,Natural
Saskatchewan,04LA-JOHNSON,57.1385,-105.944,2004,2059.7,Natural
Northwest Territories,ZF062-04,64.5745,-115.4021,2004,4000.0,Natural
Northwest Territories,SM034-04,61.154,-112.2408,2004,93743.94,Natural
Northwest Territories,ZF059-04,63.0666,-118.2333,2004,226.0,Natural
Northwest Territories,FS015-04,60.3945,-119.876,2004,13236.0,Natural
Northwest Territories,SM033-04,60.6921,-112.1195,2004,36190.57,Natural
Saskatchewan,04PN-HIGHWAY 1,55.7643,-103.412,2004,4000.0,Natural
Saskatchewan,04LA-NATE,56.851,-106.335,2004,10365.0,Natural
Saskatchewan,04SE-KENNEDY,56.2395,-102.391,2004,600.0,Natural
Yukon,2004WL034,60.8288889,-130.7202778,2004,2677.0,Natural
Northwest Territories,CR020-04,61.542,-109.9465,2004,2449.76,Natural
Northwest Territories,CR021-04,61.5553,-109.6358,2004,8636.07,Natural
Northwest Territories,CR019-04,62.3225,-108.8021,2004,5683.84,Natural
Northwest Territories,CR022-04,62.2076,-110.5408,2004,5007.59,Natural
Northwest Territories,FS014-04,60.5838,-120.7281,2004,14627.0,Natural
British Columbia,2004-G90352,59.0468,-120.8157,2004,13325.0,Natural
Alberta,MWF182,59.174583,-110.6227,2004,34389.0,Natural
Alberta,MWF194,59.659086,-110.026821,2004,370.0,Natural
Alberta,HWF261,59.692,-116.926333,2004,346.2,Natural
Alberta,HWF296,59.789763,-119.21169,2004,107828.6,Natural
Alberta,HWF288,59.107044,-115.259662,2004,228.0,Natural
Alberta,MWF174,56.385667,-112.361833,2004,379.92,Natural
Saskatchewan,04SE-SIMPSON,57.6742,-103.584,2004,265.0,Natural
Saskatchewan,04LL-ROBBIE,56.8035,-109.676,2004,1000.0,Natural
Saskatchewan,04SE-SMITH,56.8005,-102.542,2004,630.0,Natural
Saskatchewan,04SE-PATTON,56.38,-102.174,2004,365.0,Natural
Saskatchewan,04SE-PELLANT,57.9785,-102.864,2004,1124.0,Natural
Saskatchewan,04SE-BERNARD,56.356,-102.138,2004,1535.0,Natural
Saskatchewan,04SE-JOHN,57.5383,-105.338,2004,7500.0,Natural
Saskatchewan,04SE-UNKNOWN,58.3733,-104.424,2004,305.0,Natural
Saskatchewan,04LA-HEWSTON,56.288,-105.541,2004,4776.0,Natural
Northwest Territories,CR018-04,61.1555,-108.4508,2004,350.0,Natural
Northwest Territories,CR024-04,60.3278,-105.891,2004,473.75,Natural
Northwest Territories,CR023-04,60.3056,-107.8125,2004,1150.84,Natural
Alberta,HWF268,59.730283,-116.630833,2004,1581.0,Natural
Alberta,HWF229,59.847904,-118.122683,2004,225.3,Natural
Alberta,HWF267,59.593568,-118.610155,2004,13468.8,Natural
Saskatchewan,04SR-BULYEA,59.5537,-107.285,2004,465.3,Natural
Saskatchewan,04LA-DRAPER,56.1368,-106.133,2004,1430.0,Natural
Saskatchewan,04LA-BESSE,56.6582,-105.173,2004,1580.0,Natural
Saskatchewan,04LA-GEORGE,56.1048,-106.166,2004,25626.0,Natural
Saskatchewan,04SE-BAY,56.9287,-103.166,2004,2296.4,Natural
Saskatchewan,04SE-HENDERSON,56.654,-103.813,2004,1410.0,Natural
Saskatchewan,04LA-HOBSON,56.7852,-106.168,2004,600.0,Natural
Manitoba,2004116078,54.1368499,-96.2655161,2004,245.0,Natural
Yukon,2004MA023,63.7161111,-132.5763889,2004,9000.34,Natural
Northwest Territories,HY009-04,60.35,-117.8,2004,2032.0,Natural
Northwest Territories,HY011-04,60.3666,-117.95,2004,7468.0,Natural
Northwest Territories,HY012-04,60.4833,-117.9666,2004,1477.0,Natural
Northwest Territories,HY013-04,60.3833,-117.9166,2004,304.0,Natural
Northwest Territories,FS013-04,60.5903,-121.672,2004,221.3,Natural
Northwest Territories,HY020-04,60.1333,-119.15,2004,58743.0,Natural
Alberta,2004-WB-34,59.3853,-114.6767,2004,600.0,Natural
British Columbia,2004-G90310,59.56,-122.7975,2004,3620.7,Natural
Alberta,HWF236,59.775632,-117.856372,2004,571.3,Natural
Alberta,HWF241,59.273759,-119.898332,2004,726.0,Natural
Alberta,HWF264,59.38326,-114.668977,2004,650.5,Natural
Alberta,HWF226,57.723,-114.708,2004,1057.0,Natural
Manitoba,2004115084,56.6196899,-101.49771,2004,471.6,Natural
Manitoba,2004115091,56.9516723,-101.4202197,2004,201.2,Natural
Manitoba,2004115093,57.0258016,-100.6590259,2004,1682.8,Natural
Yukon,2004BC014,62.5480556,-138.6816667,2004,1303.0,Natural
Manitoba,2004110144,57.55848,-95.0760013,2004,1413.6,Unknown
Manitoba,2004110141,57.3119698,-93.4447461,2004,677.1,Unknown
Manitoba,2004111142,56.335179,-90.1175068,2004,3451.3,Unknown
Manitoba,2004111068,56.1899208,-91.339916,2004,388.7,Natural
Manitoba,2004115057,56.6345311,-101.822605,2004,513.9,Natural
Manitoba,2004116066,54.13111,-96.1455241,2004,628.7,Natural
Northwest Territories,HY008-04,60.3333,-117.2333,2004,200.0,Natural
Northwest Territories,HY006-04,60.25,-117.1343,2004,260.0,Natural
Alberta,HWF218,59.956963,-119.7345,2004,7187.9,Natural
Saskatchewan,04SR-COLLEEN,59.873,-109.67,2004,21024.0,Natural
Saskatchewan,04SE-FIFE,58.4863,-103.189,2004,369.0,Natural
Saskatchewan,04LA-MCDONALD,56.254,-104.763,2004,8255.0,Natural
Saskatchewan,04SE-MCARTHUR,57.8833,-105.183,2004,337.0,Natural
Manitoba,2004115143,59.0587664,-101.9158368,2004,895.1,Unknown
Manitoba,2004114051,57.9776961,-99.4375529,2004,258.9,Natural
Yukon,2004BC012,62.8147222,-139.8719444,2004,1476.0,Natural
Northwest Territories,CR017-04,61.9456,-110.8796,2004,953.72,Natural
Northwest Territories,SM032-04,60.5346,-112.3975,2004,1126.71,Natural
Northwest Territories,FS010-04,60.4006,-120.379,2004,5788.0,Human
Alberta,MWF175,59.211033,-110.572417,2004,2600.0,Natural
Alberta,HWF208,59.877378,-116.549331,2004,1444.0,Natural
Alberta,HWF213,59.675367,-116.419983,2004,12617.2,Natural
Alberta,MWF077,58.215,-110.385,2004,7566.0,Natural
Saskatchewan,04LL-KEVIN,57.9672,-109.053,2004,10470.0,Natural
Saskatchewan,04LL-BRIAN,58.1338,-109.061,2004,200.0,Natural
Saskatchewan,04SR-MANN,59.3598,-106.193,2004,1520.5,Natural
Quebec,2004-211,53.11391,-78.48951,2004,997.0,Natural
Yukon,2004CA016,62.6463889,-134.8011111,2004,216.0,Natural
Northwest Territories,CR016-04,62.1915,-110.9983,2004,6977.53,Natural
Northwest Territories,CR015-04,61.415,-111.2536,2004,19996.0,Natural
Northwest Territories,SM028-04,61.6166,-111.6666,2004,4583.3,Natural
Northwest Territories,SM031-04,60.7231,-111.2158,2004,1536.26,Natural
Alberta,MWF047,59.702667,-110.803167,2004,600.0,Natural
Alberta,HWF200,58.736363,-115.078023,2004,790.0,Natural
Manitoba,2004115139,59.7999846,-101.7292627,2004,4852.6,Natural
Manitoba,2004115138,59.3294877,-100.1479682,2004,4625.8,Natural
Yukon,2004DA038,63.5261111,-140.0263889,2004,2598.0,Natural
Yukon,2004RR024,63.1202778,-130.8158333,2004,1552.0,Natural
Northwest Territories,CR011-04,61.8083,-110.7583,2004,7044.06,Natural
Northwest Territories,CR013-04,62.05,-110.7783,2004,1267.74,Natural
Northwest Territories,SM022-04,61.4393,-111.6518,2004,4211.6,Natural
Northwest Territories,SM023-04,61.1983,-111.2475,2004,4955.12,Natural
Northwest Territories,SM024-04,61.0391,-111.45,2004,2917.0,Natural
Alberta,2004-WB-16,59.4881,-113.8836,2004,2235.0,Natural
Northwest Territories,2004-WB-21,60.2858,-114.0881,2004,51970.0,Natural
Alberta,2004-WB-25,59.9614,-113.0542,2004,7000.0,Natural
Alberta,2004-WB-35,59.5867,-113.5214,2004,19600.0,Natural
Alberta,2004-WB-11,58.9728,-113.1511,2004,500.0,Natural
Alberta,2004-WB-12,58.7503,-112.9244,2004,788.0,Natural
Alberta,HWF188,58.242574,-114.421837,2004,298.8,Natural
Saskatchewan,04SR-DONNA,58.5017,-105.788,2004,1607.0,Natural
Manitoba,2004112140,54.6428911,-92.9909119,2004,653.8,Unknown
Quebec,2004-197,51.70354,-76.70356,2004,676.0,Natural
Northwest Territories,CR004-04,61.8841,-110.161,2004,7562.79,Natural
Northwest Territories,CR005-04,60.8591,-109.2503,2004,291.85,Natural
Northwest Territories,CR006-04,60.4236,-108.4125,2004,3929.73,Natural
Northwest Territories,CR007-04,60.5783,-107.9683,2004,306.27,Natural
Northwest Territories,CR008-04,61.5613,-107.8795,2004,9269.0,Natural
Saskatchewan,04SR-CKIR02,59.1727,-104.957,2004,756.0,Natural
Saskatchewan,04SR-READ,59.3798,-105.495,2004,3250.0,Natural
Northwest Territories,ZF033-04,63.8166,-114.75,2004,230.0,Natural
Northwest Territories,CR009-04,60.9525,-108.1226,2004,1476.82,Natural
Northwest Territories,CR002-04,61.0698,-110.2865,2004,11452.0,Natural
Northwest Territories,CR003-04,60.9133,-110.0601,2004,13332.0,Natural
Northwest Territories,SM004-04,61.361,-111.7405,2004,3715.0,Natural
Yukon,2004MA022,64.065,-133.8647222,2004,12998.0,Natural
Yukon,2004CA014,62.9666667,-135.1333333,2004,4859.0,Natural
Yukon,2004CA015,62.65,-134.7,2004,7510.0,Natural
Yukon,2004XY019,60.4125,-135.9363889,2004,2742.0,Natural
Yukon,2004OC015,66.6111111,-134.6472222,2004,4321.0,Natural
Yukon,2004OC016,66.5666667,-134.6444444,2004,361.0,Natural
Yukon,2004MA020,63.0175,-135.4444444,2004,504.0,Natural
British Columbia,2004-K10398,51.7353,-119.7393,2004,234.0,Natural
Yukon,2004RR022,62.7680556,-131.8025,2004,6041.0,Natural
Yukon,2004WL032,61.5497222,-129.8163889,2004,3613.0,Natural
Yukon,2004CA013,62.75,-135.695,2004,599.0,Natural
Yukon,2004RR019,62.0483333,-130.6072222,2004,12435.0,Natural
Yukon,2004RR020,62.1816667,-130.6730556,2004,342.0,Natural
Yukon,2004BC011,62.7877778,-139.6777778,2004,257.0,Natural
Yukon,2004WL029,60.0366667,-127.3791667,2004,19052.0,Natural
Yukon,2004BC009,62.6480556,-140.8438889,2004,354.0,Natural
Yukon,2004XY017,61.8594444,-134.0947222,2004,14531.0,Natural
Yukon,2004MA019,64.2830556,-133.6252778,2004,4728.0,Natural
Yukon,2004DA036,64.1744444,-137.3813889,2004,497.0,Natural
Saskatchewan,04LL-JOSEPHINE,56.7263,-109.614,2004,464.9,Natural
Saskatchewan,04SE-KEEFE,57.4745,-104.763,2004,22800.0,Natural
Saskatchewan,04SE-MICHAEL,57.8095,-104.173,2004,25037.5,Natural
Yukon,2004OC014,67.0469444,-137.4316667,2004,7448.0,Natural
Yukon,2004DA035,63.2097222,-138.7863889,2004,8612.0,Natural
Yukon,2004DA034,63.5666667,-140.1666667,2004,7983.0,Natural
Yukon,2004MA018,63.3833333,-132.0,2004,6254.0,Natural
Yukon,2004RR018,63.3833333,-131.9027778,2004,9558.0,Natural
Yukon,2004MA015,63.5647222,-133.9630556,2004,1499.0,Natural
Yukon,2004MA014,63.4402778,-133.8530556,2004,1925.0,Natural
Yukon,2004MA016,63.4066667,-133.3891667,2004,340.0,Natural
Yukon,2004MA017,63.2213889,-132.5988889,2004,21860.0,Natural
Yukon,2004BC007,62.8902778,-139.1819444,2004,4449.0,Natural
Yukon,2004RR017,61.8572222,-133.6661111,2004,5209.0,Natural
Yukon,2004DA031,64.885,-140.5002778,2004,36747.0,Natural
Yukon,2004DA027,63.7538889,-139.6138889,2004,992.0,Natural
Yukon,2004DA028,63.5833333,-139.5833333,2004,10158.0,Natural
Yukon,2004DA033,64.465,-140.1066667,2004,1060.0,Natural
Yukon,2004DA026,63.6188889,-139.9580556,2004,2207.0,Natural
Yukon,2004DA029,63.7830556,-140.4086111,2004,28353.0,Natural
Yukon,2004DA030,64.085,-138.4763889,2004,17383.0,Natural
Yukon,2004CA009,62.9161111,-135.3341667,2004,11424.0,Natural
Yukon,2004CA010,62.75,-134.75,2004,8803.0,Natural
Yukon,2004WL028,60.4152778,-125.6661111,2004,1429.0,Natural
Northwest Territories,ZF019-04,64.2333,-116.55,2004,8610.0,Natural
Northwest Territories,VQ008-04,64.7875,-126.0833,2004,594.0,Human
Yukon,2004OC013,67.1038889,-137.5122222,2004,5000.0,Natural
Yukon,2004OC020,66.38,-134.4516667,2004,15379.0,Natural
Yukon,2004MA013,63.1158333,-133.1272222,2004,220.0,Natural
Yukon,2004XY012,61.6166667,-134.35,2004,4593.0,Natural
Yukon,2004WL026,60.4763889,-128.4844444,2004,9963.0,Natural
Northwest Territories,ZF014-04,64.4,-116.8,2004,4944.0,Natural
Northwest Territories,ZF011-04,64.5,-117.4,2004,3056.0,Natural
Northwest Territories,FS005-04,62.6666,-124.0333,2004,7641.0,Natural
Northwest Territories,2004-NA-2,61.5458,-125.48,2004,1151.0,Natural
British Columbia,2004-G90273,58.6539,-127.6254,2004,255.1,Natural
Saskatchewan,04SE-MD01,57.3053,-105.679,2004,6500.0,Human
Yukon,2004DA022,63.2666667,-140.45,2004,1448.0,Natural
Yukon,2004DA025,63.2166667,-139.6166667,2004,4262.0,Natural
Yukon,2004RR011,62.6788889,-133.0447222,2004,20626.0,Natural
Yukon,2004WL020,61.2425,-128.2944444,2004,2282.0,Natural
Yukon,2004WL022,60.8752778,-127.0180556,2004,8375.0,Natural
Yukon,2004WL023,60.7813889,-126.8772222,2004,867.0,Natural
Northwest Territories,VQ007-04,64.168,-127.0193,2004,3093.5,Natural
Northwest Territories,JF011-04,61.3666,-125.2166,2004,755.6,Natural
Yukon,2004DA021,63.8819444,-139.4777778,2004,3816.0,Natural
Yukon,2004MA010,63.4355556,-134.4288889,2004,10113.0,Natural
Yukon,2004MA012,63.3916667,-134.6966667,2004,1110.0,Natural
Yukon,2004MA011,63.4127778,-134.5808333,2004,16095.0,Natural
Yukon,2004CA008,61.75,-135.4780556,2004,33119.0,Natural
Yukon,2004RR009,61.7905556,-131.5286111,2004,321.0,Natural
Yukon,2004WL019,60.3672222,-126.1061111,2004,21686.0,Natural
Yukon,2004TE003,60.9577778,-131.8663889,2004,338.0,Natural
Yukon,2004WL018,60.2569444,-126.7530556,2004,8098.0,Natural
British Columbia,2004-R90184,59.1916,-132.3666,2004,800.0,Natural
British Columbia,2004-R90198,58.0987,-128.0123,2004,1600.0,Natural
British Columbia,2004-C50265,51.8126,-125.3259,2004,8100.1,Natural
Yukon,2004MA005,65.6330556,-133.5,2004,6286.0,Natural
Yukon,2004MA007,65.9127778,-134.6352778,2004,35421.0,Natural
Yukon,2004MA006,64.9491667,-134.7136111,2004,4296.0,Natural
Yukon,2004DA019,63.5433333,-138.8891667,2004,13370.0,Natural
Yukon,2004MA009,63.0333333,-135.9277778,2004,47445.0,Natural
Yukon,2004WL017,61.1308333,-129.4019444,2004,31659.0,Natural
Northwest Territories,FS002-04,60.0745,-121.1778,2004,2194.0,Natural
British Columbia,2004-G90232,59.9487,-127.062,2004,32000.0,Natural
British Columbia,2004-K70172,50.278,-121.5313,2004,1493.0,Natural
British Columbia,2004-K70198,50.7342,-122.4167,2004,2414.0,Natural
Yukon,2004OC008,67.3575,-137.6194444,2004,25654.0,Natural
Yukon,2004OC009,67.4730556,-137.1722222,2004,3626.0,Natural
Yukon,2004OC010,66.3966667,-134.1447222,2004,2770.0,Natural
Yukon,2004OC011,66.0833333,-134.5666667,2004,24975.0,Natural
Yukon,2004OC007,66.7341667,-139.1863889,2004,16806.0,Natural
Yukon,2004OC006,66.1786111,-138.6552778,2004,112117.0,Natural
Yukon,2004DA016,63.7266667,-139.5930556,2004,3382.0,Natural
Yukon,2004DA017,63.3894444,-140.6227778,2004,12023.0,Natural
Yukon,2004RR008,61.5505556,-131.315,2004,736.0,Natural
Yukon,2004WL015,61.1333333,-130.45,2004,8163.0,Natural
British Columbia,2004-C10175,53.0692,-124.5789,2004,1510.0,Natural
British Columbia,2004-C10176,53.0527,-124.4582,2004,494.0,Natural
British Columbia,2004-G80200,58.1305,-120.5703,2004,800.0,Natural
British Columbia,2004-R90101,57.5738,-129.355,2004,6000.0,Natural
Yukon,2004DA012,63.4452778,-138.9891667,2004,23583.0,Natural
Yukon,2004DA013,63.4611111,-139.1169444,2004,6088.0,Natural
Yukon,2004DA015,63.1597222,-139.1116667,2004,25533.0,Natural
Yukon,2004DA014,64.3177778,-140.5219444,2004,10268.0,Natural
Yukon,2004MA004,63.9352778,-137.1327778,2004,5686.0,Natural
Yukon,2004CA004,62.2633333,-137.2966667,2004,15961.0,Natural
Yukon,2004CA006,62.5038889,-135.7547222,2004,6245.0,Natural
Yukon,2004RR006,62.7172222,-130.5883333,2004,2323.0,Natural
British Columbia,2004-G60180,56.9507,-126.1168,2004,210.4,Natural
British Columbia,2004-R90134,58.8333,-129.6872,2004,750.0,Natural
British Columbia,2004-R40163,56.2083,-127.7783,2004,274.7,Natural
British Columbia,2004-G40189,53.5528,-124.2176,2004,1821.0,Natural
British Columbia,2004-K20139,51.3936,-119.8168,2004,228.9,Natural
Yukon,2004DA010,63.8222222,-138.3752778,2004,28745.0,Natural
Yukon,2004WL007,60.95,-129.7166667,2004,8851.0,Natural
Yukon,2004WL008,61.1166667,-129.65,2004,214.0,Natural
Yukon,2004WL011,60.9730556,-129.7766667,2004,945.0,Natural
Yukon,2004WL010,60.6133333,-129.41,2004,13254.0,Natural
Northwest Territories,2004-NA-1,61.7232,-120.0475,2004,584.0,Natural
British Columbia,2004-R90086,59.8843,-131.4556,2004,29962.0,Natural
British Columbia,2004-R90106,59.7917,-130.8593,2004,9500.0,Natural
British Columbia,2004-C50149,52.9667,-126.2667,2004,2550.0,Natural
British Columbia,2004-VA0194,52.2251,-126.0258,2004,360.0,Natural
Yukon,2004DA009,63.6855556,-139.1977778,2004,34101.0,Natural
Yukon,2004WL001,60.72,-128.4836111,2004,10522.0,Natural
Yukon,2004WL004,60.6247222,-128.9022222,2004,9560.0,Natural
Yukon,2004WL003,60.5711111,-125.88,2004,12751.0,Natural
Northwest Territories,JF004-04,61.5333,-124.0166,2004,3552.2,Natural
Northwest Territories,JF009-04,61.8833,-125.5833,2004,2782.0,Natural
British Columbia,2004-R90189,57.75,-128.0833,2004,4066.0,Natural
British Columbia,2004-K70112,50.669,-122.0992,2004,954.0,Natural
British Columbia,2004-R90087,59.4403,-130.6338,2004,300.0,Natural
British Columbia,2004-R90097,59.5903,-130.6413,2004,8000.0,Natural
British Columbia,2004-R90045,58.068,-128.9083,2004,14000.0,Natural
British Columbia,2004-G60166,57.5902,-125.67,2004,730.1,Natural
British Columbia,2004-R50048,54.25,-128.7333,2004,300.0,Natural
British Columbia,2004-R20052,54.2625,-126.5,2004,500.0,Natural
British Columbia,2004-G40152,53.6362,-124.9158,2004,10300.0,Natural
British Columbia,2004-R10065,53.1,-126.6333,2004,1400.0,Natural
British Columbia,2004-R20139,53.9513,-127.4332,2004,330.0,Natural
British Columbia,2004-C50114,52.1277,-125.1375,2004,456.4,Natural
British Columbia,2004-C50125,52.2483,-125.7467,2004,22745.0,Natural
Yukon,2004RR005,63.6925,-131.9680556,2004,7417.0,Natural
Alberta,PWF050,57.066833,-118.3275,2004,359.0,Natural
Yukon,2004DA007,63.7327778,-140.8133333,2004,10447.0,Human
Yukon,2004CA002,62.965,-137.6144444,2004,29735.0,Natural
Northwest Territories,JF002-04,60.6978,-124.0195,2004,2198.0,Natural
British Columbia,2004-K70099,50.7392,-121.9383,2004,1514.0,Natural
British Columbia,2004-R90044,58.5492,-132.7828,2004,300.0,Human
British Columbia,2004-R90083,58.4932,-128.9245,2004,6000.0,Natural
Yukon,2004DA006,63.0852778,-139.5897222,2004,6905.0,Natural
Yukon,2004OC005,67.0055556,-138.9236111,2004,175969.0,Natural
Yukon,2004DA005,65.8586111,-140.675,2004,14697.0,Natural
Yukon,2004OC004,66.4211111,-140.7305556,2004,1324.0,Natural
Yukon,2004RR004,63.0102778,-130.1677778,2004,11572.0,Natural
Yukon,2004MA003,63.15,-132.15,2004,11423.0,Natural
Yukon,2004RR002,62.6575,-131.1491667,2004,4903.0,Natural
Yukon,2004RR003,62.5952778,-131.03,2004,5513.0,Natural
Northwest Territories,VQ005-04,64.4425,-125.6606,2004,1231.0,Human
Yukon,2004DA004,63.0433333,-139.7091667,2004,20849.0,Natural
Yukon,2004OC002,66.7558333,-137.8769444,2004,128717.0,Natural
Yukon,2004OC001,66.9972222,-140.4008333,2004,612.0,Natural
Yukon,2004OC003,66.4161111,-138.9905556,2004,17254.0,Natural
Yukon,2004RR001,62.9,-132.5666667,2004,31669.0,Natural
Yukon,2004BC005,62.3511111,-139.1013889,2004,12898.0,Natural
Alberta,2004-WB-6,58.6556,-111.5711,2004,6447.0,Natural
Yukon,2004BC002,62.1608333,-139.7305556,2004,10111.0,Natural
Yukon,2004BC003,62.15,-139.05,2004,98610.0,Natural
British Columbia,2004-R90182,58.5543,-128.7728,2004,2550.0,Natural
Alberta,2004-WB-3,59.8292,-113.9639,2004,90960.0,Natural
Alberta,2004-WB-4,59.6667,-113.0,2004,1600.0,Natural
Quebec,2004-119,51.97422,-75.84659,2004,440.0,Human
Yukon,2004BC001,62.5227778,-139.96,2004,27970.0,Natural
Yukon,2004XY001,61.9166667,-134.9333333,2004,1170.0,Human
Newfoundland and Labrador,2004-150,48.77,-55.63,2004,945.0,Human
Alberta,WWF019,54.610483,-115.519683,2004,998.0,Human
Newfoundland and Labrador,2004-125,49.62,-54.67,2004,200.0,Human
Alberta,2004-EI-1,53.6,-112.8333,2004,2432.0,Human
Manitoba,2004-RM-2,50.8167,-100.2833,2004,694.0,Human
Ontario,FOR1,48.8115,-94.5867,2004,1230.0,Human
Alberta,HWF007,58.841167,-118.836333,2004,696.0,Human
Alberta,HWF005,58.82,-118.739,2004,568.9,Human
Alberta,HWF006,58.852267,-118.780761,2004,306.5,Human
Yukon,2003OC012,66.032778,-134.308056,2003,377.0,Natural
Alberta,CWF144,49.0,-113.6464,2003,1707.5,Human
Saskatchewan,WOLSELEY,50.3495,-102.968,2003,259.0,Human
Newfoundland and Labrador,2003-182,49.7,-54.55,2003,200.0,Human
British Columbia,2003-N70923,50.2388,-116.8685,2003,505.0,Natural
Saskatchewan,OLD WIVES,50.2403,-106.103,2003,1150.0,Natural
British Columbia,2003-N50884,50.7075,-117.6295,2003,400.0,Natural
Alberta,CWF136,49.8361,-114.4881,2003,304.0,Unknown
Saskatchewan,CABLE II,57.252,-106.993,2003,2300.0,Human
British Columbia,2003-N70820,49.3097,-116.6587,2003,4836.0,Natural
British Columbia,2003-N50797,51.0798,-117.5658,2003,200.0,Natural
Saskatchewan,ARENA,49.2737,-109.076,2003,1600.0,Human
British Columbia,2003-K50661,49.2807,-119.5193,2003,3300.0,Human
Saskatchewan,FRIDAY,53.7367,-104.725,2003,1116.0,Natural
British Columbia,2003-N10748,49.8458,-115.036,2003,1500.0,Natural
Ontario,KEN110,49.852,-94.7875,2003,471.0,Unknown
Ontario,RED93,53.5867,-93.6117,2003,900.0,Natural
British Columbia,2003-K50628,49.7093,-119.6875,2003,25912.0,Natural
Saskatchewan,POWERLINE03,49.3767,-103.555,2003,530.0,Human
Ontario,NIP92,52.5531,-87.5678,2003,315.0,Natural
Ontario,RED91,53.7134,-93.4015,2003,650.0,Natural
British Columbia,2003-K20627,50.8598,-119.7778,2003,11395.0,Natural
British Columbia,2003-K20624,50.595,-121.335,2003,7636.0,Human
Quebec,2003-619,52.01529,-76.82895,2003,2738.0,Natural
Quebec,2003-620,52.06295,-77.96928,2003,2573.0,Natural
Quebec,2003-626,54.40438,-76.83179,2003,705.0,Natural
Quebec,2003-625,53.24761,-73.61106,2003,603.0,Natural
Quebec,2003-623,53.46163,-74.93505,2003,522.0,Natural
Quebec,2003-631,52.61841,-74.99556,2003,504.0,Natural
Alberta,2003-WB-17,59.2594,-113.0,2003,1100.0,Natural
Ontario,COC19,54.1659,-84.1585,2003,400.0,Natural
British Columbia,2003-K10612,52.1357,-119.001,2003,252.0,Natural
British Columbia,2003-N10689,49.1559,-114.7308,2003,5300.0,Natural
Saskatchewan,WEASEL2,53.9145,-103.133,2003,8693.0,Natural
Saskatchewan,LEAF,53.0852,-102.468,2003,10291.0,Natural
Quebec,2003-604,51.04497,-78.20566,2003,611.0,Natural
British Columbia,2003-GL-9,51.3417,-117.625,2003,500.0,Natural
British Columbia,2003-K30592,51.2923,-118.8316,2003,822.0,Natural
British Columbia,2003-N40719,52.1657,-118.1345,2003,356.0,Natural
British Columbia,2003-K40566,50.7212,-118.3028,2003,966.0,Natural
British Columbia,2003-K30551,50.9781,-118.8398,2003,234.2,Natural
British Columbia,2003-K30607,50.9543,-118.8778,2003,318.0,Natural
British Columbia,2003-N40770,51.85,-118.6667,2003,1195.0,Natural
British Columbia,2003-C20426,51.8863,-122.6515,2003,323.0,Natural
Quebec,2003-601,51.57105,-76.02256,2003,460.0,Natural
Ontario,SLK94,53.8894,-90.6795,2003,300.0,Natural
British Columbia,2003-K70611,50.1461,-121.6546,2003,561.0,Natural
British Columbia,2003-N40717,51.7288,-118.0683,2003,225.0,Natural
British Columbia,2003-N40741,51.4923,-118.615,2003,1073.0,Natural
British Columbia,2003-N40640,51.6818,-117.1351,2003,497.0,Natural
British Columbia,2003-N50617,49.9802,-118.0442,2003,6700.0,Natural
British Columbia,2003-RE-8,51.13,-118.0844,2003,450.0,Natural
British Columbia,2003-K30605,51.0658,-118.6152,2003,2133.0,Natural
British Columbia,2003-N10694,49.2139,-115.494,2003,4000.0,Natural
British Columbia,2003-K70620,50.1144,-121.675,2003,2525.0,Natural
British Columbia,2003-N40550,51.7766,-117.814,2003,592.0,Natural
Ontario,NIP81,52.4648,-87.4091,2003,550.0,Natural
British Columbia,2003-K30465,51.4996,-118.8575,2003,676.0,Natural
British Columbia,2003-K30464,51.4842,-118.922,2003,1150.0,Natural
British Columbia,2003-K40469,50.7883,-118.4683,2003,1645.0,Natural
British Columbia,2003-N70473,49.2078,-116.039,2003,210.0,Natural
British Columbia,2003-N70556,49.4471,-117.0712,2003,7916.0,Natural
British Columbia,2003-N70578,49.0255,-116.3083,2003,801.0,Natural
British Columbia,2003-K10477,52.3057,-119.6124,2003,328.3,Natural
British Columbia,2003-K10306,52.3774,-120.4266,2003,1384.0,Natural
British Columbia,2003-K20436,51.3723,-119.776,2003,3980.9,Natural
British Columbia,2003-K30333,51.0466,-118.7337,2003,1602.0,Natural
British Columbia,2003-K40390,50.6017,-118.2823,2003,445.0,Natural
British Columbia,2003-K40358,50.2513,-118.3878,2003,1462.0,Natural
British Columbia,2003-N40385,51.7885,-118.2145,2003,223.0,Natural
British Columbia,2003-N40396,51.5678,-118.6764,2003,680.0,Natural
British Columbia,2003-N40464,51.86,-118.053,2003,320.0,Natural
British Columbia,2003-N40570,51.9877,-118.7401,2003,700.0,Natural
British Columbia,2003-N40571,51.948,-118.7374,2003,702.0,Natural
British Columbia,2003-N40776,51.4874,-118.0147,2003,300.0,Natural
British Columbia,2003-N70474,50.6557,-117.0828,2003,1087.0,Natural
British Columbia,2003-N70475,50.5937,-117.0727,2003,728.0,Natural
British Columbia,2003-N70493,50.7417,-117.0497,2003,2009.0,Natural
British Columbia,2003-N70502,50.5657,-117.1152,2003,789.0,Natural
British Columbia,2003-N70700,50.5117,-117.1404,2003,3869.0,Natural
British Columbia,2003-C40305,51.2225,-120.5693,2003,1500.0,Natural
British Columbia,2003-N50395,50.4764,-117.7534,2003,1860.0,Natural
British Columbia,2003-N50451,49.9515,-117.8041,2003,530.0,Natural
British Columbia,2003-N50512,50.2107,-117.552,2003,200.0,Natural
British Columbia,2003-N70357,49.4428,-116.6428,2003,270.0,Natural
British Columbia,2003-N70454,49.2736,-116.2975,2003,686.0,Natural
British Columbia,2003-N10470,49.3022,-116.0295,2003,11882.0,Natural
British Columbia,2003-N10355,49.8471,-116.4684,2003,1006.0,Natural
Northwest Territories,SM013-03,61.121,-111.6565,2003,534.8,Natural
Quebec,2003-595,54.28238,-76.52942,2003,285.0,Natural
Saskatchewan,ANN2,57.188,-105.334,2003,246.0,Natural
Quebec,2003-589,52.0045,-70.98539,2003,3561.0,Natural
Quebec,2003-591,53.92026,-79.0192,2003,3022.0,Natural
Saskatchewan,MACFARLANE,58.4827,-108.017,2003,469.0,Natural
Saskatchewan,DAVIN,56.5177,-103.823,2003,268.0,Natural
Quebec,2003-584,54.03507,-78.48775,2003,9028.0,Natural
Quebec,2003-585,54.48142,-78.15119,2003,5908.0,Natural
Quebec,2003-587,53.18915,-75.15016,2003,987.0,Natural
Alberta,2003-WB-13,59.9431,-115.3003,2003,1980.0,Natural
Alberta,2003-WB-14,59.8069,-115.2597,2003,240.0,Natural
British Columbia,2003-K20298,50.7231,-120.3214,2003,5730.4,Human
British Columbia,2003-K40300,50.451,-119.4485,2003,1620.0,Human
Alberta,LWF076,55.799,-111.4343,2003,654.0,Natural
Alberta,EWF061,53.8718,-117.3268,2003,421.0,Natural
Alberta,CWF092,51.5755,-115.2562,2003,326.0,Natural
Saskatchewan,KAYLA,57.1693,-105.843,2003,550.0,Natural
Saskatchewan,MULLINS,58.133,-104.808,2003,5755.0,Natural
Saskatchewan,CATLEY,57.5915,-107.453,2003,13280.0,Natural
Saskatchewan,EAST3,57.2412,-108.567,2003,300.0,Natural
Saskatchewan,MCLEAN2,58.2843,-103.715,2003,980.0,Natural
Saskatchewan,CABLE I,57.2358,-106.996,2003,2200.0,Natural
Northwest Territories,CR017-03,60.0,-109.95,2003,900.0,Natural
British Columbia,2003-N20267,50.4377,-115.1755,2003,3500.0,Natural
British Columbia,2003-N20289,51.0228,-116.423,2003,1018.0,Natural
British Columbia,2003-N20321,50.3297,-115.2364,2003,9875.0,Natural
British Columbia,2003-N20658,50.5517,-115.2818,2003,209.0,Natural
Alberta,SWF136,57.2752,-113.3846,2003,3273.0,Natural
Alberta,LWF066,56.0533,-112.4778,2003,1270.0,Natural
Saskatchewan,SABINE,57.215,-109.878,2003,5000.0,Natural
Saskatchewan,MERVIN2,56.479,-108.218,2003,700.0,Natural
Saskatchewan,ARTHUR,56.7298,-108.235,2003,900.0,Natural
Northwest Territories,ZF027-03,64.9166,-117.3333,2003,5187.9,Natural
Northwest Territories,ZF025-03,63.1166,-109.3166,2003,1414.7,Natural
Northwest Territories,CR008-03,60.95,-109.75,2003,533.0,Natural
Northwest Territories,CR009-03,61.2145,-109.45,2003,4085.0,Natural
Northwest Territories,CR010-03,61.2166,-108.25,2003,5506.0,Natural
Northwest Territories,CR007-03,61.2028,-110.9776,2003,2086.0,Natural
Northwest Territories,SM011-03,61.1285,-111.1501,2003,1554.0,Natural
Northwest Territories,ZF029-03,64.8833,-119.7333,2003,411.9,Natural
Northwest Territories,HY016-03,60.0433,-118.8733,2003,1600.0,Natural
Alberta,2003-WB-9,59.5228,-113.8833,2003,585.0,Natural
Alberta,2003-WB-10,59.5022,-112.9939,2003,420.0,Natural
British Columbia,2003-K20272,51.0551,-120.217,2003,26345.0,Human
British Columbia,2003-N20269,50.7998,-115.759,2003,3543.0,Natural
Alberta,HWF113,59.2778,-114.8919,2003,29936.0,Natural
Alberta,HWF108,57.4398,-115.0034,2003,394.0,Natural
Northwest Territories,JF005-03,60.5666,-124.2333,2003,343.0,Natural
Northwest Territories,2003-WB-8,60.0581,-113.7105,2003,800.0,Natural
Alberta,2003-WB-7,59.5872,-113.0,2003,84790.0,Natural
Saskatchewan,JACK1,54.3982,-108.224,2003,1050.0,Natural
Alberta,2003-WB-6,59.4236,-113.3833,2003,3700.0,Natural
Alberta,2003-KO-4,51.2644,-116.0317,2003,7628.0,Natural
British Columbia,2003-KO-5,51.0117,-116.3,2003,9781.0,Natural
Saskatchewan,HILLYER,54.6803,-107.855,2003,8658.0,Natural
Saskatchewan,DAVY,58.945,-108.431,2003,3536.0,Natural
Saskatchewan,MIDDLE,57.6333,-106.417,2003,950.0,Natural
Saskatchewan,VANESSA,57.686,-104.365,2003,1094.0,Natural
Saskatchewan,JULU,55.9865,-104.332,2003,1200.0,Natural
Saskatchewan,BAILEE,57.2753,-106.127,2003,15600.0,Natural
Alberta,HWF094,59.4769,-119.0819,2003,7161.0,Natural
Alberta,HWF102,59.9858,-118.8387,2003,7062.5,Natural
Northwest Territories,VQ030-03,66.1605,-126.1558,2003,33102.0,Natural
British Columbia,2003-G90239,59.728,-120.7743,2003,32000.0,Natural
British Columbia,2003-K10244,52.2007,-119.1425,2003,1050.0,Human
Northwest Territories,ZF019-03,63.1333,-111.6333,2003,1257.1,Natural
Northwest Territories,CR003-03,61.1666,-107.7833,2003,2708.0,Natural
British Columbia,2003-N10223,49.622,-115.0796,2003,230.4,Human
British Columbia,2003-N40209,51.6535,-118.2807,2003,330.0,Human
Quebec,2003-540,53.54407,-74.19854,2003,281.0,Natural
Yukon,2003DA017,65.742222,-137.631111,2003,2102.0,Natural
Yukon,2003DA018,63.310278,-140.524167,2003,8020.0,Natural
Northwest Territories,CR002-03,62.3833,-110.15,2003,488.0,Natural
Northwest Territories,SM008-03,61.5338,-112.2803,2003,19257.0,Natural
Northwest Territories,VQ028-03,65.4086,-129.5666,2003,761.0,Natural
Alberta,CWF084,49.4203,-114.5013,2003,18966.16,Unknown
Quebec,2003-534,53.54856,-71.68945,2003,533.0,Natural
Quebec,2003-539,54.20804,-71.08671,2003,200.0,Natural
Quebec,2003-599,52.29946,-75.24412,2003,246.0,Natural
Yukon,2003OC007,66.070556,-135.328056,2003,1140.0,Natural
Yukon,2003DA015,65.674444,-138.053611,2003,642.0,Natural
Yukon,2003DA016,65.730278,-136.733333,2003,5090.0,Natural
Northwest Territories,VQ024-03,67.105,-124.9915,2003,635.0,Natural
Northwest Territories,VQ022-03,65.9408,-127.8885,2003,10388.0,Natural
Northwest Territories,ZF015-03,63.6666,-117.0833,2003,5956.6,Natural
British Columbia,2003-C50214,51.6436,-124.1169,2003,29201.7,Human
Northwest Territories,VQ019-03,67.0361,-130.0391,2003,464.0,Natural
Alberta,2003-JA-11,53.4267,-118.0,2003,700.0,Human
Yukon,2003DA013,63.120833,-138.728056,2003,3549.0,Natural
Yukon,2003DA014,63.719167,-140.026389,2003,6917.0,Natural
Northwest Territories,VQ016-03,65.724,-128.0803,2003,1423.0,Natural
Northwest Territories,VQ014-03,65.392,-127.077,2003,14583.0,Natural
Northwest Territories,VQ015-03,65.2718,-126.3396,2003,1696.0,Natural
Ontario,COC15,53.9113,-84.8915,2003,1250.0,Natural
Ontario,RED82,52.6983,-92.8742,2003,650.0,Natural
Saskatchewan,HARDING,53.8567,-104.453,2003,314.0,Natural
Yukon,2003BC001,62.505556,-139.803611,2003,298.0,Natural
Northwest Territories,FS015-03,60.2798,-121.9246,2003,1130.0,Natural
British Columbia,2003-K50195,49.0079,-119.3438,2003,1230.0,Human
Alberta,HWF086,58.2958,-118.1756,2003,273.0,Natural
Saskatchewan,SPRUCE2,53.9472,-105.563,2003,2077.0,Natural
British Columbia,2003-N70562,49.798,-117.1049,2003,1472.0,Natural
British Columbia,2003-N40198,51.0652,-117.818,2003,297.0,Natural
Saskatchewan,ROADS END,53.7798,-103.663,2003,327.0,Natural
Ontario,SLK80,52.0329,-91.5349,2003,900.0,Natural
Ontario,SLK4,53.9884,-91.9857,2003,700.0,Natural
Ontario,SLK71,53.9227,-91.698,2003,500.0,Natural
British Columbia,2003-C50199,52.0257,-124.3312,2003,1875.0,Natural
Quebec,2003-467,50.90348,-64.14955,2003,298.0,Natural
Ontario,COC14,51.9057,-81.5886,2003,750.0,Natural
British Columbia,2003-G40177,53.9677,-124.4837,2003,227.6,Natural
Yukon,2003OC006,66.198889,-134.573889,2003,6963.0,Natural
Yukon,2003OC005,66.980556,-134.816389,2003,1680.0,Natural
Yukon,2003OC003,66.762778,-136.596667,2003,7499.0,Natural
Ontario,COC7,55.4753,-86.7706,2003,2500.0,Natural
Northwest Territories,VQ010-03,67.0335,-130.0341,2003,240.0,Natural
Northwest Territories,EV015-03,68.3691,-130.4741,2003,2700.0,Natural
Quebec,2003-430,51.70354,-61.73839,2003,525.0,Natural
Quebec,2003-447,50.85492,-64.12393,2003,1064.0,Natural
Northwest Territories,EV006-03,68.4,-133.3833,2003,2000.0,Natural
Northwest Territories,EV004-03,67.5896,-134.35,2003,250.0,Natural
Northwest Territories,EV007-03,67.8418,-133.9325,2003,810.0,Natural
Northwest Territories,EV009-03,67.0,-134.7333,2003,1950.0,Natural
Northwest Territories,FS008-03,62.3186,-122.4798,2003,220.0,Natural
British Columbia,2003-G80160,57.6978,-120.6012,2003,200.0,Natural
Quebec,2003-380,51.02158,-75.14951,2003,418.0,Human
Quebec,2003-531,51.03327,-75.11661,2003,928.0,Human
Ontario,SLK70,53.6573,-90.7679,2003,3400.0,Natural
Ontario,THU66,50.8131,-89.7751,2003,250.0,Natural
Yukon,2003OC002,66.444722,-136.720833,2003,472.0,Natural
Ontario,NIP59,51.4026,-86.504,2003,700.0,Natural
Ontario,DRY57,49.1942,-91.2527,2003,896.0,Human
Ontario,WAW21,48.8869,-84.5786,2003,5783.0,Human
Ontario,NIP58,49.9001,-87.6335,2003,807.0,Natural
Quebec,2003-343,51.04676,-61.29328,2003,255.0,Natural
Quebec,2003-348,51.2554,-63.33476,2003,16711.0,Natural
Ontario,WAW23,49.5084,-85.7637,2003,746.0,Natural
Alberta,MWF018,57.1192,-111.6084,2003,477.0,Unknown
Saskatchewan,PASTURE,53.7443,-105.479,2003,21028.0,Natural
Saskatchewan,LUCY,56.7,-109.607,2003,800.0,Natural
Newfoundland and Labrador,2003-136,48.5,-54.33,2003,381.9,Human
Ontario,SLK58,51.4062,-91.7707,2003,32592.0,Natural
Ontario,SLK66,53.8542,-89.5496,2003,1013.5,Natural
Ontario,SLK51,52.2179,-92.0412,2003,9500.0,Natural
Ontario,RED62,52.9429,-94.302,2003,27091.0,Natural
Ontario,SLK55,52.2314,-89.892,2003,16000.0,Natural
Ontario,SLK57,51.5575,-91.0021,2003,31477.0,Natural
Ontario,SLK48,50.2388,-91.9412,2003,30387.0,Natural
Ontario,SLK1,54.4352,-90.1398,2003,1000.0,Natural
Yukon,2003DA004,62.9875,-138.510833,2003,271.0,Natural
Yukon,2003DA003,63.137222,-140.195556,2003,458.0,Natural
Ontario,NIP42,51.6349,-87.773,2003,220.0,Unknown
Ontario,RED54,53.7481,-93.6747,2003,34311.0,Natural
Ontario,WAW13,49.2431,-86.3062,2003,26441.0,Natural
Alberta,2003-JA-4,53.4267,-118.0,2003,1375.0,Human
Ontario,SLK44,53.2823,-89.0923,2003,82027.0,Natural
Quebec,2003-301,51.66757,-74.56593,2003,7134.0,Natural
Quebec,2003-302,51.86121,-74.47379,2003,12194.0,Natural
Quebec,2003-300,52.32734,-74.54802,2003,5661.0,Natural
Yukon,2003XY011,60.141111,-135.927778,2003,1878.0,Human
Yukon,2003XY009,60.1,-135.517778,2003,800.0,Human
Saskatchewan,FIR,59.179,-105.442,2003,428.0,Natural
Saskatchewan,DUROCHER,55.113,-107.885,2003,277.0,Human
Saskatchewan,JODY1,53.9748,-109.926,2003,2000.0,Natural
Saskatchewan,JACKPINE,56.791,-102.38,2003,975.0,Natural
Alberta,LWF026,54.8021,-110.583,2003,1310.0,Human
Ontario,NIP17,50.2481,-88.0168,2003,213.6000061,Human
British Columbia,2003-G90089,58.6542,-124.3258,2003,300.0,Human
Alberta,RWF049,53.1175,-115.296,2003,200.0,Unknown
Saskatchewan,RAWHIDE,54.0137,-105.642,2003,5480.0,Human
Alberta,2003-JA-3,53.16,-117.9339,2003,28123.0,Human
Quebec,2003-223,48.99581,-73.04907,2003,6538.0,Human
Quebec,2003-222,47.34862,-75.94823,2003,206.0,Human
Quebec,2003-216,46.78957,-73.1115,2003,384.0,Human
Nova Scotia,78W3A5,44.109651,-65.392116,2003,795.0,Human
Quebec,2003-LM-1,46.7861,-73.1194,2003,335.5,Human
British Columbia,2003-G90083,58.0333,-123.075,2003,800.0,Human
British Columbia,2003-G90084,58.0,-123.1817,2003,250.0,Human
British Columbia,2003-G90086,58.05,-123.2833,2003,200.0,Human
Saskatchewan,JOLENE,53.5,-103.617,2003,250.0,Human
Saskatchewan,MOTHER,53.953,-102.252,2003,384.0,Human
British Columbia,2003-G60033,56.1342,-124.8133,2003,298.0,Human
Ontario,FOR11,48.8208,-94.5598,2003,200.0,Human
Saskatchewan,SAULTEAUX1,53.1795,-108.371,2003,218.0,Human
Manitoba,2003-RM-1,50.7833,-100.525,2003,3200.0,Human
Alberta,2003-BA-1,51.1667,-115.4167,2003,5319.0,Human
Ontario,NIP2,50.1556,-87.1706,2002,450.0,Unknown
Ontario,NIP1,50.0654,-87.1751,2002,1000.0,Unknown
British Columbia,2002-K20348,50.6889,-120.5239,2002,258.0,Natural
Northwest Territories,CR018-02,61.4,-107.7666,2002,268.0,Natural
Northwest Territories,CR019-02,60.7166,-107.6833,2002,1104.0,Natural
Ontario,PEM9,45.907,-77.4818,2002,573.0,Human
Saskatchewan,ROBIN,59.8833,-105.15,2002,2408.0,Natural
Yukon,2002DA007,64.158333,-138.527222,2002,206.62,Natural
Northwest Territories,EV011-02,67.1276,-133.2815,2002,232.0,Natural
Quebec,2002-501,51.54856,-73.93492,2002,55133.0,Natural
Quebec,2002-488,51.59233,-71.42328,2002,551.0,Natural
Ontario,COC28,52.1763,-83.552,2002,561.0,Natural
Ontario,NIP81,51.1269,-88.2789,2002,350.0,Natural
Ontario,RED62,51.4126,-93.0934,2002,1647.0,Natural
Ontario,NIP85,48.6817,-88.1479,2002,375.0,Natural
Ontario,RED1,54.2258,-92.6088,2002,3100.0,Natural
Saskatchewan,2002-PA-9,54.2167,-106.5444,2002,2830.0,Natural
Ontario,SLK6,54.3599,-91.4226,2002,200.0,Natural
Ontario,RED60,51.8082,-93.1522,2002,531.0,Natural
Ontario,RED59,52.0591,-92.5259,2002,2112.0,Natural
Ontario,RED66,53.777,-92.9468,2002,1229.0,Natural
Ontario,RED55,51.2713,-94.8993,2002,462.0,Natural
Ontario,RED40,53.3964,-92.7127,2002,532.0,Natural
Ontario,RED57,53.4205,-94.1962,2002,10500.0,Natural
Ontario,RED65,53.3901,-93.2932,2002,695.0,Natural
Ontario,COC41,51.277,-83.5075,2002,500.0,Natural
Ontario,NIP83,53.661,-87.118,2002,350.0,Natural
Ontario,RED23,52.7781,-93.5114,2002,4536.0,Natural
Ontario,RED21,52.653,-93.303,2002,3923.0,Natural
Ontario,RED27,52.8856,-93.6018,2002,4536.100098,Natural
Ontario,NIP79,53.1991,-86.2141,2002,300.0,Natural
Ontario,RED34,53.0497,-93.9413,2002,3070.100098,Natural
Ontario,RED47,51.4445,-93.9856,2002,7269.0,Natural
Saskatchewan,HEAD1,56.7455,-107.772,2002,230.0,Natural
Saskatchewan,BEAR2,56.2723,-108.939,2002,1040.0,Natural
Saskatchewan,RIVER02,58.7367,-105.875,2002,10036.0,Natural
Northwest Territories,CR016-02,61.0,-110.0,2002,2842.0,Natural
Ontario,NIP75,49.0833,-86.9383,2002,10994.0,Natural
Ontario,COC27,52.7316,-82.666,2002,250.0,Natural
Ontario,RED39,53.4756,-93.7021,2002,8914.0,Natural
Ontario,SLK54,53.8401,-91.5486,2002,4400.0,Natural
Ontario,RED56,53.0806,-94.0076,2002,312.0,Natural
Saskatchewan,JACK1,57.583,-109.598,2002,1400.0,Natural
Ontario,NIP61,51.6486,-85.7353,2002,360.0,Natural
Alberta,SWF290,56.5952,-113.1679,2002,277.4,Natural
Alberta,LWF119,56.2063,-112.711,2002,350.0,Human
Saskatchewan,CLARKE,54.4757,-106.813,2002,396.0,Human
Saskatchewan,DEVIN,58.6582,-108.623,2002,1000.0,Natural
Quebec,2002-399,52.0045,-69.31288,2002,3303.0,Natural
Saskatchewan,CESAR,58.6532,-108.703,2002,995.0,Natural
Quebec,2002-450,51.54587,-78.4624,2002,748.0,Natural
Northwest Territories,CR012-02,61.2026,-104.04,2002,750.0,Natural
Northwest Territories,CR009-02,60.4055,-107.9481,2002,9153.0,Natural
Northwest Territories,CR010-02,60.0441,-105.2583,2002,1000.0,Natural
Northwest Territories,CR011-02,61.0126,-105.0855,2002,750.0,Natural
Ontario,NIP56,52.0956,-86.6861,2002,2350.0,Natural
Quebec,2002-423,52.55396,-76.643,2002,296.0,Human
Quebec,2002-439,52.15348,-77.86097,2002,318.0,Natural
Quebec,2002-438,51.61481,-71.62322,2002,26127.0,Natural
Quebec,2002-434,51.45534,-70.80735,2002,2000.0,Natural
Quebec,2002-467,51.48412,-70.79723,2002,1597.0,Natural
Quebec,2002-475,52.15078,-75.18404,2002,15045.0,Natural
Quebec,2002-476,52.18465,-74.7236,2002,2618.0,Natural
Yukon,2002MA003,63.583889,-137.663611,2002,2400.56,Natural
Yukon,2002TE003,60.607222,-133.75,2002,507.77,Natural
Ontario,NIP55,53.3802,-87.3141,2002,600.0,Natural
Ontario,COC10,55.6419,-89.7726,2002,600.0,Natural
Ontario,COC33,53.8343,-84.6217,2002,500.0,Natural
Saskatchewan,JEN,59.6922,-105.818,2002,9005.0,Natural
Saskatchewan,HUDSON,57.1565,-107.398,2002,1200.0,Natural
Saskatchewan,AMY1,59.55,-106.333,2002,4241.0,Human
Quebec,2002-510,51.85582,-69.71651,2002,638.0,Natural
Ontario,NIP51,51.3037,-86.5051,2002,26000.0,Natural
British Columbia,2002-K70109,50.7108,-122.2455,2002,1420.0,Human
Quebec,2002-394,50.39089,-71.03255,2002,612.0,Natural
Ontario,NIP48,53.8153,-88.9365,2002,200.0,Natural
Ontario,SLK31,53.5256,-90.0808,2002,6000.0,Natural
Ontario,SLK30,53.6164,-90.9969,2002,10000.0,Natural
Quebec,2002-409,52.0009,-69.31873,2002,2198.0,Natural
Quebec,2002-378,50.72602,-71.59847,2002,290.0,Natural
Quebec,2002-379,50.70893,-71.63684,2002,2655.0,Natural
Quebec,2002-449,51.43915,-71.31025,2002,3250.0,Natural
Quebec,2002-377,53.29676,-74.8956,2002,4702.0,Natural
Quebec,2002-391,53.54856,-75.54398,2002,376.0,Natural
Quebec,2002-392,53.54946,-74.7743,2002,234.0,Natural
Quebec,2002-455,53.10761,-75.01442,2002,17266.0,Natural
Quebec,2002-456,53.36031,-74.20479,2002,11562.0,Natural
Quebec,2002-333,51.83513,-69.78676,2002,597.0,Natural
Quebec,2002-367,51.8774,-69.67862,2002,6216.0,Natural
Quebec,2002-407,52.46253,-68.60467,2002,3461.0,Natural
Quebec,2002-300,52.08513,-77.21488,2002,3201.0,Natural
Quebec,2002-305,51.83963,-76.90793,2002,17779.0,Natural
Quebec,2002-306,51.82195,-76.30423,2002,110696.0,Natural
Quebec,2002-322,51.78417,-77.35706,2002,10794.0,Natural
Quebec,2002-349,52.26439,-75.89609,2002,3663.0,Natural
Quebec,2002-350,52.23861,-76.25844,2002,14311.0,Natural
Quebec,2002-352,52.56025,-77.39448,2002,5182.0,Natural
Quebec,2002-357,51.18196,-77.89084,2002,657.0,Natural
Quebec,2002-360,51.23681,-77.53019,2002,4995.0,Natural
Quebec,2002-364,51.59323,-77.71236,2002,320.0,Natural
Quebec,2002-365,51.58963,-77.66522,2002,52238.0,Natural
Quebec,2002-466,51.59053,-72.15943,2002,77537.0,Natural
Quebec,2002-347,50.94185,-74.03623,2002,469.0,Natural
Quebec,2002-444,51.46613,-75.21391,2002,11058.0,Natural
Quebec,2002-324,50.98771,-72.36952,2002,11951.0,Natural
Quebec,2002-325,51.36031,-72.22264,2002,92541.0,Natural
Quebec,2002-327,51.20893,-72.13939,2002,438.0,Natural
Quebec,2002-329,51.18106,-72.13367,2002,370.0,Natural
Quebec,2002-348,51.05126,-72.61803,2002,1575.0,Natural
Quebec,2002-437,51.6283,-71.55436,2002,5411.0,Natural
Quebec,2002-386,50.94814,-70.17149,2002,1958.0,Natural
Quebec,2002-387,51.24221,-70.17674,2002,2379.0,Natural
Quebec,2002-422,51.28867,-70.05889,2002,712.0,Natural
Quebec,2002-299,50.74311,-77.96447,2002,1249.0,Natural
Quebec,2002-338,52.81475,-75.88691,2002,115918.0,Natural
Quebec,2002-341,52.80576,-75.86311,2002,241.0,Natural
Northwest Territories,CR007-02,61.1058,-108.8575,2002,4081.0,Natural
Quebec,2002-296,51.23142,-68.68106,2002,1830.0,Natural
Quebec,2002-397,52.54407,-66.98373,2002,1797.0,Natural
Quebec,2002-398,52.46433,-68.09139,2002,20931.0,Natural
Quebec,2002-401,52.48322,-67.96013,2002,4710.0,Natural
Quebec,2002-402,52.41067,-69.31122,2002,22825.0,Natural
Quebec,2002-403,52.28058,-67.05099,2002,1803.0,Natural
Quebec,2002-285,50.90438,-73.88672,2002,376.0,Natural
Quebec,2002-302,50.91936,-74.06479,2002,1479.0,Natural
Quebec,2002-256,51.09592,-71.57474,2002,72658.0,Natural
Quebec,2002-261,50.85582,-71.67307,2002,1367.0,Natural
Quebec,2002-287,51.56385,-71.35591,2002,23300.0,Natural
Quebec,2002-288,51.26619,-71.45832,2002,757.0,Natural
Quebec,2002-295,50.68555,-68.42193,2002,590.0,Natural
Quebec,2002-289,49.70534,-70.47219,2002,4498.0,Natural
Quebec,2002-298,50.32464,-71.57066,2002,546.0,Natural
Quebec,2002-278,53.72153,-78.63627,2002,2275.0,Human
Ontario,COC9,50.1442,-81.3288,2002,243.0,Natural
Ontario,NIP38,50.8519,-86.1405,2002,600.0,Natural
Ontario,NIP32,53.3783,-87.8748,2002,2600.0,Natural
Quebec,2002-249,53.77968,-78.57877,2002,3117.0,Natural
Quebec,2002-435,54.1211,-70.56799,2002,5128.0,Natural
Quebec,2002-248,53.36391,-78.1852,2002,322.0,Natural
Quebec,2002-250,53.34053,-78.07881,2002,48877.0,Natural
Quebec,2002-269,53.47332,-78.82427,2002,1672.0,Natural
Ontario,SLK25,53.9736,-91.4372,2002,27500.0,Natural
Ontario,SLK17,51.4688,-90.1852,2002,589.0,Human
Saskatchewan,MCTAVISH,55.942,-105.419,2002,270.0,Natural
Saskatchewan,ALLAN2,55.9478,-105.32,2002,790.0,Natural
Quebec,2002-242,51.02698,-73.92708,2002,2364.0,Human
Quebec,2002-262,54.23322,-73.81641,2002,474.0,Natural
Quebec,2002-264,54.3729,-74.22375,2002,3053.0,Natural
Quebec,2002-265,54.60042,-74.64493,2002,781.0,Natural
Quebec,2002-419,54.57284,-77.6496,2002,1717.0,Natural
Quebec,2002-253,53.46883,-73.5229,2002,15732.0,Natural
Quebec,2002-263,54.38459,-73.73301,2002,334.0,Natural
Quebec,2002-517,53.33333,-73.6501,2002,1711.0,Natural
Quebec,2002-245,53.8774,-72.46034,2002,28053.0,Natural
Quebec,2002-293,54.15528,-76.03419,2002,4306.0,Natural
Northwest Territories,CR006-02,60.5166,-108.2666,2002,1518.0,Natural
Saskatchewan,CARIBOU,59.912,-105.464,2002,10367.0,Natural
Saskatchewan,POPCORN,59.8333,-105.667,2002,206.0,Natural
Saskatchewan,SAM,53.2083,-106.138,2002,600.0,Natural
Saskatchewan,RIOU,59.4167,-104.883,2002,372.0,Natural
Saskatchewan,TIME,59.5333,-104.717,2002,3164.0,Natural
Saskatchewan,WASKWEI,53.5707,-101.792,2002,399.0,Natural
Saskatchewan,HOME,59.3167,-106.6,2002,203.0,Natural
Saskatchewan,PINE1,58.8833,-106.7,2002,615.0,Natural
Saskatchewan,DAN,59.6983,-105.919,2002,790.0,Natural
Saskatchewan,CUP,59.7415,-105.823,2002,575.0,Natural
Saskatchewan,CHITEK,53.7322,-107.635,2002,11650.0,Natural
Saskatchewan,CRUTWELL,53.211,-106.054,2002,8445.0,Natural
Saskatchewan,LULU,59.6642,-106.994,2002,474.0,Natural
Saskatchewan,PEACOCK,54.4063,-102.909,2002,1500.0,Natural
Yukon,2002MA001,63.073611,-137.536944,2002,9138.48,Natural
Northwest Territories,CR004-02,60.4833,-108.2833,2002,861.0,Natural
Ontario,SLK21,53.9011,-90.3744,2002,335.0,Natural
Alberta,SWF273,57.057,-113.9155,2002,213.8,Natural
Saskatchewan,MILO,54.0102,-107.549,2002,16400.0,Natural
Saskatchewan,CHEESMAN,57.0432,-102.096,2002,950.0,Natural
Ontario,SLK5,54.3462,-89.8231,2002,400.0,Natural
Ontario,SLK4,54.1445,-89.595,2002,400.0,Natural
Alberta,PWF042,57.5719,-117.8705,2002,4838.6,Natural
Alberta,LWF108,55.3501,-112.3386,2002,1597.6,Natural
Alberta,SWF271,57.057,-113.7545,2002,608.7,Natural
Alberta,SWF257,56.5771,-113.2677,2002,3300.5,Natural
Alberta,SWF262,56.9189,-113.996,2002,1043.5,Natural
Saskatchewan,MERVIN,55.9833,-109.383,2002,13000.0,Natural
Saskatchewan,LOVEL,55.092,-103.312,2002,22000.0,Natural
Saskatchewan,HOOK,56.0745,-104.346,2002,22455.0,Natural
Saskatchewan,LINDA,57.885,-106.155,2002,39000.0,Natural
Saskatchewan,AMY2,57.8367,-106.32,2002,200.0,Natural
Northwest Territories,JF003-02,61.1333,-126.1666,2002,1100.0,Natural
Ontario,COC17,51.352,-83.8075,2002,1966.0,Natural
Ontario,COC15,51.4177,-83.5296,2002,749.0,Natural
Ontario,SLK1,54.2245,-91.3817,2002,2600.0,Natural
Alberta,SWF241,56.9781,-114.8225,2002,8834.2,Natural
Alberta,SWF252,56.7177,-113.637,2002,713.8,Natural
Alberta,LWF104,56.0904,-110.9882,2002,2742.9,Natural
Saskatchewan,HAWES,55.8468,-107.975,2002,22000.0,Natural
Saskatchewan,ZOLTON,56.7708,-102.007,2002,1530.0,Natural
Saskatchewan,SIMPKINS,56.7983,-103.201,2002,600.0,Natural
Alberta,2002-WB-14,58.5798,-111.8758,2002,3780.0,Natural
Ontario,RED5,53.4475,-92.79,2002,14654.0,Natural
Alberta,SWF237,56.7525,-115.1508,2002,4223.2,Natural
Alberta,PWF037,56.7811,-116.5886,2002,10506.2,Natural
Alberta,MWF059,57.2143,-111.169,2002,320.2,Natural
Alberta,MWF063,57.3116,-111.2983,2002,7162.6,Natural
Alberta,MWF067,57.3695,-110.5898,2002,3405.2,Natural
Saskatchewan,MEADOW1,56.2945,-108.794,2002,75428.0,Natural
Alberta,PWF030,57.8317,-119.9036,2002,4149.3,Natural
Alberta,SWF217,55.7618,-115.5245,2002,288.9,Natural
Alberta,EWF060,53.6866,-119.4252,2002,1797.0,Natural
Saskatchewan,WILMA,57.3048,-103.73,2002,12800.0,Natural
Saskatchewan,WEBB,57.4728,-104.308,2002,14500.0,Natural
Saskatchewan,LOBB,55.3392,-103.255,2002,57848.0,Natural
Saskatchewan,CHARCOAL,58.7842,-102.455,2002,365.0,Natural
Saskatchewan,ALEXANDER,57.175,-104.666,2002,2350.0,Natural
Saskatchewan,SHEPPARD,57.1087,-102.898,2002,12800.0,Natural
Saskatchewan,HAULTAIN1,56.7437,-106.609,2002,46800.0,Natural
Saskatchewan,IRA,57.6977,-105.473,2002,48100.0,Natural
Saskatchewan,OLIVER1,56.8918,-103.4,2002,277.0,Natural
Saskatchewan,HIGHROCK1,57.0457,-105.448,2002,775.0,Natural
Saskatchewan,BRIAN4,56.724,-103.705,2002,12344.0,Natural
Quebec,2002-211,50.8738,-69.7692,2002,341.0,Human
Quebec,2002-217,52.35222,-67.86513,2002,22204.0,Natural
Ontario,SLK11,53.8286,-89.8489,2002,258.0,Unknown
Ontario,SLK12,53.7744,-90.3368,2002,550.0,Human
British Columbia,2002-G60201,57.4167,-126.15,2002,1923.0,Natural
British Columbia,2002-G40158,53.3667,-124.4833,2002,250.0,Natural
Alberta,SWF134,56.4826,-115.0349,2002,219.1,Natural
Yukon,2002WL013,61.551667,-128.286944,2002,16510.39,Natural
Yukon,2002WL014,60.883611,-128.968333,2002,6509.75,Natural
British Columbia,2002-R90079,59.537,-128.8931,2002,900.0,Natural
British Columbia,2002-G60155,56.7366,-125.4583,2002,200.0,Natural
Yukon,2002WL008,61.411667,-129.791667,2002,779.82,Natural
Saskatchewan,DOBBIN,56.7333,-104.864,2002,151126.0,Natural
Saskatchewan,NAGLE,56.2237,-105.143,2002,71000.0,Natural
Northwest Territories,FS006-02,63.6333,-123.7666,2002,2770.0,Natural
Alberta,HWF063,57.7672,-114.5507,2002,3954.3,Natural
Alberta,MWF042,59.5847,-111.2093,2002,127453.4,Natural
Alberta,HWF062,58.551,-114.0986,2002,6670.0,Human
Alberta,RWF012,52.7051,-115.4875,2002,1328.9,Natural
Saskatchewan,HAULTAIN3,56.7657,-106.687,2002,225.0,Natural
Saskatchewan,BOBBY,56.5882,-109.619,2002,1100.0,Natural
Alberta,SWF108,55.7556,-115.2752,2002,1130.9,Natural
Alberta,SWF092,57.3714,-115.7726,2002,56690.1,Natural
Ontario,NIP16,48.4924,-88.4982,2002,2200.0,Natural
Saskatchewan,DORE,54.8492,-107.06,2002,12000.0,Natural
Ontario,DRY10,49.9917,-92.993,2002,1113.199951,Natural
Saskatchewan,JAMES,53.6207,-108.695,2002,300.0,Human
Saskatchewan,TOBIN I,53.656,-103.859,2002,19648.0,Natural
Saskatchewan,CLAM,54.7417,-104.732,2002,497.0,Natural
Saskatchewan,REG,54.2305,-108.224,2002,1914.0,Natural
Saskatchewan,TIMBER3,54.1833,-109.467,2002,26498.0,Human
Saskatchewan,RESERVE1,52.4667,-102.65,2002,290.0,Human
Saskatchewan,TIMBER2,54.1537,-109.527,2002,26498.0,Natural
British Columbia,2002-G90073,58.8504,-125.0352,2002,200.0,Human
Saskatchewan,SANDY02,53.0753,-106.908,2002,671.0,Human
Ontario,THU16,49.5981,-89.4009,2002,625.0,Natural
Saskatchewan,SANDY01,53.3542,-106.952,2002,1588.0,Human
Saskatchewan,COTTAGE,49.75,-102.25,2002,1100.0,Human
Saskatchewan,BORDER,54.0263,-109.996,2002,36135.0,Human
Saskatchewan,JAMES SMITH07,53.1073,-104.863,2002,200.0,Human
Saskatchewan,ARCHER1,52.4862,-103.934,2002,1000.0,Human
Saskatchewan,LITTLE PINE,52.9663,-109.086,2002,5000.0,Human
Saskatchewan,DALMANY,52.2667,-106.883,2002,360.0,Human
Saskatchewan,PICKEREL,54.0,-105.688,2002,493.0,Human
Saskatchewan,GRADUATION,52.1688,-102.651,2002,440.0,Human
Saskatchewan,CREEK2,54.254,-108.472,2002,380.0,Human
Saskatchewan,WEST2,53.6077,-107.045,2002,300.0,Human
Saskatchewan,RIVER03,53.2,-109.233,2002,3000.0,Human
Saskatchewan,KELLY2,54.4217,-109.628,2002,250.0,Human
Saskatchewan,LOON2,54.2667,-109.167,2002,4519.0,Human
Saskatchewan,BILL1,54.1712,-109.122,2002,822.0,Human
Saskatchewan,TIMBER1,54.1972,-109.571,2002,8043.0,Human
Manitoba,2002-RM-5,50.7161,-99.6056,2002,200.0,Human
Alberta,LWF031,55.4687,-111.7723,2002,238866.8,Human
Saskatchewan,SAULTEAUX,53.1333,-108.317,2002,1200.0,Human
Saskatchewan,HUSKY,53.55,-105.95,2002,275.0,Human
Saskatchewan,SMOKEY1,53.337,-103.041,2002,278.0,Human
Alberta,SWF023,55.3411,-115.6743,2002,692.4,Human
Saskatchewan,SHELLBROOK1,53.2105,-106.365,2002,256.0,Human
Saskatchewan,MUDIE,54.1565,-109.757,2002,200.0,Human
Manitoba,2002-RM-1,50.8083,-100.3708,2002,1200.0,Human
Saskatchewan,KEG,53.235,-107.067,2001,873.0,Human
Alberta,SWF234,55.6544,-115.4894,2001,348.2,Natural
Alberta,RWF085,51.6692,-115.5579,2001,9213.8,Human
Saskatchewan,2001-GR-4,49.1167,-107.3333,2001,259.0,Natural
British Columbia,2001-BA-19,51.0,-118.0,2001,1000.0,Human
Saskatchewan,2001-GR-3,49.3333,-107.5833,2001,1000.0,Natural
British Columbia,2001-N20476,50.1891,-115.4967,2001,2092.0,Natural
British Columbia,2001-N20479,50.2517,-115.4333,2001,517.0,Natural
Saskatchewan,BERSTON,57.8333,-102.083,2001,735.0,Natural
Saskatchewan,DAVY,58.7542,-108.088,2001,8323.7,Natural
Northwest Territories,JF004-01,61.9055,-126.9875,2001,5500.0,Natural
Northwest Territories,JF003-01,60.9833,-126.8833,2001,2840.0,Natural
Northwest Territories,2001-NA-1,61.5433,-126.6525,2001,5500.0,Natural
British Columbia,2001-N50413,50.687,-117.551,2001,501.0,Natural
British Columbia,2001-K60256,49.3001,-120.5763,2001,2450.0,Human
Saskatchewan,DEBBIE,57.2863,-106.939,2001,1375.0,Natural
Quebec,2001-618,50.19095,-61.60065,2001,550.0,Human
British Columbia,2001-N10464,49.4352,-114.905,2001,343.0,Natural
Ontario,COC12,54.4466,-87.0616,2001,2750.0,Natural
Ontario,COC14,55.3153,-87.8508,2001,300.0,Natural
Northwest Territories,CR012-01,60.3833,-107.95,2001,1500.0,Natural
Northwest Territories,CR013-01,60.7,-107.75,2001,20000.0,Natural
Northwest Territories,VQ014-01,66.8553,-131.4673,2001,4000.0,Natural
Ontario,NIP73,53.4227,-87.9404,2001,2250.0,Natural
Ontario,NIP72,53.7968,-88.3132,2001,381.7000122,Natural
Ontario,SLK50,52.9571,-92.3227,2001,430.0,Natural
Saskatchewan,DENTON,58.1333,-103.417,2001,1050.0,Natural
Yukon,2001MA009,65.936667,-134.476667,2001,470.91,Natural
Quebec,2001-546,51.48591,-78.28856,2001,19137.0,Natural
Ontario,SLK3,54.0175,-91.3593,2001,271.7000122,Natural
British Columbia,2001-N70427,50.0906,-116.713,2001,240.0,Natural
Saskatchewan,VERMILLION,57.3123,-102.845,2001,215.0,Natural
British Columbia,2001-N40194,51.815,-117.7133,2001,412.0,Human
British Columbia,2001-KO-12,50.9753,-115.9833,2001,3820.1,Natural
Alberta,2001-WB-14,58.6222,-111.5247,2001,298.0,Natural
Saskatchewan,TO BIG,57.8,-102.8,2001,3660.0,Natural
Saskatchewan,WHIGHAM,58.7883,-104.261,2001,353.0,Natural
Saskatchewan,STRIKE,53.1075,-101.953,2001,380.0,Natural
Saskatchewan,BLADON,57.3228,-102.649,2001,525.0,Natural
Northwest Territories,CR010-01,60.2333,-108.9666,2001,20000.0,Natural
Northwest Territories,CR011-01,60.9166,-108.2166,2001,5000.0,Natural
Alberta,2001-WB-10,59.5683,-111.6214,2001,3868.0,Natural
Alberta,2001-WB-11,58.6186,-111.6353,2001,321.0,Natural
Northwest Territories,FS015-01,60.1338,-120.9516,2001,425.0,Natural
British Columbia,2001-N20157,50.1317,-115.5433,2001,300.0,Natural
Northwest Territories,CR009-01,61.0875,-108.5396,2001,2500.0,Natural
Northwest Territories,VQ007-01,64.3086,-125.2538,2001,13000.0,Natural
Saskatchewan,SELWYN,60.05,-104.267,2001,5000.0,Natural
Quebec,2001-503,50.47062,-79.44489,2001,6202.0,Natural
Alberta,2001-WB-6,59.4883,-113.7125,2001,656.0,Natural
British Columbia,2001-N40186,52.0213,-117.6933,2001,725.0,Natural
Northwest Territories,CR003-01,60.142,-108.834,2001,800.0,Natural
Northwest Territories,CR005-01,60.902,-107.7748,2001,14000.0,Natural
Northwest Territories,CR006-01,60.7166,-104.65,2001,2000.0,Natural
Northwest Territories,CR007-01,60.65,-104.0666,2001,6500.0,Natural
Northwest Territories,CR008-01,60.0666,-104.15,2001,8000.0,Natural
Northwest Territories,CR004-01,60.19,-106.5596,2001,3000.0,Natural
Saskatchewan,MORTON,57.416,-102.686,2001,300.0,Natural
Alberta,2001-WB-4,59.9589,-114.5714,2001,4760.0,Natural
Saskatchewan,HOURSTON,57.3583,-102.6,2001,1700.0,Natural
Saskatchewan,NUKWAKUN,58.4063,-107.883,2001,700.0,Natural
Saskatchewan,STICKER,57.3373,-102.485,2001,1350.0,Natural
Saskatchewan,CHILD,55.1935,-102.896,2001,410.0,Human
Saskatchewan,DAUTREMONT,58.3712,-106.94,2001,13600.0,Natural
Yukon,2001DA005,63.621111,-139.263333,2001,14498.83,Natural
Quebec,2001-475,51.47422,-78.31312,2001,927.0,Natural
Saskatchewan,ZENGLE,57.945,-102.233,2001,21900.0,Natural
Yukon,2001WL002,61.708611,-129.536389,2001,1603.08,Natural
Saskatchewan,MIS,59.1222,-103.698,2001,242.0,Human
Yukon,2001RR003,62.678333,-132.954444,2001,329.34,Natural
Saskatchewan,TROY,58.5723,-102.278,2001,1495.0,Natural
Saskatchewan,BRAD,58.8562,-102.875,2001,9800.0,Natural
Saskatchewan,CREE,57.9033,-105.898,2001,2000.0,Natural
Northwest Territories,FS002-01,62.456,-123.6033,2001,1350.0,Natural
Saskatchewan,OLSON,56.9333,-102.033,2001,6500.0,Natural
Saskatchewan,USAM,58.529,-102.94,2001,700.0,Natural
Northwest Territories,CR002-01,60.05,-106.9166,2001,300.0,Natural
Saskatchewan,MELNICK,58.7602,-102.235,2001,7760.0,Natural
Saskatchewan,MACKENZIE1,57.8025,-102.672,2001,36660.0,Natural
Saskatchewan,WOOD,55.284,-103.424,2001,250.0,Natural
Saskatchewan,MACKENZIE3,57.7375,-102.698,2001,395.0,Natural
Quebec,2001-405,49.72422,-78.49722,2001,256.4,Natural
Ontario,COC17,56.4269,-89.4159,2001,250.0,Natural
Ontario,COC13,51.8729,-81.8134,2001,625.0,Natural
Ontario,COC4,55.6552,-87.0715,2001,700.0,Natural
Ontario,COC15,50.122,-81.1678,2001,220.0,Natural
Ontario,NIP40,52.293,-87.4325,2001,225.0,Natural
Ontario,NIP22,51.2147,-86.8783,2001,300.0,Natural
Saskatchewan,COCHRANE3,58.5333,-103.067,2001,1700.0,Natural
Saskatchewan,NORDBYE,59.1072,-103.539,2001,4756.5,Natural
Saskatchewan,COCHRANE2,58.5183,-103.117,2001,300.0,Natural
Saskatchewan,HILL,58.8333,-103.133,2001,950.0,Natural
Saskatchewan,JOHN1,57.6833,-104.283,2001,26300.0,Natural
Ontario,NIP52,52.5084,-87.523,2001,200.0,Natural
Alberta,SWF113,56.5297,-113.051,2001,340.0,Natural
Alberta,LWF073,54.9339,-114.0454,2001,11520.0,Human
Alberta,LWF069,54.5922,-114.1586,2001,272.0,Human
Alberta,RWF047,52.5804,-116.0689,2001,408.9,Natural
British Columbia,2001-KO-8,50.975,-115.85,2001,311.3,Human
Alberta,SWF087,57.0065,-114.7991,2001,2049.1,Natural
Alberta,SWF086,56.199,-114.1259,2001,362.9,Natural
Alberta,SWF090,56.2252,-114.5718,2001,9682.0,Natural
Alberta,HWF020,58.7792,-118.8875,2001,8000.0,Human
Quebec,2001-346,51.64089,-76.33188,2001,4177.0,Human
Alberta,LWF063,54.8267,-114.1948,2001,104534.3,Human
Alberta,2001-BA-3,50.8486,-115.3333,2001,1082.0,Human
Ontario,COC6,52.9463,-83.3634,2001,1700.0,Natural
Alberta,GWF016,54.5632,-118.5561,2001,207.5,Human
Ontario,COC5,52.1104,-81.9126,2001,551.0,Human
Alberta,HWF015,58.2639,-116.2808,2001,200.0,Human
Alberta,LWF051,55.6524,-110.6624,2001,944.9,Natural
Alberta,LWF058,55.8353,-110.7553,2001,227.2,Natural
Alberta,SWF051,56.5131,-115.9292,2001,607.6,Human
Alberta,SWF050,55.9517,-115.8477,2001,1270.0,Natural
Saskatchewan,FRISCO,55.1208,-109.696,2001,551.0,Natural
Alberta,2001-BA-2,51.4167,-115.6667,2001,425.0,Human
Manitoba,2001-RM-4,50.88,-100.7,2001,450.0,Human
Saskatchewan,BILLY5,54.0878,-108.258,2001,300.0,Human
Quebec,2001-256,52.16757,-78.46041,2001,339.7,Human
Alberta,HWF012,58.8614,-118.8981,2001,604.2,Human
Saskatchewan,RAVEN I,53.5568,-103.299,2001,11000.0,Human
Saskatchewan,RODERICK,53.7588,-107.54,2001,376.6,Human
Saskatchewan,ARROW,52.8302,-106.123,2001,2400.0,Human
Alberta,LWF026,55.9881,-110.638,2001,650.0,Human
Saskatchewan,DUNDURN,51.8833,-106.733,2001,20000.0,Human
Ontario,PEM3,45.9103,-77.3272,2001,200.0,Human
Alberta,LWF023,54.7785,-111.8826,2001,250.0,Human
Saskatchewan,SHOAL,53.4938,-102.618,2001,211.25,Human
Saskatchewan,BEARDY,52.8485,-106.335,2001,200.0,Human
Alberta,P01021,49.4614,-114.4543,2000,1900.0,Natural
Alberta,2000-KO-16,51.9658,-117.0011,2000,200.0,Natural
Saskatchewan,2000-GR-2,49.05,-107.5,2000,600.0,Natural
British Columbia,2000-N10656,49.2333,-115.95,2000,357.0,Natural
British Columbia,2000-N10802,49.315,-115.6083,2000,370.0,Natural
Quebec,2000-409,53.3828,-78.09882,2000,257.0,Natural
Saskatchewan,ESKER,59.5833,-102.1563,2000,214.0,Natural
Saskatchewan,LAUREN2,58.724,-102.1979,2000,1280.0,Natural
Ontario,COC6,56.1192,-89.292,2000,550.0,Natural
Alberta,W03117,59.7516,-118.6006,2000,239.0,Natural
Northwest Territories,CR025-00,60.8666,-107.1166,2000,200.0,Natural
Northwest Territories,CR028-00,61.9166,-107.4333,2000,463.0,Natural
British Columbia,2000-K60217,49.7196,-120.9128,2000,413.0,Natural
Northwest Territories,ZF081-00,64.75,-116.0833,2000,2800.0,Natural
Northwest Territories,ZF082-00,65.2666,-117.45,2000,4200.0,Natural
Northwest Territories,CR019-00,62.5,-108.6333,2000,3880.0,Natural
Northwest Territories,CR018-00,61.6333,-109.2,2000,2697.0,Natural
Ontario,COC4,55.1211,-88.7797,2000,500.0,Natural
Saskatchewan,MACFARLANE,58.6875,-107.7813,2000,3262.0,Human
Northwest Territories,VQ045-00,65.95,-117.9333,2000,1500.0,Natural
British Columbia,2000-C50174,52.0333,-125.5502,2000,680.0,Natural
Northwest Territories,VQ046-00,65.6333,-117.9666,2000,6500.0,Natural
Northwest Territories,VQ047-00,65.6208,-117.9083,2000,1000.0,Natural
Northwest Territories,CR017-00,62.0833,-110.2666,2000,2500.0,Natural
Quebec,2000-368,55.23142,-77.72477,2000,263.0,Human
Quebec,2000-389,52.29497,-69.31422,2000,1201.0,Natural
Northwest Territories,2000-WB-40,60.5023,-113.427,2000,1381.0,Natural
Northwest Territories,ZF069-00,63.2333,-114.9166,2000,2000.0,Natural
Northwest Territories,VQ041-00,64.7833,-123.2,2000,3500.0,Natural
Northwest Territories,SM030-00,60.6,-113.6,2000,3040.0,Natural
Quebec,2000-386,53.23771,-68.12459,2000,1500.0,Natural
Alberta,2000-WB-37,59.5422,-113.7711,2000,280.0,Natural
Northwest Territories,ZF058-00,63.0666,-112.8333,2000,1350.0,Natural
Northwest Territories,ZF059-00,63.5666,-113.6,2000,500.0,Natural
Northwest Territories,ZF064-00,63.4666,-114.3833,2000,6500.0,Natural
Northwest Territories,ZF065-00,63.4333,-114.7166,2000,2200.0,Natural
Northwest Territories,ZF060-00,63.9166,-114.3333,2000,550.0,Natural
Northwest Territories,CR015-00,61.6181,-110.9805,2000,1000.0,Natural
Northwest Territories,CR016-00,61.65,-111.0463,2000,7693.0,Natural
Ontario,RED14,52.3174,-94.3643,2000,2858.0,Natural
Alberta,E01061,59.7409,-111.0907,2000,1002.6,Natural
Quebec,2000-325,51.31835,-62.45108,2000,247.0,Natural
Northwest Territories,2000-WB-34,60.3617,-113.7713,2000,1204.0,Natural
Ontario,RED12,52.2832,-93.9997,2000,221.0,Natural
Ontario,NIP19,53.2266,-86.0353,2000,750.0,Natural
British Columbia,2000-K50239,49.1642,-120.2525,2000,311.0,Natural
Saskatchewan,DUNLOP,57.474,-107.0521,2000,39850.0,Natural
Saskatchewan,ELMER,57.3698,-109.8438,2000,350.0,Natural
Northwest Territories,CR012-00,60.4833,-107.1333,2000,900.0,Natural
Northwest Territories,CR013-00,60.0833,-107.4666,2000,1972.0,Natural
Northwest Territories,VQ025-00,64.6666,-120.8666,2000,2600.0,Natural
Northwest Territories,VQ029-00,65.25,-120.8833,2000,200.0,Natural
Northwest Territories,VQ026-00,64.7166,-119.4333,2000,1850.0,Natural
Northwest Territories,ZF048-00,62.4,-119.75,2000,900.0,Natural
Quebec,2000-307,54.51349,-66.72676,2000,1389.0,Natural
Quebec,2000-387,53.88639,-67.79061,2000,450.0,Natural
Quebec,2000-312,52.88729,-68.38686,2000,14833.0,Natural
Quebec,2000-363,53.09412,-67.5414,2000,1846.0,Natural
Quebec,2000-311,53.46433,-69.13796,2000,1661.0,Natural
Alberta,2000-JA-8,52.9833,-118.15,2000,1050.0,Natural
Saskatchewan,BOX,59.9115,-106.0833,2000,1712.0,Natural
Northwest Territories,ZF043-00,64.6166,-115.7333,2000,15500.0,Natural
Northwest Territories,ZF044-00,65.2833,-116.0833,2000,8000.0,Natural
Northwest Territories,ZF045-00,65.2,-118.1,2000,5800.0,Natural
Northwest Territories,ZF039-00,63.35,-114.5833,2000,3400.0,Natural
Northwest Territories,VQ024-00,64.1673,-123.0506,2000,260.0,Natural
Northwest Territories,ZF042-00,64.1833,-118.2,2000,3800.0,Natural
Northwest Territories,ZF041-00,63.5666,-118.4833,2000,300.0,Natural
Northwest Territories,SM016-00,60.75,-114.75,2000,250.0,Natural
Quebec,2000-267,53.97153,-78.91361,2000,638.0,Natural
Northwest Territories,CR010-00,60.0666,-109.0,2000,9249.0,Natural
Northwest Territories,CR009-00,60.0166,-109.4188,2000,5725.0,Natural
Quebec,2000-263,53.69814,-73.44076,2000,12993.0,Natural
Quebec,2000-306,53.47512,-73.65458,2000,610.0,Natural
Saskatchewan,MEL,59.9687,-109.4375,2000,10727.0,Natural
Saskatchewan,PENNER,58.8802,-104.1354,2000,333.0,Natural
Saskatchewan,ORKNEY,59.8073,-106.4479,2000,3654.0,Human
Alberta,2000-WB-18,59.816,-114.0723,2000,558.0,Natural
Northwest Territories,2000-WB-17,60.4532,-113.7972,2000,778.0,Natural
Saskatchewan,TEA,59.849,-107.8333,2000,19154.0,Natural
Northwest Territories,ZF028-00,64.9666,-116.75,2000,7500.0,Natural
Northwest Territories,ZF025-00,63.65,-112.7833,2000,250.0,Natural
Northwest Territories,ZF029-00,64.7166,-118.4333,2000,6800.0,Natural
Northwest Territories,ZF030-00,64.2666,-117.8166,2000,15600.0,Natural
Saskatchewan,KEVIN1,59.4323,-107.8646,2000,43701.0,Natural
Saskatchewan,RANGE,55.1198,-109.5521,2000,750.0,Natural
Saskatchewan,CLUT,59.5156,-106.1146,2000,1836.0,Natural
Saskatchewan,COMPULSION,57.8802,-103.2813,2000,550.0,Natural
Saskatchewan,TAZIN,59.6615,-108.5417,2000,3602.0,Natural
Saskatchewan,SOUTH,58.5365,-105.0833,2000,2007.0,Natural
Alberta,W03044,59.4803,-117.2603,2000,1581.0,Natural
Alberta,W03043,59.8516,-117.5244,2000,2146.8,Natural
Northwest Territories,ZF018-00,63.75,-118.7333,2000,650.0,Natural
Northwest Territories,2000-WB-8,60.0039,-113.6382,2000,407.0,Natural
British Columbia,2000-G90145,59.9617,-121.3608,2000,1000.0,Natural
Northwest Territories,CR007-00,62.0831,-109.8891,2000,20040.0,Natural
Northwest Territories,ZF016-00,63.5166,-118.8333,2000,200.0,Natural
Alberta,2000-WB-4,58.6603,-112.59,2000,428.0,Natural
Northwest Territories,FS004-00,62.1015,-120.1923,2000,5450.0,Natural
Yukon,2000MA002,63.54,-133.535,2000,5668.15,Natural
Saskatchewan,CLUFF,58.4323,-108.5521,2000,283.56,Natural
Northwest Territories,CR003-00,60.5173,-108.4003,2000,2683.0,Natural
Saskatchewan,BAY1,59.3073,-106.2813,2000,2037.74,Natural
Ontario,COC13,52.7101,-83.1611,2000,425.0,Natural
Yukon,2000OC005,67.435855,-137.926298,2000,235.42,Natural
Yukon,2000BC001,62.233333,-139.933333,2000,326.64,Natural
Yukon,2000OC004,66.230556,-137.45,2000,333.36,Natural
Northwest Territories,VQ002-00,63.5833,-125.95,2000,1800.0,Natural
Yukon,2000OC003,67.266667,-136.883333,2000,439.15,Natural
Yukon,2000OC001,66.15,-138.766667,2000,483.76,Natural
Alberta,W02007,56.7453,-118.1548,2000,935.0,Natural
Alberta,E04039,55.9011,-113.0342,2000,663.2,Natural
British Columbia,2000-R90032,57.65,-128.15,2000,9000.0,Human
British Columbia,2000-G80118,56.64,-120.23,2000,1477.6,Natural
Alberta,2000-BA-2,50.9774,-115.4183,2000,650.0,Human
Saskatchewan,BEAVER1,53.1615,-104.8229,2000,2119.0,Human
Alberta,W02006,56.5417,-119.9498,2000,505.0,Human
Alberta,2000-EI-6,53.5831,-112.8667,2000,1100.0,Human
Saskatchewan,STICK,54.0469,-109.6563,2000,250.0,Human
Saskatchewan,FARWAY,53.5833,-109.7917,2000,300.0,Human
Alberta,W07021,55.2466,-115.3536,2000,235.1,Human
Alberta,W07022,55.2829,-115.4691,2000,1214.0,Human
Ontario,FOR5,48.8065,-94.6206,2000,300.0,Human
Alberta,2000-EI-5,53.5,-112.9167,2000,1900.0,Human
Alberta,W07016,55.3921,-115.7639,2000,207.8,Human
Alberta,E02021,54.4673,-111.3089,2000,356.0,Human
Alberta,W03002,58.0536,-115.6093,2000,1026.9,Human
Manitoba,2000-RM-1,50.7667,-100.2667,2000,1535.0,Human
Alberta,W07114,55.4084,-115.3441,1999,485.6,Human
British Columbia,1999-G70348,55.6333,-121.3667,1999,217.0,Human
Alberta,W01020,55.9161,-119.2457,1999,333.2,Human
Alberta,W07094,54.8831,-114.9989,1999,1463.0,Natural
Alberta,JA5,52.4493,-116.9232,1999,250.0,Human
British Columbia,1999-G90312,59.9833,-124.0,1999,260.0,Human
British Columbia,BA8,51.0803,-115.8525,1999,350.0,Human
Ontario,COC24,54.5953,-86.0094,1999,550.0,Natural
Northwest Territories,CR030-99,60.0,-109.0,1999,3000.0,Natural
Northwest Territories,CR031-99,60.0,-107.0,1999,6000.0,Natural
Quebec,1999-950,48.10489,-78.3775,1999,339.0,Human
Ontario,SLK82,53.85,-89.0142,1999,700.0,Natural
Ontario,SLK80,53.6634,-89.3837,1999,1000.0,Natural
Ontario,COC23,55.2464,-88.4785,1999,250.0,Natural
Ontario,COC29,53.3457,-83.3133,1999,200.0,Natural
Saskatchewan,BILL,56.0365,-105.5313,1999,200.0,Natural
Ontario,COC30,53.4274,-82.7308,1999,500.0,Natural
Ontario,COC32,52.2478,-84.6417,1999,300.0,Natural
Ontario,COC27,52.2496,-83.6954,1999,1300.0,Natural
Manitoba,NE-107-275-99,54.256,-93.577,1999,278.6,Natural
Ontario,NIP97,49.849,-85.6438,1999,1044.0,Human
Manitoba,NW-204-073-99,54.067,-99.717,1999,381.8,Human
Manitoba,NW-205-077-99,53.25,-99.6,1999,1200.6,Natural
Manitoba,NE--252-99,56.967,-101.717,1999,881.9,Natural
Manitoba,NE-106-284-99,55.433,-93.25,1999,406.4,Natural
Ontario,RED58,51.3123,-92.4046,1999,5278.0,Human
Manitoba,NW-202-070-99,55.3,-100.9,1999,7715.0,Natural
Ontario,RED62,52.5171,-95.1443,1999,9190.0,Natural
Manitoba,EA-502-123-99,52.517,-95.217,1999,1642.4,Natural
Manitoba,EA-502-133-99,52.55,-95.783,1999,10983.0,Natural
Saskatchewan,PIKE,58.9115,-104.3021,1999,646.4,Natural
Saskatchewan,PRIMEAU,55.8802,-107.3021,1999,1500.0,Natural
Quebec,1999-776,51.64449,-71.40072,1999,204.9,Human
Alberta,W02044,56.4915,-117.6282,1999,208.0,Human
Saskatchewan,ORPHAN,56.4844,-106.4688,1999,400.0,Natural
Manitoba,NE-106-269-99,55.225,-93.75,1999,619.4,Natural
Northwest Territories,CR028-99,62.2425,-109.9433,1999,1500.0,Natural
Northwest Territories,CR026-99,61.7796,-110.616,1999,200.0,Natural
Northwest Territories,CR027-99,61.6343,-111.0485,1999,1200.0,Natural
Northwest Territories,SM014-99,61.7278,-111.5928,1999,1500.0,Natural
Northwest Territories,CR024-99,61.987,-110.465,1999,400.0,Natural
Northwest Territories,CR025-99,61.9685,-110.3521,1999,400.0,Natural
Northwest Territories,SM013-99,60.7573,-112.8013,1999,3943.0,Natural
Ontario,COC25,52.715,-83.1392,1999,300.0,Natural
Northwest Territories,ZF039-99,65.6666,-118.0,1999,450.0,Natural
Northwest Territories,ZF027-99,62.7666,-116.1166,1999,1300.0,Natural
Ontario,SLK1,54.3704,-91.5453,1999,250.0,Natural
Ontario,SLK2,54.2244,-92.3021,1999,500.0,Natural
Ontario,COC26,51.3654,-82.9248,1999,500.0,Natural
Yukon,1999DA043,63.665833,-140.349444,1999,687.01,Natural
Yukon,1999MA015,63.492222,-133.381667,1999,881.57,Natural
Yukon,1999MA016,63.557222,-133.016111,1999,621.08,Natural
Northwest Territories,SM006-99,61.7666,-112.0833,1999,5000.0,Natural
Northwest Territories,EV019-99,66.9333,-134.1166,1999,1662.0,Natural
British Columbia,1999-R90110,59.5667,-128.1717,1999,300.0,Natural
Yukon,1999DA032,63.495,-139.216389,1999,432.61,Natural
Yukon,1999TE002,60.534722,-133.782222,1999,4572.71,Natural
Yukon,1999TE007,60.896253,-132.601881,1999,1268.34,Natural
Yukon,1999TE004,60.568889,-133.566667,1999,1473.0,Natural
British Columbia,1999-R90076,58.75,-132.1333,1999,200.0,Natural
British Columbia,1999-R90067,58.7667,-131.9833,1999,1366.0,Natural
Yukon,1999WL013,60.679444,-126.346111,1999,805.95,Natural
Yukon,1999WL010,60.223697,-126.101017,1999,1322.07,Natural
Northwest Territories,HY009-99,60.0183,-117.7873,1999,550.0,Natural
British Columbia,1999-R90057,59.7268,-131.835,1999,200.0,Natural
British Columbia,1999-R90060,58.6503,-130.801,1999,800.0,Natural
Northwest Territories,CR020-99,60.85,-108.05,1999,13000.0,Natural
Northwest Territories,CR019-99,61.674,-110.1666,1999,7000.0,Natural
Saskatchewan,MOUSE2,59.901,-109.0313,1999,16558.0,Natural
British Columbia,1999-R90039,59.212,-133.949,1999,460.0,Human
Alberta,E02121,55.9445,-110.0114,1999,200.0,Natural
Alberta,W07057,55.68,-115.2717,1999,530.0,Natural
Saskatchewan,ALADIN,59.2865,-107.5313,1999,5355.0,Natural
Saskatchewan,PYETTE,57.4115,-103.6771,1999,319.0,Natural
Manitoba,NE-103-198-99,55.8,-94.417,1999,774.1,Natural
Alberta,E02112,54.6904,-110.3004,1999,891.0,Natural
Saskatchewan,GRUMPY,58.3906,-106.9271,1999,252.98,Natural
Manitoba,NE-102-173-99,56.7,-99.417,1999,2271.4,Natural
Newfoundland and Labrador,1999-214,49.2,-55.45,1999,390.0,Human
Alberta,E02117,55.1516,-110.0496,1999,844.0,Natural
Alberta,E03067,55.0783,-113.0233,1999,2951.2,Natural
Saskatchewan,DARCY,56.6615,-109.4688,1999,29112.0,Natural
Alberta,E03064,55.8934,-112.9476,1999,228.0,Natural
Alberta,E02099,56.3226,-110.2089,1999,3261.2,Natural
Alberta,E02107,55.5239,-111.7581,1999,10349.3,Natural
Alberta,E02089,55.5335,-111.4797,1999,1000.0,Natural
Alberta,E02091,55.2841,-111.8579,1999,8321.1,Natural
Alberta,E02109,55.2244,-111.1396,1999,3215.0,Natural
Alberta,E02111,55.2093,-111.5013,1999,2046.8,Natural
Alberta,E02114,55.0425,-111.2772,1999,6600.0,Natural
Saskatchewan,LANCE,55.7031,-109.1771,1999,2047.0,Natural
Saskatchewan,CHARLES,55.8177,-109.0521,1999,6856.0,Natural
Saskatchewan,GRETZKY,56.3698,-109.8438,1999,2286.0,Natural
Northwest Territories,ZF018-99,63.25,-118.8833,1999,1000.0,Natural
British Columbia,1999-G60120,56.9372,-125.7832,1999,420.0,Human
British Columbia,1999-R10036,53.1928,-126.2589,1999,1600.0,Natural
Yukon,1999WL002,61.037994,-130.005358,1999,8350.54,Natural
Northwest Territories,CR015-99,61.4211,-109.693,1999,10000.0,Natural
Northwest Territories,CR016-99,61.4356,-109.9813,1999,10000.0,Natural
Northwest Territories,CR014-99,61.7571,-108.1093,1999,400.0,Natural
Northwest Territories,EV014-99,66.6666,-133.6666,1999,7573.0,Natural
Northwest Territories,CR011-99,61.1735,-109.5811,1999,33000.0,Natural
Northwest Territories,CR013-99,61.0055,-107.911,1999,27500.0,Natural
Saskatchewan,DASCHUK,58.8385,-102.1354,1999,1900.0,Natural
Alberta,E04100,55.799,-113.3878,1999,451.9,Natural
Saskatchewan,PAINTAN,58.3542,-102.2813,1999,1600.0,Natural
Saskatchewan,BANNOCK,58.7552,-102.6667,1999,250.0,Natural
Saskatchewan,SIXTY,59.9427,-107.2188,1999,16791.1,Natural
Saskatchewan,HANNAH,59.1615,-103.4896,1999,9671.0,Natural
Alberta,E04083,57.2098,-113.4525,1999,7061.0,Natural
Alberta,E02066,56.2535,-110.5316,1999,523.4,Natural
Saskatchewan,WHISKEY,59.849,-108.6146,1999,36226.0,Natural
Saskatchewan,SHAY,56.2552,-109.7083,1999,2500.0,Natural
Manitoba,NE-103-154-99,57.05,-94.833,1999,3278.4,Natural
Yukon,1999MA013,64.058889,-132.339444,1999,361.0,Natural
Saskatchewan,HENLEY,56.9115,-107.6354,1999,480.0,Natural
Alberta,E04081,56.8223,-113.8048,1999,2640.0,Natural
Yukon,1999MA009,64.983333,-135.083333,1999,445.36,Natural
Yukon,1999MA010,65.0,-134.866667,1999,1550.65,Natural
Ontario,COC14,56.2054,-89.8938,1999,2000.0,Natural
Ontario,COC13,56.2472,-89.1705,1999,4500.0,Natural
Saskatchewan,BEAR1,58.2448,-107.8021,1999,1754.0,Natural
Alberta,W06028,56.8389,-116.7588,1999,580.0,Natural
Quebec,1999-640,51.79047,-58.88032,1999,3000.0,Natural
Quebec,1999-566,50.93285,-64.11672,1999,550.0,Natural
Newfoundland and Labrador,1999-539,48.93,-56.23,1999,3675.0,Natural
Quebec,1999-600,51.54677,-62.59462,1999,2353.0,Natural
New Brunswick,6027,47.17586,-66.46537,1999,405.0,Natural
Northwest Territories,ZF011-99,64.7306,-115.808,1999,400.0,Natural
Quebec,1999-601,51.47242,-62.49711,1999,1293.0,Natural
Quebec,1999-599,51.48719,-62.62292,1999,18482.0,Natural
Ontario,COC22,53.1544,-83.4377,1999,300.0,Natural
Manitoba,NE-103-132-99,56.883,-95.283,1999,3352.7,Natural
Quebec,1999-514,50.92296,-74.91096,1999,267.1,Natural
Newfoundland and Labrador,1999-532,49.95,-56.08,1999,476.0,Human
Northwest Territories,ZF006-99,63.45,-112.5333,1999,6700.0,Natural
Northwest Territories,VQ015-99,65.8413,-130.4673,1999,21281.0,Natural
Newfoundland and Labrador,1999-610,51.78,-56.41,1999,7300.0,Human
Northwest Territories,FS013-99,61.3093,-119.7133,1999,250.0,Natural
Saskatchewan,JOAN,59.8385,-106.1354,1999,1134.0,Human
Manitoba,NE-103-104-99,56.383,-95.25,1999,10711.0,Natural
Quebec,1999-469,50.58333,-79.11001,1999,7415.5,Natural
Newfoundland and Labrador,1999-608,52.7,-61.42,1999,23812.0,Natural
Yukon,1999DA021,65.931389,-138.623889,1999,328.15,Natural
Yukon,1999OC003,66.531667,-136.666667,1999,4094.46,Natural
Yukon,1999OC004,66.366153,-137.852895,1999,1210.31,Natural
Yukon,1999DA023,65.539444,-140.932222,1999,8543.09,Natural
Northwest Territories,VQ007-99,66.4666,-131.3333,1999,199064.0,Natural
Northwest Territories,VQ014-99,65.55,-118.8333,1999,568.0,Natural
Ontario,COC17,54.0154,-83.3121,1999,3600.0,Natural
Ontario,COC18,54.3285,-83.3912,1999,4600.0,Natural
Alberta,W03044,59.9875,-119.4967,1999,850.0,Natural
Alberta,W03047,59.0809,-115.1584,1999,1391.0,Natural
Alberta,W03049,59.4451,-115.1502,1999,1746.0,Natural
Alberta,W03050,59.1315,-114.474,1999,2698.0,Natural
Alberta,W03051,59.0947,-115.0524,1999,995.0,Natural
Alberta,E03034,55.5044,-112.4631,1999,242.0,Natural
Alberta,E04056,55.8354,-114.855,1999,250.0,Natural
Manitoba,NE-101-092-99,55.95,-99.25,1999,827.9,Natural
Yukon,1999DA018,65.373611,-137.137222,1999,3267.05,Natural
Yukon,1999DA020,65.778611,-136.559722,1999,926.3,Natural
Yukon,1999DA019,63.203889,-140.8625,1999,11077.39,Natural
Northwest Territories,EV006-99,67.5966,-132.7516,1999,172000.0,Natural
Ontario,COC15,54.1797,-84.3721,1999,27700.0,Natural
Ontario,SLK54,53.7341,-90.5517,1999,10800.0,Natural
Alberta,E01043,57.76,-113.93,1999,6624.0,Natural
Alberta,E04048,57.3046,-114.5628,1999,8570.3,Natural
Alberta,E04045,57.2901,-114.1565,1999,1470.3,Natural
Saskatchewan,JOE,54.276,-103.1979,1999,400.0,Natural
Manitoba,NE-105-084-99,55.903,-100.585,1999,3063.3,Natural
Manitoba,NE-101-090-99,56.483,-98.517,1999,469.4,Natural
Northwest Territories,FS004-99,61.8333,-122.1,1999,986.0,Natural
Northwest Territories,FS005-99,61.85,-122.3166,1999,705.0,Natural
Northwest Territories,FS007-99,60.5,-119.8666,1999,6617.0,Natural
Saskatchewan,GERALD2,56.3073,-109.9479,1999,7100.0,Natural
Manitoba,NW-203-022-99,55.083,-101.683,1999,5239.1,Natural
Yukon,1999DA017,65.698611,-136.538056,1999,3104.37,Natural
Northwest Territories,VQ003-99,64.6666,-124.3333,1999,3298.0,Natural
Saskatchewan,EDWARD II,57.2708,-106.5521,1999,6500.0,Human
Ontario,NIP52,50.8416,-85.9703,1999,220.0,Natural
Quebec,1999-493,51.29946,-60.6379,1999,50000.0,Natural
Quebec,1999-485,51.43838,-62.66277,1999,4181.0,Natural
Yukon,1999DA013,63.650833,-139.711111,1999,1505.29,Natural
Yukon,1999MA007,63.815556,-136.483333,1999,4041.61,Natural
Ontario,NIP43,53.7346,-88.2506,1999,1200.0,Natural
Ontario,NIP62,53.7203,-87.8259,1999,900.0,Natural
British Columbia,1999-R90018,58.5833,-127.6333,1999,1300.0,Natural
Yukon,1999MA004,64.118889,-134.347778,1999,1682.35,Natural
Yukon,1999DA003,64.46,-140.091111,1999,31836.6,Natural
Yukon,1999DA004,63.813056,-138.945556,1999,7511.42,Natural
Yukon,1999DA007,64.134444,-139.341667,1999,1254.78,Natural
Yukon,1999DA008,64.131667,-139.388333,1999,13687.4,Natural
Yukon,1999DA009,63.614167,-138.049722,1999,349.79,Natural
Yukon,1999DA001,63.345556,-140.828056,1999,9854.49,Natural
Yukon,1999DA006,63.883889,-139.883333,1999,32445.76,Natural
Yukon,1999DA002,64.353333,-139.118056,1999,8162.63,Natural
Yukon,1999DA010,64.092778,-137.758056,1999,755.65,Natural
Yukon,1999DA011,64.254444,-139.531389,1999,16120.22,Natural
Yukon,1999MA002,63.366667,-134.7,1999,3132.49,Natural
Yukon,1999MA003,63.2,-134.633333,1999,3035.34,Natural
British Columbia,1999-R90016,58.9763,-127.416,1999,250.0,Natural
Ontario,COC16,54.7381,-84.8798,1999,1500.0,Natural
Ontario,COC10,54.9609,-88.6632,1999,400.0,Natural
Ontario,COC8,55.4986,-88.8362,1999,300.0,Natural
Alberta,99WB004,59.0,-111.77,1999,65803.0,Natural
Alberta,99WB005,59.09,-112.05,1999,408.0,Natural
Alberta,99WB003,58.67,-113.05,1999,530.0,Natural
New Brunswick,5846,46.43845,-65.40006,1999,266.5,Human
Quebec,1999-381,50.85312,-71.62535,1999,277.5,Natural
Quebec,1999-363,48.16936,-71.07659,1999,1284.9,Human
Ontario,COC2,55.942,-88.1366,1999,500.0,Natural
Quebec,1999-347,49.64456,-69.51937,1999,265.2,Human
Quebec,1999-344,47.72062,-70.79323,1999,5197.0,Natural
Ontario,RED26,53.5118,-93.1056,1999,4420.0,Natural
Manitoba,NE-107-060-99,52.582,-95.149,1999,321.7,Natural
Ontario,NIP32,52.3257,-87.9758,1999,700.0,Natural
Ontario,SLK38,51.7844,-90.6297,1999,4930.0,Natural
Ontario,THU13,49.4053,-89.9568,1999,900.0,Natural
Ontario,SLK33,51.8018,-90.5997,1999,1300.0,Natural
Ontario,SLK37,52.3679,-90.1725,1999,5592.0,Natural
Manitoba,NE-107-061-99,53.896,-93.955,1999,4274.1,Human
Ontario,SLK41,52.388,-89.3144,1999,3728.0,Natural
Ontario,SLK35,52.3599,-90.2171,1999,2600.0,Natural
Ontario,SLK40,52.2416,-89.2115,1999,1205.0,Natural
Ontario,SLK34,52.2318,-90.1226,1999,19676.0,Natural
Ontario,RED19,50.787,-92.6028,1999,450.0,Human
Ontario,NIP30,51.7173,-88.5416,1999,4000.0,Human
Saskatchewan,ROSS,55.4115,-103.0729,1999,11200.0,Natural
Saskatchewan,WATERHEN,55.3073,-104.7396,1999,200.0,Natural
Saskatchewan,CRANE,56.8177,-106.1146,1999,2800.0,Natural
Saskatchewan,JUNCTION,54.8177,-105.4063,1999,1280.0,Natural
Saskatchewan,MALLARD,55.1198,-105.3021,1999,800.0,Natural
Manitoba,NE-104-053-99,54.608,-97.861,1999,321.3,Human
Yukon,1999HJ003,61.310556,-138.891111,1999,3098.4,Human
Ontario,SLK36,52.3767,-90.5687,1999,226.5,Natural
Alberta,E01025,56.7827,-111.4728,1999,246.0,Human
Alberta,E02045,55.8244,-111.1926,1999,939.0,Natural
Alberta,E02046,55.9736,-111.1207,1999,1491.2,Natural
Saskatchewan,MANNY I,55.5365,-109.5938,1999,1075.0,Natural
Saskatchewan,MOLANOSA,54.5,-105.2917,1999,1166.0,Natural
Saskatchewan,SWAN1,54.8281,-106.6146,1999,2109.0,Natural
Saskatchewan,EDWIN,58.8281,-104.4896,1999,1112.0,Natural
Saskatchewan,EDWARD I,57.25,-106.5104,1999,400.0,Natural
Saskatchewan,LEONARD1,59.6146,-104.6042,1999,611.0,Natural
Saskatchewan,ALPINE,56.1406,-108.9896,1999,1550.0,Natural
Alberta,E01020,56.87,-112.11,1999,5132.3,Natural
Alberta,E01012,56.5767,-110.2256,1999,295.0,Natural
Alberta,E02038,55.7917,-110.684,1999,7206.9,Natural
Alberta,E02040,55.9008,-110.9902,1999,2481.6,Natural
Alberta,E02043,55.8547,-110.9578,1999,1291.1,Natural
Alberta,E02044,55.75,-110.1833,1999,8316.1,Natural
Alberta,BA2,51.5939,-115.9353,1999,1800.0,Human
Alberta,W03018,57.7263,-115.1971,1999,6118.79,Natural
Alberta,E04026,55.3836,-114.1603,1999,1952.2,Natural
Ontario,SLK31,52.7392,-89.2885,1999,5416.0,Human
Newfoundland and Labrador,1999-154,47.47,-53.62,1999,402.0,Human
Newfoundland and Labrador,1999-517,49.9,-55.77,1999,608.0,Human
Newfoundland and Labrador,1999-150,47.83,-54.52,1999,380.0,Human
Quebec,1999-275,48.61211,-71.05069,1999,532.5,Human
Ontario,NIP40,53.8562,-87.6461,1999,340.0,Natural
Quebec,1999-261,53.74567,-78.86754,1999,437.2,Human
Ontario,COC5,55.8882,-88.5428,1999,12500.0,Natural
Newfoundland and Labrador,1999-508,47.63,-58.96,1999,900.0,Human
Ontario,NIP18,51.9004,-88.9258,1999,2000.0,Natural
Ontario,WAW5,48.6219,-85.3649,1999,36636.0,Human
Ontario,SLK20,51.0487,-90.2965,1999,993.0,Human
Manitoba,NE-107-013-99,54.208,-93.621,1999,377.3,Human
Manitoba,EA-503-058-99,50.633,-96.233,1999,221.7,Human
Manitoba,EA-512-061-99,49.083,-96.083,1999,590.0,Human
Ontario,NIP12,49.4467,-88.1243,1999,30070.0,Human
Ontario,SLK17,51.2667,-90.2335,1999,2564.0,Human
Ontario,SLK16,53.9203,-90.891,1999,89996.0,Human
Manitoba,WE-310-020-99,52.02,-100.269,1999,387.2,Human
Manitoba,CE-409-052-99,50.498,-97.842,1999,1097.0,Human
Manitoba,EA-503-054-99,50.817,-96.25,1999,26248.0,Human
Manitoba,WE-310-021-99,51.783,-100.233,1999,415.3,Human
Manitoba,WE-310-019-99,51.811,-100.269,1999,4451.1,Human
Ontario,PEM4,45.9428,-77.4963,1999,1119.0,Human
Ontario,NIP10,49.1094,-88.514,1999,50540.0,Human
Ontario,PEM8,45.9141,-77.5724,1999,1817.0,Human
Manitoba,CE-406-046-99,51.274,-97.666,1999,739.0,Human
Nova Scotia,P06C2P08,43.57685,-65.730877,1999,810.0,Human
Manitoba,WE-310-013-99,51.858,-100.104,1999,315.7,Human
Manitoba,NE-107-014-99,53.7,-94.033,1999,1315.8,Human
Saskatchewan,LADY1,55.8646,-108.6042,1999,200.0,Human
Saskatchewan,MOORE,55.8281,-107.6667,1999,288.5,Human
Manitoba,WE-315-010-99,52.3,-100.85,1999,321.8,Human
Manitoba,CE-406-026-99,51.324,-97.465,1999,283.9,Human
Manitoba,CE-406-038-99,51.383,-97.467,1999,536.4,Human
Ontario,FOR5,48.7675,-94.5173,1999,425.0,Human
Ontario,CHA1,47.6787,-83.0984,1999,19376.0,Human
Manitoba,EA-514-035-99,49.333,-96.45,1999,1787.2,Human
Manitoba,CE-408-014-99,51.906,-99.574,1999,485.0,Human
Manitoba,CE-408-017-99,51.846,-99.723,1999,1476.1,Human
Manitoba,CE-408-011-99,51.811,-99.52,1999,211.0,Human
Manitoba,CE-410-003-99,50.417,-96.617,1999,207.9,Human
Manitoba,EA-514-002-99,49.733,-96.383,1999,387.0,Human
Manitoba,EA-514-001-99,49.8,-96.35,1999,2513.0,Human
Manitoba,CE-408-001-99,51.953,-99.486,1999,506.2,Human
British Columbia,KO17,50.125,-115.955,1998,200.0,Human
British Columbia,1998-G30514,53.0667,-118.8333,1998,2300.0,Natural
Saskatchewan,SISIPUK,55.6719,-102.0521,1998,650.0,Natural
Alberta,WL3,49.0583,-113.7667,1998,1521.0,Natural
Saskatchewan,BASS,57.1615,-105.9479,1998,300.0,Natural
Manitoba,NW-205-053-98,55.633,-101.967,1998,804.2,Natural
British Columbia,1998-N20441,50.566,-115.44,1998,434.0,Natural
Northwest Territories,CR069-98,60.6971,-104.9705,1998,450.0,Natural
Northwest Territories,CR067-98,60.3983,-108.7011,1998,750.0,Natural
Saskatchewan,SCHOMS,59.026,-103.2813,1998,218.0,Natural
Yukon,1998HJ009,60.837456,-137.333355,1998,3712.05,Human
Northwest Territories,SM051-98,60.5338,-110.5446,1998,366.1,Natural
Manitoba,NE-105-224-98,59.329,-98.819,1998,7540.2,Natural
Manitoba,NE-105-221-98,57.967,-101.983,1998,1369.3,Natural
Manitoba,NE-105-220-98,57.644,-101.717,1998,347.9,Natural
Northwest Territories,CR065-98,60.9666,-103.5166,1998,7500.0,Natural
British Columbia,1998-G30479,52.9167,-119.9667,1998,640.0,Natural
British Columbia,1998-N70302,50.978,-117.215,1998,210.0,Natural
Northwest Territories,CR063-98,60.252,-104.4806,1998,2100.0,Natural
Northwest Territories,CR064-98,60.0791,-104.6806,1998,3300.0,Natural
Northwest Territories,VQ042-98,67.2618,-129.848,1998,600.0,Natural
Saskatchewan,SHARLA,58.1719,-102.3021,1998,4003.0,Natural
Alberta,E01198,57.3244,-112.5961,1998,20000.0,Natural
Northwest Territories,SM048-98,60.165,-110.707,1998,300.0,Natural
Alberta,98WB033,59.52,-113.07,1998,909.0,Natural
Saskatchewan,LEG,58.8073,-105.5938,1998,1776.0,Natural
Alberta,E01192,57.6842,-112.081,1998,16403.1,Natural
Alberta,E01194,57.3843,-112.5178,1998,27486.5,Natural
Alberta,E01195,56.8243,-111.035,1998,5094.1,Natural
Alberta,E03058,55.9007,-112.5693,1998,250.7,Natural
Saskatchewan,EAR,59.2667,-105.8333,1998,2772.0,Natural
Saskatchewan,SALLY2,56.3177,-107.4479,1998,32040.0,Natural
Alberta,W05165,57.337,-113.0124,1998,14137.0,Natural
Alberta,E03057,55.4772,-113.0872,1998,586.7,Natural
Alberta,W07149,55.0008,-116.0087,1998,547.8,Natural
Saskatchewan,SAMANTHA2,59.4063,-102.0208,1998,272.0,Natural
Northwest Territories,ZF099-98,65.1226,-115.9066,1998,700.0,Natural
Northwest Territories,VQ040-98,64.3,-123.8833,1998,2500.0,Natural
Ontario,COC20,55.3218,-86.5036,1998,2400.0,Natural
British Columbia,1998-N30365,51.7,-117.85,1998,983.6,Natural
Alberta,W03156,57.6028,-114.1578,1998,300.0,Natural
Alberta,W03157,57.5373,-114.3327,1998,155450.0,Natural
Saskatchewan,FORGET,58.651,-102.9063,1998,832.0,Natural
Saskatchewan,MARIA,57.1927,-102.9063,1998,1425.0,Natural
Saskatchewan,DRAGON,54.3802,-105.9063,1998,370.0,Natural
Saskatchewan,CARMEN,58.599,-103.9479,1998,8400.0,Natural
Northwest Territories,ZF097-98,65.5971,-118.0746,1998,2300.0,Natural
Northwest Territories,VQ039-98,66.8235,-129.926,1998,630.0,Natural
British Columbia,1998-N40188,51.537,-118.587,1998,283.0,Natural
British Columbia,1998-N40195,51.698,-118.8,1998,884.0,Natural
British Columbia,1998-N40236,52.078,-118.601,1998,256.7,Natural
British Columbia,1998-N30235,52.02,-117.792,1998,431.1,Natural
Alberta,W03145,57.5082,-114.2515,1998,750.0,Natural
Alberta,W03152,57.6918,-114.4553,1998,1000.0,Natural
Alberta,W03154,57.6755,-114.5681,1998,15625.0,Natural
Alberta,E01179,57.2869,-112.3658,1998,5650.0,Natural
Alberta,W07122,55.5338,-115.2429,1998,17376.0,Natural
Alberta,W07126,55.5629,-115.2426,1998,1800.0,Natural
Alberta,W07130,55.5192,-115.3723,1998,926.0,Natural
Alberta,W05151,55.6211,-115.165,1998,400.0,Natural
Alberta,W05142,54.9376,-114.9672,1998,35581.5,Natural
Alberta,W07135,54.9165,-115.9372,1998,885.0,Natural
Alberta,S03018,52.0095,-116.5889,1998,378.0,Natural
Saskatchewan,MIKE1,58.4427,-107.5938,1998,48766.0,Natural
Saskatchewan,DORTHY,57.5365,-103.2604,1998,4400.0,Natural
Saskatchewan,COBRA,54.1823,-106.0521,1998,4285.0,Natural
Saskatchewan,HUBBA,57.4531,-103.75,1998,11485.0,Natural
Ontario,SLK161,51.8104,-89.8215,1998,960.0,Natural
British Columbia,1998-K10435,52.4918,-119.44,1998,307.0,Natural
British Columbia,1998-N40187,51.266,-118.087,1998,331.0,Natural
British Columbia,1998-K10436,51.85,-119.2917,1998,1522.3,Natural
British Columbia,1998-K70429,50.7527,-121.8348,1998,1150.0,Human
British Columbia,1998-V10097,49.9983,-121.5633,1998,1940.0,Human
Alberta,W03143,57.5737,-114.2811,1998,1000.0,Natural
Alberta,W03147,57.45,-114.8337,1998,2467.0,Natural
Alberta,W03148,57.5373,-114.7391,1998,1024.0,Natural
Alberta,W06117,57.3847,-114.9692,1998,297.2,Natural
Saskatchewan,SANDY06,59.8698,-104.2188,1998,6238.0,Natural
Saskatchewan,GEORGE2,59.276,-104.1979,1998,8947.0,Natural
Saskatchewan,REGINA,55.6198,-104.5729,1998,15000.0,Natural
Saskatchewan,SANDRA,58.6719,-109.7188,1998,1543.0,Natural
Manitoba,NE-105-188-98,59.622,-100.583,1998,6465.5,Natural
Manitoba,NE-105-185-98,57.533,-101.567,1998,301.6,Natural
Manitoba,NE-105-184-98,57.517,-101.483,1998,561.2,Natural
Manitoba,NE-105-186-98,57.5,-101.75,1998,5095.2,Natural
Manitoba,NE-102-183-98,56.548,-100.143,1998,19320.0,Natural
Northwest Territories,ZF093-98,63.83,-113.7808,1998,250.0,Natural
British Columbia,1998-G10434,53.95,-120.6,1998,251.0,Natural
British Columbia,1998-N30164,51.627,-117.797,1998,216.6,Natural
British Columbia,1998-K40386,50.0933,-118.9543,1998,876.0,Natural
Saskatchewan,STEVE1,59.2708,-103.4688,1998,10333.0,Natural
Saskatchewan,LASOUP,56.4948,-106.3646,1998,120000.0,Human
Yukon,1998XY057,60.513611,-135.478333,1998,1565.72,Human
Alberta,E01162,57.2243,-110.4586,1998,19807.9,Natural
Saskatchewan,ROSANNA,59.6198,-105.2813,1998,2898.0,Natural
Saskatchewan,PAGATO,55.974,-102.4479,1998,24100.0,Natural
Saskatchewan,ABAT,56.1823,-109.5313,1998,141000.0,Natural
Manitoba,NE-102-207-98,57.45,-99.967,1998,673.2,Natural
Yukon,1998WL022,60.429167,-130.906111,1998,3328.45,Natural
Saskatchewan,PA12,54.1839,-106.0958,1998,4200.0,Natural
Ontario,COC19,55.574,-86.7224,1998,3600.0,Natural
Ontario,HEA32,50.4549,-83.2891,1998,240.0,Natural
British Columbia,1998-N30157,52.287,-117.92,1998,759.0,Natural
Yukon,1998MA024,63.333333,-133.116667,1998,4095.86,Natural
Northwest Territories,VQ036-98,65.15,-125.8833,1998,2500.0,Natural
British Columbia,1998-K60639,49.6393,-120.9325,1998,8500.0,Natural
Northwest Territories,CR054-98,61.2361,-102.7515,1998,400.0,Natural
Northwest Territories,CR057-98,61.2666,-103.2333,1998,21000.0,Natural
Northwest Territories,CR058-98,60.8333,-108.1833,1998,2050.0,Natural
Northwest Territories,CR059-98,60.8666,-110.9833,1998,3300.0,Natural
Northwest Territories,CR056-98,60.5558,-102.0583,1998,8600.0,Natural
British Columbia,1998-G30378,53.3167,-120.2,1998,2431.9,Natural
British Columbia,1998-N30150,51.753,-117.972,1998,1084.0,Natural
Northwest Territories,SM043-98,60.8741,-112.7666,1998,3000.0,Natural
British Columbia,1998-G30325,54.15,-121.2,1998,246.6,Natural
British Columbia,1998-K30285,50.6025,-119.4208,1998,6335.0,Natural
British Columbia,1998-K20382,50.5867,-120.6317,1998,3522.0,Natural
Northwest Territories,CR049-98,61.3833,-105.95,1998,11000.0,Natural
Northwest Territories,CR050-98,61.3833,-106.2833,1998,3900.0,Natural
Northwest Territories,CR051-98,61.0333,-106.75,1998,32768.0,Natural
Northwest Territories,CR052-98,61.3,-106.3333,1998,18750.0,Natural
British Columbia,1998-K70231,50.8533,-121.9367,1998,240.0,Natural
Ontario,COC16,54.0896,-84.3625,1998,9975.0,Natural
Saskatchewan,SUCKER,57.9948,-102.0104,1998,800.0,Natural
Saskatchewan,BURBOT,57.8281,-102.2604,1998,2350.0,Natural
Northwest Territories,FS073-98,62.95,-124.7,1998,10458.0,Natural
Northwest Territories,VQ034-98,64.591,-126.1428,1998,115000.0,Natural
Yukon,1998WL020,60.131111,-125.054167,1998,969.63,Natural
Manitoba,NE-105-169-98,58.111,-101.132,1998,12342.0,Natural
Northwest Territories,VQ032-98,64.0903,-125.9155,1998,60000.0,Natural
Saskatchewan,CANNUCK,59.9323,-109.5417,1998,206.0,Natural
Northwest Territories,VQ030-98,64.9666,-120.05,1998,4500.0,Natural
Northwest Territories,VQ029-98,65.75,-127.9333,1998,10000.0,Natural
Northwest Territories,VQ031-98,65.1166,-121.0833,1998,3000.0,Natural
Ontario,NIP241,48.9754,-87.0615,1998,3200.0,Natural
Ontario,RED58,52.2876,-94.447,1998,375.0,Natural
Saskatchewan,BURNETT,59.0781,-102.3229,1998,71000.0,Natural
Northwest Territories,CR045-98,61.5833,-109.75,1998,450.0,Natural
Ontario,NIP230,48.7574,-87.6871,1998,3000.0,Natural
Manitoba,NE-103-163-98,57.054,-94.631,1998,1657.2,Natural
Quebec,1998-572,51.77248,-74.4346,1998,601.0,Natural
Yukon,1998MA023,63.412786,-136.033827,1998,1100.55,Natural
Quebec,1998-558,53.72962,-76.44983,1998,510.0,Natural
Quebec,1998-559,53.45893,-75.30161,1998,865.0,Natural
Northwest Territories,CR043-98,62.2445,-107.7045,1998,2500.0,Natural
Ontario,COC73,51.1387,-83.8875,1998,1200.0,Natural
Ontario,COC74,51.4264,-83.5028,1998,1100.0,Natural
British Columbia,1998-N40079,50.861,-118.72,1998,525.0,Natural
Newfoundland and Labrador,1998-619,54.46,-62.93,1998,4000.0,Natural
Northwest Territories,VQ028-98,64.2836,-121.8666,1998,1000.0,Natural
Saskatchewan,DEVIL1,59.224,-104.1979,1998,1380.0,Natural
Manitoba,NE-103-158-98,56.6,-95.883,1998,21032.0,Natural
Quebec,1998-560,50.95444,-78.72145,1998,263.0,Natural
Quebec,1998-575,51.22062,-77.75436,1998,2429.0,Natural
Ontario,COC9,54.2217,-84.6609,1998,23000.0,Natural
Ontario,COC70,50.5042,-84.4828,1998,450.0,Natural
British Columbia,1998-K70155,50.1733,-121.5667,1998,309.0,Human
Saskatchewan,KODIAK,58.7656,-105.0313,1998,642.0,Natural
Saskatchewan,ABE,56.0052,-107.8229,1998,227.0,Natural
Manitoba,NE-106-168-98,55.424,-93.099,1998,792.1,Natural
Newfoundland and Labrador,1998-617,53.92,-61.07,1998,2100.0,Natural
Northwest Territories,VQ023-98,64.6333,-123.95,1998,20000.0,Natural
Ontario,WAW58,48.9515,-85.1493,1998,873.0,Human
Saskatchewan,JULU,55.9948,-104.3229,1998,600.0,Natural
Saskatchewan,LOON2,56.2448,-105.3438,1998,680.0,Natural
Saskatchewan,RUSSEL,57.3906,-105.4063,1998,250.0,Natural
Ontario,COC58,52.4068,-82.4053,1998,8000.0,Natural
Ontario,SLK140,53.957,-91.5446,1998,250.0,Natural
Ontario,COC10,54.2675,-84.7044,1998,4000.0,Natural
Saskatchewan,FORD,58.2135,-105.5,1998,1575.0,Natural
Saskatchewan,NEVEROUT,57.5885,-105.8021,1998,356.0,Natural
Saskatchewan,DUCK,55.849,-105.1979,1998,1283.0,Natural
Saskatchewan,STALLION,58.2708,-105.4479,1998,1386.0,Natural
Saskatchewan,ABEL,54.4427,-107.1979,1998,200.0,Natural
Saskatchewan,LEAF,58.4167,-105.1771,1998,1575.0,Natural
Saskatchewan,DENIS,57.6198,-105.5521,1998,243.0,Natural
Saskatchewan,LEONARD1,55.026,-107.6354,1998,2400.0,Natural
Saskatchewan,PRISM,57.7552,-105.3229,1998,655.0,Natural
Manitoba,NE-107-138-98,54.219,-93.746,1998,1016.5,Natural
Quebec,1998-528,53.83423,-77.53457,1998,1614.0,Natural
Quebec,1998-535,53.85222,-76.18292,1998,804.0,Natural
Quebec,1998-527,53.44814,-77.82578,1998,15368.0,Natural
Yukon,1998CA006,62.183333,-135.716667,1998,2408.76,Natural
Northwest Territories,FS055-98,63.0493,-124.4293,1998,9716.0,Natural
Northwest Territories,FS057-98,60.2356,-120.4868,1998,1176.0,Natural
Ontario,NIP165,52.3958,-88.8738,1998,400.0,Natural
Ontario,COC59,52.1992,-82.3212,1998,3000.0,Natural
Ontario,NIP164,52.311,-88.5182,1998,275.0,Natural
Saskatchewan,ROBIN,55.7969,-105.8646,1998,36400.0,Natural
Saskatchewan,JOSH,57.724,-105.3646,1998,1560.0,Natural
Manitoba,NE-105-129-98,58.633,-101.379,1998,4102.6,Natural
Yukon,1998MA021,63.686408,-134.334698,1998,14072.47,Natural
Northwest Territories,ZF068-98,62.9,-113.0833,1998,7785.0,Natural
Northwest Territories,ZF072-98,62.941,-114.118,1998,5500.0,Natural
Northwest Territories,ZF069-98,63.341,-112.2598,1998,3800.0,Natural
Northwest Territories,ZF067-98,63.2473,-116.0448,1998,2000.0,Natural
Northwest Territories,CR042-98,61.6581,-108.8546,1998,9200.0,Natural
Ontario,SLK110,52.0143,-89.1056,1998,1000.0,Natural
Ontario,SLK128,53.8288,-91.3667,1998,300.0,Natural
Ontario,NIP146,52.2212,-88.5151,1998,9800.0,Natural
Ontario,SLK127,52.5166,-90.3841,1998,509.0,Natural
Ontario,COC7,54.0675,-83.4067,1998,14500.0,Natural
Ontario,NIP144,52.6346,-87.4507,1998,500.0,Natural
Ontario,SLK121,53.9058,-91.7899,1998,200.0,Natural
Ontario,COC18,54.9599,-86.0864,1998,2700.0,Natural
Ontario,COC57,50.0546,-80.8394,1998,500.0,Natural
Ontario,SLK109,52.1775,-89.0255,1998,1530.0,Natural
Saskatchewan,THUNDER,54.8073,-106.3854,1998,3609.0,Natural
Saskatchewan,WASKESIU,54.0885,-106.0104,1998,1738.0,Natural
Saskatchewan,KELIC,57.4531,-108.2604,1998,61000.0,Natural
Saskatchewan,HELEN,55.6719,-108.4896,1998,250.0,Natural
Manitoba,NE-107-107-98,54.049,-93.586,1998,3335.2,Natural
Manitoba,NE-107-087-98,54.291,-93.549,1998,4458.5,Natural
Yukon,1998MA017,63.316667,-133.5,1998,5639.99,Natural
Yukon,1998RR015,62.025,-131.833333,1998,2434.86,Natural
Northwest Territories,ZF061-98,65.435,-116.2841,1998,1000.0,Natural
Northwest Territories,ZF057-98,63.434,-113.5221,1998,17400.0,Natural
Northwest Territories,CR040-98,62.2406,-110.249,1998,650.0,Natural
Northwest Territories,SM023-98,60.45,-111.5166,1998,9300.0,Natural
Northwest Territories,SM027-98,60.5333,-111.7333,1998,2000.0,Natural
Northwest Territories,SM028-98,61.1741,-112.3305,1998,600.0,Natural
Northwest Territories,SM031-98,61.1833,-112.35,1998,700.0,Natural
Northwest Territories,FS052-98,60.0951,-119.8923,1998,4973.0,Natural
Northwest Territories,SM030-98,60.6166,-114.3833,1998,460.0,Natural
Saskatchewan,PA10,54.0903,-106.0078,1998,1800.0,Natural
Ontario,SLK105,53.5644,-90.0102,1998,1500.0,Natural
Ontario,SLK100,51.8895,-90.1009,1998,1400.0,Natural
Ontario,COC63,51.6693,-81.3572,1998,2450.0,Natural
Ontario,RED38,53.6042,-93.7027,1998,1180.0,Natural
Ontario,RED2,54.2038,-92.816,1998,250.0,Natural
Ontario,SLK104,53.5601,-89.9819,1998,2720.0,Natural
Ontario,SLK102,53.5711,-90.9689,1998,1200.0,Natural
Ontario,SLK5,54.2028,-90.616,1998,1500.0,Natural
Saskatchewan,LABATT,59.3177,-105.2604,1998,750.0,Natural
Manitoba,NE-103-123-98,56.683,-92.75,1998,1824.5,Natural
Manitoba,NE-103-124-98,56.583,-92.633,1998,3579.8,Natural
Yukon,1998RR014,61.6,-131.7,1998,239.37,Natural
Northwest Territories,ZF034-98,62.9286,-112.7475,1998,400.0,Natural
Northwest Territories,ZF038-98,63.1685,-112.8951,1998,2600.0,Natural
Northwest Territories,ZF042-98,62.8766,-114.3363,1998,10200.0,Natural
Northwest Territories,ZF047-98,63.7961,-114.9466,1998,24000.0,Natural
Northwest Territories,ZF048-98,63.7248,-114.6968,1998,500.0,Natural
Northwest Territories,ZF049-98,63.4748,-114.6131,1998,16500.0,Natural
Northwest Territories,ZF029-98,62.65,-113.0,1998,154750.7,Natural
Northwest Territories,ZF030-98,62.72,-112.8595,1998,1750.0,Natural
Northwest Territories,ZF046-98,62.9018,-115.0045,1998,1400.0,Natural
Northwest Territories,CR034-98,61.3666,-109.9,1998,9500.0,Natural
Northwest Territories,CR031-98,60.9333,-110.4333,1998,4500.0,Natural
Northwest Territories,EV004-98,67.62,-131.3383,1998,20000.0,Natural
Northwest Territories,VQ018-98,64.8333,-125.5,1998,9000.0,Natural
Northwest Territories,VQ020-98,65.558,-128.0066,1998,55000.0,Natural
Northwest Territories,VQ021-98,65.9166,-129.2731,1998,50000.0,Natural
Northwest Territories,VQ015-98,65.5,-128.85,1998,40000.0,Natural
Northwest Territories,FS048-98,62.9301,-123.6311,1998,25272.0,Natural
Alberta,98WB028,59.35,-113.04,1998,4219.0,Natural
Northwest Territories,98WB029,60.41,-114.12,1998,2082.0,Natural
Ontario,COC64,53.8991,-84.2832,1998,425.0,Natural
Ontario,COC66,52.6537,-84.9525,1998,1500.0,Natural
Ontario,SLK82,52.7071,-90.6762,1998,500.0,Natural
Saskatchewan,FRED2,55.3385,-106.9479,1998,540.0,Human
Manitoba,NE-107-079-98,54.067,-93.517,1998,203.9,Natural
Quebec,1998-515,54.55935,-77.54766,1998,13773.0,Natural
Quebec,1998-516,54.20174,-77.2131,1998,25813.0,Natural
Quebec,1998-517,54.52698,-77.06009,1998,21147.0,Natural
Quebec,1998-526,54.68106,-77.01022,1998,19173.0,Natural
Quebec,1998-531,54.65528,-78.07245,1998,466.0,Natural
Quebec,1998-532,54.60132,-77.84525,1998,8050.0,Natural
Quebec,1998-534,54.57824,-77.29454,1998,1004.0,Natural
Yukon,1998MA016,63.540751,-134.720269,1998,763.05,Natural
Yukon,1998MA015,63.08076,-134.395611,1998,426.75,Natural
Yukon,1998WL013,61.345833,-129.697222,1998,5529.01,Natural
Northwest Territories,FS034-98,63.4333,-123.0,1998,296.0,Natural
Northwest Territories,FS037-98,63.75,-123.0833,1998,36341.0,Natural
Northwest Territories,98WB027,60.5,-114.05,1998,2568.0,Natural
Ontario,SLK79,53.649,-91.3585,1998,300.0,Natural
Ontario,SLK4,54.0399,-91.0529,1998,2400.0,Natural
Ontario,SLK70,53.1805,-90.7479,1998,250.0,Natural
Ontario,NIP123,53.7705,-88.5582,1998,900.0,Natural
Ontario,SLK68,53.9815,-89.2036,1998,1000.0,Natural
Ontario,NIP124,53.7265,-88.8719,1998,200.0,Natural
Ontario,COC15,55.5888,-88.7532,1998,1400.0,Natural
Ontario,SLK69,53.9015,-89.1537,1998,1000.0,Natural
Ontario,NIP127,53.5385,-88.0789,1998,700.0,Natural
Ontario,NIP121,53.7074,-88.4331,1998,200.0,Natural
Ontario,NIP126,53.368,-88.796,1998,6124.0,Natural
British Columbia,1998-R90068,59.75,-127.633,1998,462.0,Natural
British Columbia,1998-R90085,59.289,-127.079,1998,202.0,Natural
British Columbia,1998-R90076,59.9,-132.9,1998,825.0,Natural
Alberta,W03090,59.4389,-115.435,1998,406.5,Natural
Manitoba,NE-106-075-98,55.174,-94.76,1998,1181.7,Natural
Yukon,1998MA011,63.583333,-136.533333,1998,9027.81,Natural
Ontario,SLK2,54.06,-90.2421,1998,3000.0,Natural
Ontario,SLK64,53.8855,-91.5775,1998,5875.0,Natural
Ontario,SLK3,54.1221,-89.7925,1998,300.0,Natural
British Columbia,1998-G60179,57.5333,-126.1,1998,4070.0,Natural
British Columbia,1998-R90054,57.867,-131.333,1998,13103.0,Natural
British Columbia,1998-R90058,57.808,-131.754,1998,12138.0,Natural
Manitoba,NE-103-062-98,57.114,-96.317,1998,54463.0,Natural
Yukon,1998RR008,62.45,-131.2,1998,19525.14,Natural
Yukon,1998WL010,60.333333,-128.201389,1998,2323.81,Natural
Northwest Territories,VQ013-98,67.3418,-129.3266,1998,20000.0,Natural
Northwest Territories,VQ010-98,66.7603,-130.4605,1998,130000.0,Natural
Northwest Territories,VQ006-98,65.5333,-129.9833,1998,1700.0,Natural
Northwest Territories,VQ007-98,65.4666,-130.0666,1998,1000.0,Natural
Northwest Territories,VQ011-98,64.202,-128.0281,1998,3500.0,Natural
Northwest Territories,VQ008-98,64.15,-124.65,1998,85000.0,Natural
Saskatchewan,MUSTARD,59.7083,-106.0521,1998,5418.0,Natural
Yukon,1998RR006,62.61,-133.666389,1998,13729.25,Natural
Yukon,1998MA008,63.116667,-136.996389,1998,80381.57,Natural
Yukon,1998MA009,63.097219,-134.468077,1998,2914.36,Natural
Yukon,1998CA003,62.116667,-135.3525,1998,40701.64,Natural
Yukon,1998XY042,61.305905,-135.55934,1998,43922.22,Human
British Columbia,1998-R90091,59.026,-131.998,1998,1000.0,Natural
Manitoba,NE-105-058-98,58.025,-100.169,1998,449.2,Natural
Yukon,1998MA004,64.083333,-131.916667,1998,6883.35,Natural
Yukon,1998MA005,64.056215,-132.201141,1998,1537.89,Natural
Yukon,1998MA007,64.016667,-135.366667,1998,6607.16,Natural
Yukon,1998MA002,64.032757,-137.085387,1998,1345.86,Natural
Ontario,NIP110,52.5364,-86.801,1998,212.0,Natural
Ontario,COC50,52.9237,-83.0304,1998,385.0,Natural
Saskatchewan,KETCHUP,59.5417,-109.6563,1998,10585.0,Natural
Quebec,1998-486,52.18645,-78.054,1998,16288.0,Natural
Quebec,1998-498,51.89179,-78.29399,1998,5047.0,Natural
Quebec,1998-499,51.95174,-77.21206,1998,788.0,Natural
Quebec,1998-494,51.44994,-73.64069,1998,14799.0,Natural
Quebec,1998-496,51.93915,-74.26769,1998,5965.0,Natural
Quebec,1998-500,51.93196,-75.99416,1998,8083.0,Natural
Quebec,1998-502,51.52608,-74.92772,1998,3615.0,Natural
Ontario,NIP118,52.2393,-87.3588,1998,1300.0,Natural
Manitoba,NE-105-050-98,57.218,-100.266,1998,48451.0,Natural
Manitoba,NE-103-052-98,56.007,-94.243,1998,2320.7,Natural
Northwest Territories,CR025-98,61.1016,-104.543,1998,83000.0,Natural
Northwest Territories,CR023-98,60.696,-104.9655,1998,950.0,Natural
Northwest Territories,CR024-98,60.9628,-104.5156,1998,3500.0,Natural
Northwest Territories,CR028-98,60.4316,-104.558,1998,1500.0,Natural
Northwest Territories,CR016-98,60.2511,-106.0971,1998,4000.0,Natural
Northwest Territories,CR018-98,60.3855,-106.0318,1998,20500.0,Natural
Northwest Territories,CR019-98,60.6293,-106.0111,1998,10240.0,Natural
Northwest Territories,CR020-98,60.6508,-106.0288,1998,1200.0,Natural
Northwest Territories,CR021-98,60.704,-106.5215,1998,80720.0,Natural
Northwest Territories,CR022-98,60.9833,-104.4833,1998,500.0,Natural
Northwest Territories,CR014-98,60.0263,-106.9343,1998,501.0,Natural
Northwest Territories,CR015-98,60.029,-106.9441,1998,2487.0,Natural
Northwest Territories,EV002-98,66.8595,-133.9216,1998,4000.0,Natural
Saskatchewan,MAUDE,56.7604,-106.1042,1998,290.0,Natural
Saskatchewan,BEAVER3,59.8698,-106.1979,1998,4347.0,Natural
Manitoba,NE-106-046-98,54.867,-93.1,1998,865.4,Natural
Northwest Territories,CR010-98,60.1646,-107.0326,1998,5000.0,Natural
Northwest Territories,CR011-98,60.2383,-107.3798,1998,4800.0,Natural
Northwest Territories,CR012-98,60.3321,-107.4256,1998,67200.0,Natural
Northwest Territories,CR013-98,60.206,-106.8633,1998,5500.0,Natural
Ontario,SLK1,54.3597,-92.3921,1998,810.0,Natural
Alberta,E01090,58.9792,-110.7664,1998,14860.0,Natural
Saskatchewan,MINK,59.8177,-107.7813,1998,8694.0,Natural
Saskatchewan,SHALLOW,58.4427,-104.8021,1998,4128.0,Natural
Saskatchewan,JENIFER,57.7396,-105.5625,1998,250.0,Natural
Saskatchewan,JIMMINY,57.7656,-105.0938,1998,619.0,Natural
Saskatchewan,UNKNOWN1,58.3177,-104.5729,1998,17026.0,Natural
Saskatchewan,JENSEN,57.724,-105.5938,1998,219.0,Natural
Saskatchewan,BING,58.6406,-104.5313,1998,71000.0,Natural
Manitoba,NE-101-037-98,56.495,-97.112,1998,104368.0,Natural
Quebec,1998-468,50.02338,-67.70101,1998,608.0,Human
Newfoundland and Labrador,1998-615,53.95,-66.63,1998,7566.0,Natural
Newfoundland and Labrador,1998-318,48.62,-54.6,1998,5600.0,Natural
Ontario,RED26,53.8122,-92.5596,1998,1800.0,Natural
Alberta,E01098,59.0833,-110.9167,1998,626.0,Natural
Saskatchewan,TOMMY,57.3594,-106.5,1998,400.0,Natural
Saskatchewan,COSTIGAN,56.8906,-105.9063,1998,2134.0,Natural
Northwest Territories,CR005-98,61.35,-110.45,1998,550.0,Natural
Ontario,COC51,52.2076,-85.1634,1998,10000.0,Natural
Alberta,W05080,56.5335,-114.233,1998,500.0,Natural
Alberta,E01082,56.3667,-110.4333,1998,586.1,Natural
Alberta,E02088,55.5044,-111.945,1998,1301.0,Natural
Alberta,E02083,55.0075,-110.7667,1998,850.0,Natural
Saskatchewan,BEAUTY,58.2708,-106.7396,1998,17137.0,Natural
Saskatchewan,RAY1,55.9844,-108.6146,1998,200.0,Natural
Saskatchewan,HAULTAIN,56.8177,-106.5313,1998,724.0,Natural
Saskatchewan,MAGIC,56.6927,-106.3646,1998,11180.0,Natural
Manitoba,NE-103-038-98,56.383,-96.45,1998,18303.0,Natural
Ontario,COC48,53.6682,-84.0256,1998,430.0,Natural
Alberta,W05072,57.3479,-113.222,1998,481.8,Natural
Alberta,W06034,56.6917,-116.237,1998,720.1,Natural
Alberta,W05068,55.9952,-113.039,1998,4243.6,Natural
Alberta,E01079,56.3622,-110.3383,1998,890.7,Natural
Quebec,1998-460,52.80576,-76.15774,1998,4961.0,Natural
Quebec,1998-467,51.86211,-77.62007,1998,38333.0,Natural
Quebec,1998-471,52.33184,-76.22792,1998,1422.0,Natural
Quebec,1998-457,51.98232,-78.53515,1998,1878.0,Natural
Quebec,1998-465,54.32464,-78.58025,1998,101457.0,Natural
Quebec,1998-466,54.59233,-78.96585,1998,44261.0,Natural
Quebec,1998-464,53.99131,-72.83712,1998,5880.0,Natural
Ontario,COC4,53.995,-83.845,1998,11500.0,Natural
Alberta,W03057,59.3981,-119.135,1998,1250.0,Natural
Northwest Territories,98WB014,60.21,-113.93,1998,9445.0,Natural
Alberta,98WB016,59.21,-113.7,1998,500.0,Natural
Ontario,NIP103,49.0833,-86.9658,1998,2454.0,Natural
Ontario,COC47,50.7652,-81.1347,1998,200.0,Natural
Ontario,NIP58,50.0525,-86.2806,1998,302.0,Natural
Ontario,THU71,50.1101,-89.8322,1998,7400.0,Natural
Ontario,NIP49,49.7773,-85.6736,1998,367.0,Natural
Quebec,1998-439,51.43465,-62.49567,1998,275.0,Natural
Ontario,THU65,50.7854,-89.4046,1998,2972.0,Natural
Ontario,THU67,50.7477,-89.4877,1998,4170.0,Natural
Quebec,1998-426,53.90438,-73.81349,1998,280.6,Natural
Newfoundland and Labrador,1998-604,53.23,-65.42,1998,1983.0,Natural
Newfoundland and Labrador,1998-603,53.3,-65.4,1998,631.0,Natural
Newfoundland and Labrador,1998-606,53.37,-65.18,1998,328.0,Natural
Newfoundland and Labrador,1998-607,52.37,-62.58,1998,3000.0,Natural
Newfoundland and Labrador,1998-608,52.43,-62.28,1998,11700.0,Natural
Quebec,1998-440,55.69994,-77.09326,1998,588.0,Human
Quebec,1998-436,51.57374,-65.3015,1998,3131.0,Natural
Quebec,1998-437,51.56925,-65.13918,1998,13821.0,Natural
Quebec,1998-430,51.43375,-62.46682,1998,1548.0,Natural
Newfoundland and Labrador,1998-602,52.97,-64.2,1998,2142.0,Natural
Ontario,COC40,51.9016,-82.8532,1998,1400.0,Natural
Quebec,1998-435,51.28777,-66.06176,1998,3679.0,Natural
Quebec,1998-418,50.81745,-63.65101,1998,825.2,Natural
British Columbia,1998-G80132,57.6833,-120.6667,1998,400.0,Natural
Saskatchewan,LORRETTA,55.9427,-108.5729,1998,19000.0,Human
Yukon,1998DA008,63.692778,-138.843056,1998,681.64,Natural
Northwest Territories,FS050-98,62.4091,-124.4976,1998,10094.0,Natural
Alberta,W02021,58.0313,-119.8564,1998,539.4,Natural
Yukon,1998BC001,61.9,-140.65,1998,324.56,Natural
Northwest Territories,FS004-98,60.1471,-119.9355,1998,8300.0,Natural
Alberta,E01052,57.4439,-113.4872,1998,230.0,Natural
Yukon,1998HJ005,60.807542,-137.690221,1998,3298.32,Human
Northwest Territories,VQ001-98,64.3,-125.3666,1998,200.0,Natural
Saskatchewan,MUSTANG,54.5365,-106.3229,1998,203.0,Natural
Saskatchewan,BLACKSTONE,56.4323,-107.1771,1998,28800.0,Natural
Alberta,E02077,55.4262,-111.9697,1998,3790.0,Natural
Northwest Territories,ZF006-98,65.3773,-117.8623,1998,5100.0,Natural
Alberta,E01049,56.4026,-110.0245,1998,320.0,Natural
Alberta,E02076,54.9912,-110.7864,1998,9263.0,Human
Saskatchewan,UPSON,56.099,-107.0938,1998,35700.0,Natural
Saskatchewan,ORPHAN,56.474,-106.7604,1998,590.0,Natural
Saskatchewan,NORTH,56.9115,-108.8646,1998,34000.0,Natural
Yukon,1998DA004,63.043802,-140.58559,1998,11439.4,Natural
Yukon,1998DA003,63.048333,-140.117222,1998,40759.69,Natural
Saskatchewan,CLEAR3,56.9531,-109.2396,1998,7000.0,Natural
Saskatchewan,BEAR4,56.1927,-109.0104,1998,4000.0,Natural
Saskatchewan,PENNEL,56.4219,-109.9896,1998,3000.0,Natural
Saskatchewan,CABIN2,56.401,-109.2813,1998,2700.0,Natural
Saskatchewan,GRIZZLY,55.9531,-109.2813,1998,2200.0,Natural
British Columbia,1998-R90030,59.455,-131.943,1998,300.0,Natural
Alberta,E02070,55.4208,-110.6524,1998,10330.0,Natural
Alberta,W05047,54.9376,-114.2045,1998,2362.6,Natural
Alberta,N03052,54.7449,-114.9399,1998,4875.3,Natural
Alberta,E01025,59.6236,-110.2064,1998,51250.0,Natural
Saskatchewan,OUTLAW,54.4948,-105.2396,1998,200.0,Natural
Quebec,1998-290,49.55216,-73.99307,1998,5288.0,Human
Ontario,COC29,51.9404,-82.6657,1998,520.0,Natural
Ontario,COC28,52.1874,-81.8484,1998,500.0,Human
Saskatchewan,TIM1,59.1198,-102.3646,1998,1000.0,Natural
Saskatchewan,APPS,55.3594,-108.0417,1998,40800.0,Natural
Saskatchewan,CHRIS1,59.0365,-102.9063,1998,19370.0,Natural
Saskatchewan,PIERRE,55.3594,-107.0104,1998,10550.0,Natural
Quebec,1998-282,51.05576,-78.97425,1998,15688.0,Natural
Alberta,E01022,59.7253,-110.3972,1998,700.0,Natural
Alberta,E01027,59.835,-110.5736,1998,3850.0,Natural
Alberta,E01028,59.9135,-110.8838,1998,8353.0,Natural
Alberta,W06020,57.4573,-115.6735,1998,3408.0,Natural
Saskatchewan,BAMBI,59.0365,-103.5729,1998,1090.0,Natural
Saskatchewan,MAYSON,57.6563,-107.1875,1998,2000.0,Natural
Alberta,W02011,58.0241,-119.732,1998,1933.8,Natural
Alberta,W05040,55.8388,-113.189,1998,12096.0,Natural
Saskatchewan,PAWLIUK,57.8385,-104.8021,1998,550.0,Natural
Quebec,1998-271,50.32914,-61.73591,1998,614.0,Human
Ontario,NIP34,48.8375,-87.8245,1998,2426.0,Natural
Alberta,W05025,55.6672,-114.6842,1998,457.3,Natural
Ontario,NIP38,49.8542,-88.6485,1998,1000.0,Natural
Ontario,NIP24,49.2542,-87.0893,1998,550.5,Natural
Ontario,NIP37,49.8895,-88.6915,1998,700.0,Natural
Ontario,CHA13,47.6834,-83.8381,1998,506.7000122,Natural
Ontario,WAW22,49.4145,-86.3865,1998,17597.0,Natural
Saskatchewan,MCLEAN,56.4687,-109.3125,1998,250.0,Natural
Quebec,1998-225,49.22153,-76.885,1998,4130.0,Human
Yukon,1998XY006,60.149592,-135.720569,1998,200.0,Human
Yukon,1998XY009,60.1,-135.516667,1998,200.0,Human
Yukon,1998XY004,60.25,-135.833333,1998,10364.25,Human
Alberta,E03010,55.6894,-112.3019,1998,330.0,Human
Alberta,S04012,52.9506,-114.9105,1998,350.0,Human
Newfoundland and Labrador,1998-134,48.37,-53.97,1998,580.0,Human
Quebec,1998-197,48.5063,-73.96063,1998,773.4,Human
Quebec,1998-187,53.58603,-77.68031,1998,625.4,Human
Quebec,1998-229,55.40258,-77.53582,1998,300.0,Human
Alberta,W07041,55.4705,-116.7265,1998,967.0,Human
Alberta,N02021,53.5519,-115.371,1998,10886.3,Human
Alberta,N02020,53.4736,-116.7557,1998,390.0,Human
Alberta,N02022,53.1594,-115.4329,1998,325.0,Human
Saskatchewan,SACK,53.6406,-101.7604,1998,1154.0,Human
Saskatchewan,BURGER,52.8906,-102.2188,1998,208.0,Human
Saskatchewan,STEVE3,53.5781,-107.0938,1998,250.0,Human
British Columbia,1998-G80036,56.2667,-121.1333,1998,200.0,Human
British Columbia,1998-C50067,52.237,-125.2,1998,324.0,Human
Alberta,N03018,54.7068,-116.5306,1998,163138.1,Natural
Alberta,N03022,54.7884,-116.3076,1998,5830.0,Natural
Alberta,N03024,54.6795,-116.4643,1998,2029.0,Natural
Alberta,W05015,55.2102,-114.6228,1998,49670.0,Human
Saskatchewan,RAY2,54.1094,-108.2396,1998,650.0,Human
Saskatchewan,RABBIT,53.4948,-105.9063,1998,2002.0,Human
Saskatchewan,SADDLER01,55.2656,-103.7813,1998,320.0,Natural
Saskatchewan,SHORE1,53.9323,-109.9063,1998,7860.0,Human
Alberta,N02017,53.7774,-115.7541,1998,388.2,Human
Manitoba,WE-313-015-98,52.583,-100.933,1998,255.3,Human
Ontario,THU21,49.566,-89.2058,1998,26400.0,Unknown
British Columbia,1998-R90018,57.591,-130.007,1998,384.0,Human
Manitoba,WE--012-98,52.945,-101.533,1998,604.6,Human
Manitoba,CE-408-046-98,51.623,-98.697,1998,261.6,Human
Ontario,WAW7,49.5703,-86.1287,1998,543.0,Human
Alberta,W07010,55.412,-115.3441,1998,402.0,Human
Manitoba,WE-309-007-98,50.883,-99.267,1998,247.1,Human
Manitoba,WE-309-006-98,50.95,-99.267,1998,201.1,Human
Saskatchewan,JACKFISH,53.1146,-108.2708,1998,300.0,Human
Saskatchewan,CUMMINS,55.5156,-108.7396,1998,2200.0,Human
Saskatchewan,NIGHT2,53.8646,-109.9792,1998,640.0,Human
Saskatchewan,GRASS,54.0417,-109.3229,1998,300.0,Human
Saskatchewan,CROWN2,53.8385,-108.9271,1998,350.0,Human
Saskatchewan,PASTURE1,53.8802,-102.8646,1998,300.0,Human
Manitoba,CE-408-017-98,51.918,-99.656,1998,220.5,Human
Alberta,W07003,55.4124,-116.0584,1998,260.0,Human
Manitoba,CE-408-009-98,52.029,-99.444,1998,515.5,Human
Ontario,FOR5,48.8341,-94.5807,1998,700.0,Human
Alberta,W01021,54.2339,-118.8081,1997,256.0,Human
Alberta,N01021,53.3827,-117.7324,1997,445.0,Human
Alberta,N02037,53.1667,-117.4925,1997,2800.0,Human
Alberta,S01019,49.6876,-113.9243,1997,309.0,Human
Manitoba,NE-105-164-97,58.85,-99.117,1997,7308.7,Natural
Manitoba,NE-105-163-97,58.433,-98.217,1997,515.4,Natural
Newfoundland and Labrador,1997-623,55.58,-60.62,1997,259.0,Natural
Saskatchewan,JEAN,56.2135,-106.5938,1997,300.0,Natural
Manitoba,NE-105-136-97,58.217,-97.0,1997,2443.4,Natural
Manitoba,NE-105-130-97,56.883,-101.478,1997,225.4,Natural
Manitoba,NE-105-131-97,56.917,-101.583,1997,408.9,Natural
Manitoba,NE-105-132-97,56.933,-101.633,1997,410.2,Natural
Manitoba,NE-105-123-97,56.917,-101.312,1997,491.2,Natural
Manitoba,NE-105-129-97,56.895,-101.433,1997,511.4,Natural
Manitoba,NE-105-128-97,56.886,-101.444,1997,545.9,Natural
Manitoba,NE-105-143-97,57.083,-100.75,1997,373.4,Natural
Manitoba,NE-105-151-97,56.374,-99.578,1997,472.5,Natural
Northwest Territories,VQ023-97,67.4166,-128.9833,1997,200.0,Natural
Saskatchewan,MAWDSLEY,56.6823,-106.3854,1997,380.0,Natural
Manitoba,NE-105-154-97,55.512,-93.476,1997,676.6,Natural
British Columbia,1997-K70103,50.699,-121.653,1997,1054.0,Human
Northwest Territories,CR016-97,61.4833,-107.0666,1997,98825.0,Natural
Northwest Territories,EV015-97,68.2666,-130.0833,1997,5300.0,Natural
Northwest Territories,VQ021-97,64.9773,-124.0051,1997,1100.0,Natural
Quebec,1997-597,52.19904,-75.1781,1997,1019.0,Natural
Quebec,1997-598,52.19005,-75.10359,1997,278.0,Natural
Quebec,1997-609,52.55306,-74.64152,1997,955.0,Natural
Quebec,1997-613,51.69454,-75.44196,1997,492.0,Natural
Northwest Territories,VQ019-97,67.15,-127.0,1997,1000.0,Natural
Northwest Territories,VQ020-97,66.5,-128.5333,1997,600.0,Natural
Ontario,COC51,51.619,-81.3539,1997,8500.0,Natural
Manitoba,NE-105-105-97,56.217,-97.933,1997,222.0,Natural
Quebec,1997-582,52.21163,-75.70597,1997,4142.0,Human
Ontario,COC48,53.6394,-83.2311,1997,2250.0,Natural
Ontario,COC49,52.1826,-81.8849,1997,480.0,Natural
Ontario,COC4,54.6492,-84.6907,1997,900.0,Natural
Ontario,HEA22,50.3911,-84.5338,1997,380.0,Natural
Manitoba,NE-105-096-97,58.783,-99.383,1997,2472.0,Natural
Manitoba,NE-105-097-97,58.75,-99.55,1997,6912.7,Natural
Northwest Territories,CR011-97,60.2248,-105.3311,1997,547.0,Natural
Northwest Territories,CR012-97,60.1541,-105.361,1997,380.0,Natural
Northwest Territories,CR013-97,60.3583,-106.0033,1997,7910.0,Natural
Northwest Territories,CR010-97,60.4755,-104.6373,1997,337.0,Natural
Northwest Territories,VQ008-97,66.1833,-126.0,1997,3200.0,Natural
Saskatchewan,BORDER2,58.8594,-102.0104,1997,250.0,Natural
Manitoba,NE-105-064-97,58.161,-100.647,1997,3845.3,Natural
Manitoba,NE-105-067-97,57.833,-100.0,1997,386.0,Natural
Manitoba,NE-105-066-97,57.833,-100.0,1997,389.9,Natural
Manitoba,NE-105-065-97,57.756,-100.153,1997,461.6,Natural
Manitoba,NE-105-051-97,55.983,-93.917,1997,233.8,Natural
Manitoba,NE-105-047-97,55.15,-93.967,1997,319.0,Natural
Manitoba,NE-105-044-97,55.333,-94.933,1997,1690.4,Natural
Yukon,1997MA002,63.083333,-133.05,1997,448.19,Natural
Yukon,1997MA003,63.076548,-137.518274,1997,1697.31,Natural
Yukon,1997BC003,62.395668,-140.506272,1997,3248.32,Natural
Northwest Territories,CR002-97,60.4666,-103.3333,1997,390.0,Natural
Yukon,1997BC002,62.135172,-139.771136,1997,5320.06,Natural
Quebec,1997-514,52.0009,-69.06873,1997,3960.0,Natural
Newfoundland and Labrador,1997-610,53.27,-62.2,1997,8000.0,Human
Ontario,COC46,51.492,-84.6233,1997,480.0,Natural
Quebec,1997-480,52.20983,-77.90933,1997,689.0,Natural
Quebec,1997-515,52.10222,-78.02038,1997,243.0,Natural
Quebec,1997-501,51.98412,-69.04683,1997,1504.0,Natural
Quebec,1997-497,51.00899,-71.10092,1997,393.0,Natural
Quebec,1997-542,51.1319,-70.64087,1997,2269.0,Natural
Saskatchewan,HATCHET,58.1927,-103.6146,1997,300.0,Natural
Northwest Territories,CR001-97,60.1538,-103.4035,1997,5500.0,Natural
Manitoba,NE-105-028-97,57.4,-95.783,1997,4030.6,Natural
Manitoba,NE-105-029-97,58.633,-93.55,1997,589.0,Natural
Quebec,1997-405,50.48052,-78.85166,1997,54197.0,Natural
Quebec,1997-430,47.73591,-70.53653,1997,2896.0,Natural
Quebec,1997-385,50.16607,-78.39561,1997,2019.0,Natural
Ontario,NIP29,49.6408,-88.4612,1997,200.0,Natural
Quebec,1997-383,51.20804,-71.36212,1997,9073.0,Natural
Ontario,TIM24,48.2691,-82.0309,1997,3266.0,Natural
Ontario,COC34,49.1057,-79.5477,1997,569.7999878,Natural
Quebec,1997-312,50.5045,-75.35586,1997,458.0,Natural
Quebec,1997-387,51.07644,-76.63088,1997,5466.0,Natural
Quebec,1997-317,47.95714,-73.93957,1997,6284.0,Natural
Ontario,NIP20,51.6755,-85.9067,1997,675.0,Human
Manitoba,WE-312-010-97,49.7,-99.383,1997,2457.1,Human
Quebec,1997-333,51.79676,-68.61577,1997,1850.0,Natural
Quebec,1997-363,52.33783,-67.37545,1997,702.0,Natural
Quebec,1997-336,48.0045,-73.51075,1997,2393.0,Natural
British Columbia,1997-C50104,51.758,-124.003,1997,326.0,Human
Quebec,1997-241,52.13729,-74.52326,1997,38873.0,Natural
Quebec,1997-203,50.43915,-75.16384,1997,1941.0,Natural
Quebec,1997-240,52.08364,-74.65788,1997,6789.0,Natural
Quebec,1997-242,50.54946,-75.08882,1997,1718.0,Natural
Quebec,1997-254,50.79497,-74.2187,1997,1820.0,Natural
Quebec,1997-259,51.11661,-75.2574,1997,2314.0,Natural
Quebec,1997-263,51.1274,-75.49857,1997,1274.0,Natural
Quebec,1997-273,50.42566,-74.24153,1997,1067.0,Natural
Quebec,1997-318,50.70983,-74.60986,1997,2115.0,Natural
Quebec,1997-208,50.56475,-73.50546,1997,2574.0,Natural
Quebec,1997-243,50.35222,-73.1753,1997,887.0,Natural
Quebec,1997-255,51.06025,-71.75463,1997,2326.0,Natural
Quebec,1997-257,51.10222,-71.78893,1997,1619.0,Natural
Quebec,1997-260,51.30576,-71.44677,1997,18841.0,Natural
Quebec,1997-262,51.3801,-71.47118,1997,16217.0,Natural
Quebec,1997-207,50.36211,-77.54809,1997,5355.0,Natural
Quebec,1997-232,49.77158,-76.33869,1997,2557.0,Natural
Quebec,1997-200,50.19904,-78.4438,1997,3194.0,Natural
Quebec,1997-249,50.55756,-77.59872,1997,6980.0,Natural
Quebec,1997-347,53.55846,-72.66976,1997,17584.0,Natural
Quebec,1997-348,53.84862,-71.23933,1997,4740.0,Natural
Quebec,1997-274,53.25,-76.51419,1997,7539.0,Natural
Ontario,COC30,50.0553,-80.0361,1997,213.0,Natural
Ontario,TIM12,48.3185,-80.8179,1997,9538.0,Natural
Quebec,1997-144,51.57194,-75.83708,1997,14958.0,Natural
Quebec,1997-173,51.67026,-75.81738,1997,9703.0,Natural
Quebec,1997-177,50.72512,-75.46448,1997,6405.0,Natural
Quebec,1997-202,51.85402,-74.80421,1997,25293.0,Natural
Quebec,1997-227,52.05396,-75.33041,1997,213.0,Natural
Quebec,1997-228,52.1202,-75.29525,1997,12597.0,Natural
Quebec,1997-338,51.15708,-76.81613,1997,12442.0,Natural
Quebec,1997-283,49.97422,-79.29278,1997,18319.0,Natural
Quebec,1997-193,53.90528,-75.96489,1997,13385.0,Natural
Quebec,1997-149,53.372,-77.69272,1997,2289.0,Natural
Quebec,1997-365,52.3729,-74.36364,1997,12142.0,Natural
Quebec,1997-134,49.98142,-79.12751,1997,221.0,Natural
Quebec,1997-322,49.20264,-79.50213,1997,12557.0,Natural
Ontario,COC19,48.8528,-80.4956,1997,2514.100098,Natural
Saskatchewan,WHEELER,57.4896,-104.9375,1997,200.0,Natural
Ontario,RED9,51.3103,-94.363,1997,1873.300049,Natural
Ontario,COC12,52.889,-82.6646,1997,650.0,Natural
Ontario,COC16,50.0046,-80.5953,1997,4155.799805,Natural
Ontario,TIM2,48.4169,-81.4122,1997,204.0,Human
Saskatchewan,STAR,54.4219,-108.3438,1997,270.0,Human
Saskatchewan,WIND,53.1198,-104.8854,1997,350.0,Human
Manitoba,NE-102-210-96,57.883,-98.333,1996,13618.0,Natural
Quebec,1996-1133,50.3801,-64.15256,1996,1370.0,Human
Manitoba,NE-105-193-96,58.183,-101.983,1996,8330.4,Natural
Manitoba,NE-101-189-96,57.218,-96.944,1996,973.7,Natural
Manitoba,NE-102-192-96,57.25,-97.728,1996,5951.9,Natural
Manitoba,NE-103-186-96,56.697,-96.901,1996,215.1,Natural
Northwest Territories,VQ063-96,66.5895,-123.1168,1996,302.0,Natural
Manitoba,NE-101-190-96,57.238,-97.034,1996,557.9,Natural
Newfoundland and Labrador,1996-666,53.65,-57.7,1996,200.0,Natural
Newfoundland and Labrador,1996-667,52.37,-65.48,1996,1600.0,Natural
Northwest Territories,VQ058-96,65.4166,-122.95,1996,520.0,Natural
Quebec,1996-1022,51.54137,-70.40654,1996,2034.0,Natural
Newfoundland and Labrador,1996-665,52.17,-61.08,1996,1000.0,Natural
Newfoundland and Labrador,1996-661,53.87,-60.77,1996,334.0,Natural
Newfoundland and Labrador,1996-653,54.92,-61.42,1996,3200.0,Natural
Newfoundland and Labrador,1996-656,53.63,-66.13,1996,4800.0,Natural
Quebec,1996-975,50.66067,-78.68474,1996,592.0,Natural
Quebec,1996-984,51.8765,-75.72961,1996,297.0,Natural
Quebec,1996-1021,51.32554,-58.71402,1996,533.0,Natural
Quebec,1996-1000,50.08963,-69.17431,1996,231.0,Natural
Newfoundland and Labrador,1996-645,54.7,-60.25,1996,15000.0,Natural
Newfoundland and Labrador,1996-646,53.4,-64.08,1996,200.0,Natural
Newfoundland and Labrador,1996-644,52.0,-60.42,1996,1200.0,Natural
Manitoba,NE-102-174-96,56.499,-98.882,1996,426.0,Natural
Quebec,1996-956,52.22602,-76.70742,1996,1258.0,Natural
Quebec,1996-957,52.32914,-76.9897,1996,625.0,Natural
Quebec,1996-968,52.05486,-76.64912,1996,331.0,Natural
Quebec,1996-983,51.06295,-78.22854,1996,4066.0,Natural
Quebec,1996-952,50.18465,-73.35206,1996,2054.0,Natural
Quebec,1996-996,51.3783,-71.06604,1996,2381.0,Natural
Quebec,1996-960,51.53148,-72.25382,1996,1396.0,Natural
Quebec,1996-982,51.44365,-72.47114,1996,718.0,Natural
Newfoundland and Labrador,1996-635,53.35,-66.98,1996,700.0,Natural
Newfoundland and Labrador,1996-639,53.2,-65.48,1996,2048.0,Natural
Newfoundland and Labrador,1996-632,53.22,-66.78,1996,7058.0,Natural
Newfoundland and Labrador,1996-633,53.4,-66.65,1996,4400.0,Natural
Newfoundland and Labrador,1996-636,53.37,-65.85,1996,3380.0,Natural
Newfoundland and Labrador,1996-626,52.48,-63.07,1996,14000.0,Natural
Newfoundland and Labrador,1996-643,53.05,-60.92,1996,1500.0,Natural
Newfoundland and Labrador,1996-624,52.1,-59.92,1996,200.0,Natural
Newfoundland and Labrador,1996-630,52.33,-66.07,1996,1920.0,Natural
Newfoundland and Labrador,1996-629,52.42,-65.5,1996,1200.0,Natural
Newfoundland and Labrador,1996-631,52.3,-66.05,1996,7032.0,Natural
Ontario,COC33,55.8997,-90.5129,1996,15000.0,Natural
Ontario,COC48,51.9343,-82.0181,1996,1200.0,Natural
Ontario,COC54,52.9407,-83.5521,1996,1100.0,Natural
Quebec,1996-944,51.82015,-76.33665,1996,3649.0,Natural
Quebec,1996-1039,50.81565,-79.47865,1996,634.0,Natural
Quebec,1996-1088,50.80396,-66.18596,1996,207.0,Natural
Quebec,1996-1007,50.52428,-70.22029,1996,303.0,Natural
Newfoundland and Labrador,1996-618,53.08,-64.91,1996,768.0,Natural
Newfoundland and Labrador,1996-619,52.9,-65.03,1996,3072.0,Natural
Yukon,1996MA009,65.616667,-135.5,1996,699.25,Natural
British Columbia,1996-K70237,50.717,-121.95,1996,435.0,Human
Quebec,1996-939,51.15168,-76.75161,1996,7001.0,Natural
Quebec,1996-935,50.80396,-78.04064,1996,243.0,Natural
Quebec,1996-933,53.52968,-73.28643,1996,10333.0,Natural
Quebec,1996-977,53.40798,-72.18362,1996,700.0,Natural
Quebec,1996-980,53.79946,-70.49543,1996,375.0,Natural
Quebec,1996-981,53.96947,-70.06525,1996,15000.0,Natural
Quebec,1996-931,53.39449,-73.65158,1996,2694.0,Natural
Quebec,1996-932,53.53687,-73.70763,1996,478.0,Natural
Northwest Territories,HY041-96,61.6673,-116.3506,1996,3500.0,Natural
Ontario,COC53,50.5804,-79.9195,1996,4900.0,Natural
Ontario,COC51,53.1791,-84.2541,1996,12500.0,Natural
Ontario,COC52,53.3617,-84.3777,1996,350.0,Natural
British Columbia,1996-K70239,50.194,-122.095,1996,4800.0,Human
Ontario,COC13,55.7151,-90.2858,1996,700.0,Natural
Ontario,COC14,55.112,-89.7514,1996,1800.0,Natural
Yukon,1996MA008,64.95,-133.666667,1996,211.32,Natural
Yukon,1996DA042,64.250524,-140.049713,1996,509.95,Natural
Alberta,W03057,59.8411,-117.6968,1996,452.0,Natural
Saskatchewan,ZANGEZA,58.2031,-102.0313,1996,3500.0,Natural
Saskatchewan,WHIGHAM,58.7344,-104.5938,1996,2565.0,Natural
Northwest Territories,CR015-96,60.2913,-106.2531,1996,3000.0,Natural
Northwest Territories,CR016-96,60.319,-107.0866,1996,2500.0,Natural
Northwest Territories,VQ043-96,65.9776,-125.47,1996,700.0,Natural
Northwest Territories,VQ044-96,65.6188,-126.4201,1996,733.0,Natural
Saskatchewan,BANNOCK,58.8073,-102.6354,1996,460.0,Natural
Northwest Territories,CR014-96,60.4016,-106.0091,1996,10000.0,Natural
Northwest Territories,VQ040-96,64.721,-126.1036,1996,2800.0,Natural
Quebec,1996-955,52.61571,-67.11334,1996,978.0,Natural
Quebec,1996-1087,54.77248,-66.99065,1996,2837.0,Natural
Yukon,1996MA007,63.466667,-133.416667,1996,442.03,Natural
Northwest Territories,EV024-96,67.8845,-132.6536,1996,1000.0,Natural
Quebec,1996-913,51.81295,-76.78824,1996,862.0,Natural
Quebec,1996-908,54.30756,-79.31329,1996,716.0,Natural
Quebec,1996-910,54.6283,-78.04915,1996,2092.0,Natural
Quebec,1996-911,54.6319,-77.98757,1996,12492.0,Natural
Quebec,1996-912,54.57824,-77.71431,1996,12694.0,Natural
Northwest Territories,EV023-96,66.1666,-132.95,1996,590.0,Natural
Northwest Territories,EV021-96,66.3166,-132.2,1996,1060.0,Natural
British Columbia,1996-C50084,52.405,-125.817,1996,800.0,Natural
Quebec,1996-918,54.94904,-76.24374,1996,69444.0,Natural
Quebec,1996-919,55.07734,-76.21858,1996,28313.0,Natural
Quebec,1996-916,52.79766,-75.064,1996,58835.0,Natural
Manitoba,NE-101-151-96,55.841,-96.007,1996,346.6,Natural
Manitoba,NE-101-142-96,55.375,-95.919,1996,2121.6,Natural
Northwest Territories,FS044-96,61.5421,-121.0313,1996,298.0,Natural
Ontario,SLK9,54.6739,-90.8056,1996,2375.0,Natural
Ontario,SLK8,54.605,-90.9796,1996,650.0,Natural
Ontario,SLK10,54.7305,-91.5946,1996,3062.0,Natural
Ontario,SLK11,54.8399,-91.7309,1996,1063.0,Natural
Northwest Territories,VQ031-96,66.7671,-125.5873,1996,1350.0,Natural
Northwest Territories,VQ032-96,66.7868,-125.6538,1996,4733.0,Natural
Northwest Territories,VQ030-96,66.2558,-125.3343,1996,4381.0,Natural
Yukon,1996DA035,65.643329,-136.691479,1996,978.37,Natural
Ontario,SLK4,54.3276,-91.7314,1996,550.0,Natural
Manitoba,NE-103-124-96,56.35,-96.433,1996,8960.0,Natural
Northwest Territories,CR009-96,60.6833,-108.25,1996,15000.0,Natural
Northwest Territories,CR011-96,61.9166,-109.0333,1996,800.0,Natural
Northwest Territories,CR017-96,60.1913,-100.7408,1996,200.0,Natural
Ontario,SLK6,54.2701,-92.4549,1996,1150.0,Natural
Ontario,RED75,53.7137,-93.3258,1996,287.0,Natural
Manitoba,NE-104-117-96,53.217,-96.833,1996,328.2,Natural
Ontario,SLK130,53.3368,-90.0787,1996,280.0,Natural
Manitoba,NE-101-115-96,55.574,-95.74,1996,1803.7,Natural
Manitoba,NE-101-103-96,55.592,-95.496,1996,2146.2,Natural
Manitoba,NE-106-071-96,54.955,-94.067,1996,1043.2,Natural
Manitoba,NE-106-072-96,54.906,-94.324,1996,2708.7,Natural
Manitoba,NE-106-106-96,54.633,-93.268,1996,1041.0,Natural
Ontario,COC7,54.5021,-88.992,1996,1250.0,Natural
Manitoba,NE-105-088-96,58.15,-100.783,1996,499.6,Natural
Manitoba,NE-105-089-96,58.15,-100.867,1996,605.4,Natural
Manitoba,NE-105-086-96,58.917,-100.033,1996,2366.2,Natural
Manitoba,NE-105-087-96,58.233,-101.133,1996,2716.5,Natural
Manitoba,NE-105-159-96,58.783,-99.7,1996,4459.9,Natural
Manitoba,NE-105-081-96,57.842,-100.183,1996,470.0,Natural
Manitoba,NE-105-085-96,57.85,-100.433,1996,578.8,Natural
Manitoba,NE-105-084-96,57.75,-100.617,1996,1268.0,Natural
Manitoba,NE-105-078-96,57.55,-100.567,1996,1471.1,Natural
Manitoba,NE-105-079-96,57.567,-100.55,1996,1875.1,Natural
Quebec,1996-878,52.30486,-77.19117,1996,319.0,Natural
Quebec,1996-881,52.04137,-76.29093,1996,1777.0,Natural
Yukon,1996MA006,65.666667,-134.5,1996,20877.89,Natural
Ontario,SLK121,53.9747,-89.0812,1996,465.0,Natural
Manitoba,NE-103-110-96,56.767,-96.333,1996,12018.0,Natural
Northwest Territories,ZF086-96,65.2333,-117.3666,1996,500.0,Natural
Manitoba,NE-102-062-96,57.267,-98.517,1996,1404.1,Natural
Ontario,COC9,54.0332,-89.0764,1996,800.0,Natural
Ontario,COC8,54.7902,-88.9595,1996,200.0,Natural
Ontario,COC3,56.0613,-88.7023,1996,29800.0,Natural
Ontario,COC5,55.5108,-88.1242,1996,500.0,Natural
Manitoba,NE-106-122-96,54.644,-93.316,1996,311.1,Natural
Yukon,1996OC008,66.267337,-135.053975,1996,447.63,Natural
Yukon,1996OC010,66.249282,-135.026853,1996,632.01,Natural
Yukon,1996OC007,66.965353,-137.931966,1996,569.33,Natural
Yukon,1996OC009,66.310075,-138.88715,1996,379.64,Natural
Northwest Territories,ZF083-96,63.15,-118.6,1996,1700.0,Natural
Northwest Territories,EV011-96,67.0666,-132.25,1996,1400.0,Natural
Northwest Territories,ZF082-96,65.2203,-117.6921,1996,300.0,Natural
Northwest Territories,ZF080-96,64.4166,-114.7333,1996,13491.0,Natural
Northwest Territories,ZF068-96,62.945,-113.3425,1996,830.0,Natural
Northwest Territories,ZF069-96,63.1883,-113.7618,1996,2200.0,Natural
Northwest Territories,ZF074-96,63.8675,-115.4091,1996,10146.0,Natural
Northwest Territories,ZF065-96,62.2666,-116.2833,1996,800.0,Natural
British Columbia,1996-G90069,58.367,-123.45,1996,1125.0,Natural
Northwest Territories,HY039-96,60.45,-119.2,1996,1600.0,Natural
Alberta,96WB018,59.8831,-113.7433,1996,3600.0,Natural
Ontario,NIP109,53.9345,-88.7898,1996,18000.0,Natural
Ontario,NIP110,54.0008,-88.5485,1996,2850.0,Natural
Saskatchewan,MCINNIS,59.5365,-107.9479,1996,458.7,Natural
Northwest Territories,ZF041-96,63.1633,-113.556,1996,30361.0,Natural
Northwest Territories,ZF042-96,63.1503,-113.564,1996,42955.9,Natural
Northwest Territories,ZF046-96,63.2733,-113.6473,1996,500.0,Natural
Northwest Territories,ZF048-96,63.3216,-113.8316,1996,2800.0,Natural
Northwest Territories,FS030-96,62.2166,-120.0833,1996,1000.0,Natural
Northwest Territories,HY038-96,60.5333,-116.25,1996,2067.0,Natural
Newfoundland and Labrador,1996-606,52.34,-61.53,1996,777.0,Natural
Newfoundland and Labrador,1996-605,52.95,-66.0,1996,2560.0,Natural
Northwest Territories,ZF033-96,63.0206,-113.4373,1996,4549.9,Natural
Northwest Territories,ZF037-96,62.9626,-113.2211,1996,250.0,Natural
Northwest Territories,ZF019-96,64.08,-114.2573,1996,250.0,Natural
Northwest Territories,ZF022-96,64.1061,-114.1715,1996,200.0,Natural
Northwest Territories,ZF039-96,63.4375,-112.3898,1996,250.0,Natural
Northwest Territories,HY034-96,61.6885,-118.7683,1996,5300.0,Natural
Northwest Territories,HY029-96,61.0,-116.75,1996,13369.0,Natural
Northwest Territories,HY033-96,60.45,-119.0666,1996,1000.0,Natural
Northwest Territories,FS029-96,60.4333,-120.8833,1996,17531.0,Natural
Northwest Territories,ZF016-96,63.8833,-118.6666,1996,2600.0,Natural
British Columbia,1996-G90055,59.952,-124.869,1996,750.0,Natural
British Columbia,1996-G90057,59.48,-121.115,1996,800.0,Natural
British Columbia,1996-G90054,58.917,-123.583,1996,358.0,Natural
British Columbia,1996-G90052,59.3,-122.933,1996,800.0,Natural
Quebec,1996-841,52.86841,-67.07588,1996,1247.0,Natural
Quebec,1996-1221,51.15078,-69.06756,1996,4022.0,Natural
Newfoundland and Labrador,1996-604,52.9,-67.08,1996,3000.0,Human
Northwest Territories,VQ014-96,65.9666,-121.8,1996,2000.0,Natural
Northwest Territories,VQ013-96,65.55,-120.5833,1996,900.0,Natural
Northwest Territories,ZF006-96,63.2871,-114.368,1996,400.0,Natural
Northwest Territories,ZF007-96,63.348,-114.2071,1996,39786.0,Natural
Northwest Territories,ZF008-96,63.352,-114.6291,1996,5000.0,Natural
Northwest Territories,ZF009-96,63.405,-114.6515,1996,400.0,Natural
Northwest Territories,ZF012-96,63.6756,-115.6695,1996,200.0,Natural
Northwest Territories,VQ012-96,64.7333,-123.4833,1996,1000.0,Natural
Northwest Territories,FS025-96,62.6863,-123.9573,1996,234.0,Natural
Northwest Territories,FS016-96,62.0366,-122.9865,1996,1469.0,Natural
Northwest Territories,FS012-96,61.8851,-124.1368,1996,3009.0,Natural
Northwest Territories,JF004-96,61.6301,-124.2608,1996,5000.0,Natural
Northwest Territories,JF005-96,61.573,-124.1833,1996,4161.0,Natural
Northwest Territories,FS020-96,60.5,-119.1666,1996,1102.0,Natural
Northwest Territories,FS022-96,61.3,-120.3833,1996,220.0,Natural
Northwest Territories,FS015-96,60.4333,-119.7166,1996,12690.0,Natural
Northwest Territories,FS021-96,60.6166,-119.9166,1996,14029.0,Natural
Northwest Territories,FS027-96,60.5333,-120.9666,1996,7169.0,Natural
Northwest Territories,HY026-96,60.0375,-117.6855,1996,1783.0,Natural
British Columbia,1996-G90043,59.917,-124.167,1996,8400.0,Natural
Northwest Territories,VQ008-96,65.0833,-124.3666,1996,300.0,Natural
Northwest Territories,VQ009-96,64.7333,-124.2833,1996,600.0,Natural
Northwest Territories,VQ010-96,64.7166,-124.35,1996,500.0,Natural
Northwest Territories,FS009-96,62.2228,-123.7513,1996,2646.0,Natural
Northwest Territories,JF003-96,61.0776,-123.7115,1996,3085.0,Natural
Northwest Territories,HY021-96,60.5845,-114.7501,1996,205.0,Natural
Northwest Territories,VQ006-96,64.6,-126.7833,1996,900.0,Natural
Northwest Territories,VQ004-96,65.9166,-125.0,1996,10500.0,Natural
Northwest Territories,VQ005-96,65.9833,-125.1333,1996,800.0,Natural
Yukon,1996DA023,64.551596,-140.159683,1996,369.28,Natural
Yukon,1996RR002,62.6,-131.466667,1996,14964.04,Human
Yukon,1996OC003,66.583333,-136.9,1996,2522.33,Natural
Yukon,1996OC004,66.75,-137.033333,1996,1880.1,Natural
Northwest Territories,EV008-96,67.2835,-132.2931,1996,3000.0,Natural
Northwest Territories,HY013-96,61.9508,-119.0626,1996,1000.0,Natural
Northwest Territories,HY014-96,61.9508,-119.0625,1996,1000.0,Natural
Quebec,1996-1104,51.17026,-69.7457,1996,7467.0,Natural
Quebec,1996-810,50.09862,-71.04548,1996,354.0,Human
Yukon,1996MA002,63.386572,-132.358584,1996,1870.67,Natural
Northwest Territories,EV003-96,67.0168,-131.2533,1996,14200.0,Natural
Northwest Territories,EV005-96,67.0166,-131.45,1996,400.0,Natural
Northwest Territories,EV006-96,67.0913,-131.5678,1996,1500.0,Natural
Northwest Territories,EV007-96,67.3076,-131.2501,1996,10600.0,Natural
Yukon,1996OC002,66.35,-137.083333,1996,577.32,Natural
Yukon,1996BC003,61.95,-140.566667,1996,347.29,Natural
Ontario,THU105,50.2981,-89.8714,1996,260.0,Natural
Yukon,1996DA014,65.716667,-138.133333,1996,1755.53,Natural
Yukon,1996CA006,62.582608,-135.296135,1996,603.65,Natural
Yukon,1996CA007,61.866667,-136.95,1996,19379.97,Natural
Quebec,1996-760,53.77248,-77.57877,1996,572.0,Human
Yukon,1996CA005,61.581667,-136.499722,1996,17958.18,Natural
Northwest Territories,CR010-96,61.1376,-108.4233,1996,700.0,Natural
Ontario,THU71,49.1096,-90.0882,1996,1029.0,Natural
Ontario,THU95,50.2742,-89.7436,1996,1390.0,Natural
Ontario,COC31,50.6627,-83.2426,1996,3425.0,Natural
Quebec,1996-1231,50.99131,-75.50475,1996,3860.8,Natural
Yukon,1996BC002,61.766667,-140.866667,1996,1826.25,Natural
Ontario,COC28,50.5526,-79.8355,1996,2710.0,Natural
Ontario,COC25,50.6032,-80.7951,1996,2000.0,Natural
Ontario,SLK95,50.7285,-90.074,1996,385.0,Natural
Ontario,RED30,52.2204,-95.1446,1996,250.0,Natural
Ontario,SLK99,53.8036,-89.9536,1996,1010.0,Natural
Ontario,NIP86,49.1626,-89.1329,1996,233.199997,Natural
Ontario,NIP80,49.1633,-89.0918,1996,277.0,Natural
Ontario,THU89,50.6494,-89.8503,1996,304.0,Natural
Saskatchewan,TWIGGE,54.4063,-103.2708,1996,375.0,Natural
Quebec,1996-775,51.11301,-68.97994,1996,8261.0,Natural
Quebec,1996-806,51.40978,-69.5545,1996,15771.0,Natural
Quebec,1996-684,51.76349,-78.09547,1996,1897.0,Natural
Quebec,1996-650,50.1238,-75.33952,1996,714.0,Natural
Quebec,1996-651,50.16936,-75.80104,1996,4130.0,Natural
Quebec,1996-668,50.24671,-76.21203,1996,816.0,Natural
Quebec,1996-702,51.39898,-76.22117,1996,34137.0,Natural
Quebec,1996-703,51.29766,-76.58612,1996,12630.0,Natural
Quebec,1996-705,51.41847,-76.55882,1996,11985.0,Natural
Quebec,1996-749,50.69814,-74.65673,1996,8915.0,Natural
Quebec,1996-750,51.18645,-76.25298,1996,3032.0,Natural
Quebec,1996-729,50.7554,-73.45451,1996,1924.0,Natural
Quebec,1996-697,50.72422,-75.97727,1996,13433.0,Natural
Quebec,1996-660,50.30396,-78.9648,1996,1573.0,Natural
Quebec,1996-595,49.55396,-70.63617,1996,301.0,Natural
Quebec,1996-580,49.99761,-74.42305,1996,604.0,Natural
Quebec,1996-582,50.28327,-74.18667,1996,2612.0,Natural
Ontario,SLK84,50.9109,-90.1764,1996,424.0,Natural
Ontario,DRY31,49.8548,-90.4054,1996,7410.0,Natural
Ontario,THU90,49.9851,-89.7969,1996,7102.0,Natural
Ontario,NIP83,52.4134,-87.072,1996,220.0,Natural
Ontario,DRY36,49.8795,-91.5664,1996,3727.0,Natural
Ontario,THU83,50.7678,-88.2266,1996,881.0,Natural
Ontario,RED27,53.6062,-92.8715,1996,415.0,Natural
Saskatchewan,BITTERN,53.974,-105.9479,1996,820.0,Natural
Manitoba,NE-104-045-96,53.35,-96.567,1996,1699.5,Natural
Quebec,1996-491,51.32284,-78.45395,1996,2036.0,Natural
Quebec,1996-492,51.81565,-77.63321,1996,11730.0,Natural
Quebec,1996-493,52.01349,-77.32603,1996,312.0,Natural
Quebec,1996-683,51.21793,-78.02016,1996,12377.0,Natural
Quebec,1996-685,51.1283,-77.86221,1996,9552.0,Natural
Quebec,1996-687,51.35851,-78.22552,1996,2429.0,Natural
Quebec,1996-690,51.22692,-77.85204,1996,15383.0,Natural
Quebec,1996-704,51.39449,-78.41523,1996,292.0,Natural
Quebec,1996-389,50.28597,-76.09488,1996,337.0,Natural
Quebec,1996-411,51.27428,-74.20256,1996,6297.0,Natural
Quebec,1996-481,50.24761,-75.62307,1996,4244.0,Natural
Quebec,1996-483,50.64898,-74.39397,1996,5364.0,Natural
Quebec,1996-484,50.6229,-74.30924,1996,201.0,Natural
Quebec,1996-485,50.36841,-74.32769,1996,17400.0,Natural
Quebec,1996-523,50.95084,-75.07477,1996,15258.0,Natural
Quebec,1996-540,52.1238,-76.0306,1996,1424.0,Natural
Quebec,1996-560,50.73951,-75.73721,1996,2515.0,Natural
Quebec,1996-638,51.90168,-76.08333,1996,19658.0,Natural
Quebec,1996-680,50.78777,-74.45021,1996,11355.0,Natural
Quebec,1996-854,51.22153,-74.21841,1996,8052.0,Natural
Quebec,1996-855,51.02788,-73.99571,1996,2912.0,Natural
Quebec,1996-351,50.55666,-73.07484,1996,963.0,Natural
Quebec,1996-355,50.50934,-72.70671,1996,896.0,Natural
Quebec,1996-380,50.97153,-71.80334,1996,642.0,Natural
Quebec,1996-397,50.42926,-72.17377,1996,559.0,Natural
Quebec,1996-402,50.66861,-71.6022,1996,368.0,Natural
Quebec,1996-408,49.86031,-73.81241,1996,9524.0,Natural
Quebec,1996-501,50.44994,-73.20057,1996,1190.0,Natural
Quebec,1996-522,50.59053,-72.08876,1996,1512.0,Natural
Quebec,1996-655,50.41517,-72.51559,1996,7429.0,Natural
Quebec,1996-676,51.0009,-70.5619,1996,271.0,Natural
Quebec,1996-695,50.56655,-72.0805,1996,321.0,Natural
Quebec,1996-713,50.26979,-72.39556,1996,535.0,Natural
Quebec,1996-759,50.40258,-73.01984,1996,281.0,Natural
Quebec,1996-723,51.01079,-70.31189,1996,200.0,Natural
Quebec,1996-727,51.12021,-69.73281,1996,15373.0,Natural
Quebec,1996-440,50.82105,-73.47153,1996,452.0,Natural
Quebec,1996-489,50.42116,-73.98588,1996,873.0,Natural
Quebec,1996-800,50.68645,-73.57766,1996,472.0,Natural
Quebec,1996-536,50.35851,-76.19361,1996,6862.0,Natural
Quebec,1996-364,50.33603,-71.51429,1996,389.0,Natural
Quebec,1996-436,50.16757,-72.04964,1996,1130.0,Natural
Quebec,1996-494,49.70174,-70.83333,1996,12644.0,Natural
Quebec,1996-499,50.36931,-70.9295,1996,579.0,Natural
Quebec,1996-528,50.07105,-70.92013,1996,627.0,Natural
Quebec,1996-542,50.10312,-71.82212,1996,201.0,Natural
Quebec,1996-422,49.28687,-70.62255,1996,585.0,Natural
Quebec,1996-441,49.21343,-69.94493,1996,291.0,Natural
Quebec,1996-451,48.83783,-70.35108,1996,336.0,Natural
Quebec,1996-456,49.04766,-70.58196,1996,3445.0,Natural
Quebec,1996-533,49.40078,-70.69887,1996,1172.0,Natural
Quebec,1996-543,49.24761,-70.61156,1996,259.0,Natural
Quebec,1996-640,53.21883,-76.09457,1996,13424.0,Natural
Quebec,1996-641,52.4985,-75.74409,1996,4922.0,Natural
Ontario,THU84,49.5608,-90.1445,1996,2127.0,Natural
Ontario,NIP79,50.7021,-87.1912,1996,450.0,Natural
Ontario,THU79,49.5062,-90.5068,1996,900.0,Natural
Ontario,DRY27,50.0931,-90.3996,1996,1110.0,Natural
Ontario,NIP65,50.0098,-87.0209,1996,250.0,Natural
Ontario,RED28,53.8399,-93.0836,1996,1997.0,Natural
Ontario,THU58,49.8776,-90.2232,1996,6620.0,Natural
Ontario,NIP49,49.3798,-87.2824,1996,12525.0,Natural
Ontario,THU42,50.4705,-89.8114,1996,1315.0,Natural
Ontario,HEA27,50.0107,-85.0112,1996,1758.0,Natural
Ontario,THU86,50.7378,-88.4809,1996,1410.0,Natural
Ontario,NIP81,52.6011,-88.3215,1996,600.0,Natural
Ontario,THU76,49.6806,-90.2622,1996,850.0,Natural
Ontario,DRY23,49.767,-91.5628,1996,16727.0,Natural
Ontario,NIP62,50.8166,-87.7736,1996,949.0,Natural
Ontario,THU67,50.0192,-89.0171,1996,460.0,Natural
Ontario,NIP51,50.702,-87.2761,1996,14302.0,Natural
Ontario,THU51,50.3268,-90.1971,1996,5764.0,Natural
Ontario,NIP44,49.2811,-86.8144,1996,17120.0,Natural
Ontario,SLK70,50.8637,-91.5151,1996,10509.0,Natural
Ontario,SLK85,51.9905,-89.3171,1996,760.0,Natural
Ontario,NIP59,51.1155,-87.3357,1996,437.0,Natural
Ontario,THU45,48.8377,-89.1872,1996,799.5,Natural
Ontario,NIP39,49.3802,-86.9656,1996,9100.900391,Natural
Ontario,SLK63,50.9233,-90.7449,1996,2000.0,Natural
Ontario,THU39,50.533,-88.9542,1996,356.0,Natural
Ontario,THU52,50.3134,-89.6054,1996,940.0,Natural
Ontario,NIP46,49.228,-88.9984,1996,6950.0,Natural
Ontario,SLK71,50.5121,-90.2355,1996,8763.0,Natural
Ontario,THU38,49.4779,-89.1052,1996,8900.0,Natural
Ontario,NIP37,51.4467,-88.7915,1996,5175.0,Natural
Ontario,THU74,50.3735,-88.807,1996,6832.5,Natural
Ontario,THU80,48.9224,-89.4503,1996,258.7000122,Natural
Ontario,THU65,50.7337,-88.7784,1996,15967.0,Natural
Ontario,NIP50,51.3857,-87.0072,1996,2700.0,Natural
Ontario,SLK75,51.4382,-89.7769,1996,3750.0,Natural
Ontario,SLK86,50.6678,-91.677,1996,367.0,Natural
Ontario,THU49,50.6107,-89.9611,1996,6040.0,Natural
Ontario,NIP43,51.6053,-88.1046,1996,4000.0,Natural
Ontario,SLK60,50.9059,-90.7741,1996,21704.19922,Natural
Ontario,THU73,49.5865,-90.475,1996,2164.0,Natural
Ontario,DRY12,49.2144,-90.9953,1996,1080.0,Natural
Ontario,NIP60,50.6389,-86.6677,1996,2376.0,Natural
Ontario,THU77,49.1119,-90.184,1996,750.0,Natural
Ontario,NIP63,49.2007,-89.011,1996,350.0,Natural
Ontario,SLK88,52.9274,-90.0692,1996,7700.0,Natural
Ontario,FOR11,48.9034,-91.9766,1996,725.0,Natural
Ontario,NIP58,51.0884,-87.3498,1996,700.0,Natural
Ontario,SLK74,50.979,-90.6068,1996,642.0,Natural
Ontario,THU40,50.8388,-88.9528,1996,649.9000244,Natural
Ontario,NIP82,52.7286,-88.1624,1996,2400.0,Natural
Ontario,THU35,50.524,-89.4336,1996,720.0,Natural
Ontario,NIP68,52.0237,-87.3133,1996,8649.900391,Natural
Ontario,THU102,50.241,-89.9942,1996,215.0,Natural
Ontario,NIP22,51.789,-88.5586,1996,2800.0,Natural
Ontario,NIP76,51.1021,-88.064,1996,8364.0,Natural
Ontario,DRY26,50.202,-90.2465,1996,1476.0,Natural
Ontario,SLK91,51.3951,-89.3674,1996,585.0,Natural
Manitoba,NE-107-035-96,53.817,-95.433,1996,16531.0,Natural
Quebec,1996-296,51.38639,-78.53866,1996,611.0,Human
Quebec,1996-383,50.20983,-75.55663,1996,1562.0,Natural
Quebec,1996-391,51.02248,-75.35376,1996,8620.6,Natural
Quebec,1996-392,50.36031,-75.76285,1996,23353.0,Natural
Quebec,1996-826,50.86931,-75.55483,1996,10251.0,Natural
Quebec,1996-393,50.60132,-76.24433,1996,1087.0,Natural
Quebec,1996-399,50.00989,-76.46222,1996,881.0,Natural
Quebec,1996-302,48.83004,-76.68169,1996,1088.0,Natural
New Brunswick,4729,46.99839,-66.5327,1996,590.0,Natural
Northwest Territories,96WB008,60.3339,-113.3492,1996,9977.0,Natural
Ontario,SLK55,53.0182,-91.5987,1996,1250.0,Natural
Ontario,RED23,53.0845,-93.3061,1996,2143.0,Natural
Ontario,SLK66,50.8043,-90.8712,1996,200.0,Natural
Ontario,NIP48,50.8902,-87.4621,1996,705.0,Natural
Ontario,DRY18,49.5548,-91.9008,1996,1000.0,Natural
Ontario,RED21,52.815,-93.2448,1996,4722.0,Natural
Ontario,SLK69,51.7711,-90.152,1996,3230.0,Natural
Ontario,DRY24,49.6352,-91.8436,1996,3120.0,Natural
Ontario,RED24,52.7741,-94.512,1996,2465.0,Natural
Ontario,FOR9,48.4601,-91.7286,1996,1780.0,Natural
Ontario,THU36,50.6749,-88.4789,1996,3645.0,Natural
Manitoba,NE-106-032-96,55.484,-94.296,1996,366.9,Natural
Manitoba,NE-107-034-96,53.967,-96.083,1996,336.1,Natural
Manitoba,NE-107-029-96,54.067,-95.9,1996,9384.1,Natural
Northwest Territories,CR004-96,60.0,-104.5333,1996,500.0,Natural
Ontario,RED14,52.4956,-94.8191,1996,375.0,Natural
Ontario,RED17,52.0967,-93.9488,1996,2430.0,Natural
Ontario,RED19,53.3614,-93.7288,1996,2495.0,Natural
Ontario,RED13,52.596,-94.373,1996,1459.0,Natural
Ontario,HEA14,50.0238,-81.9563,1996,210.0,Natural
Ontario,NIP61,49.8295,-87.3128,1996,250.0,Natural
Ontario,NIP66,53.1088,-87.8589,1996,8020.0,Natural
Ontario,RED29,53.3721,-93.3231,1996,6552.0,Natural
Ontario,RED20,52.2639,-93.8279,1996,465.0,Natural
Ontario,RED18,53.1689,-93.5834,1996,1162.0,Natural
Ontario,NIP64,49.8744,-87.327,1996,1920.0,Natural
Saskatchewan,GOW,56.5885,-104.4479,1996,300.0,Natural
Saskatchewan,WALLY,53.849,-105.1771,1996,1500.0,Natural
Saskatchewan,BELL,59.4948,-104.5938,1996,575.0,Natural
Manitoba,EA-502-054-96,52.317,-95.283,1996,414.9,Natural
Manitoba,EA-502-051-96,52.283,-95.35,1996,9357.5,Natural
Ontario,SLK51,52.6936,-90.2551,1996,14930.0,Natural
Ontario,THU53,49.2577,-90.6705,1996,5868.0,Natural
Ontario,THU41,49.2526,-90.0523,1996,628.0,Natural
Manitoba,NE-103-026-96,56.234,-94.126,1996,277.8,Natural
Manitoba,NE-103-025-96,56.199,-94.298,1996,278.1,Natural
Manitoba,NE-103-036-96,55.914,-93.902,1996,741.5,Natural
Manitoba,NW-205-008-96,53.126,-100.319,1996,280.2,Natural
Ontario,NIP13,53.2643,-87.2923,1996,4325.0,Natural
Ontario,SLK52,52.6966,-90.6013,1996,2500.0,Natural
Ontario,SLK46,52.328,-89.9864,1996,550.0,Natural
Ontario,NIP19,53.236,-87.6367,1996,4100.0,Natural
Ontario,SLK27,52.8159,-90.9746,1996,3000.0,Natural
Ontario,SLK81,52.1851,-90.2778,1996,1200.0,Natural
Ontario,SLK33,52.5628,-90.2795,1996,11878.0,Natural
Ontario,SLK47,52.3945,-90.1561,1996,1600.0,Natural
Ontario,SLK53,52.7623,-90.9919,1996,350.0,Natural
Ontario,SLK54,53.0675,-89.0372,1996,10420.0,Natural
Ontario,RED1,54.0376,-93.0229,1996,1855.0,Natural
Ontario,NIP14,52.917,-88.8962,1996,8800.0,Natural
Alberta,E01006,59.7098,-111.1408,1996,259.0,Natural
New Brunswick,4705,47.53883,-65.25097,1996,746.0,Human
Northwest Territories,JF001-96,60.1,-121.9833,1996,525.0,Natural
Quebec,1996-182,47.99311,-73.2164,1996,2056.0,Human
Quebec,1996-174,50.54946,-63.5338,1996,344.0,Natural
Quebec,1996-170,47.9994,-78.60484,1996,3990.0,Human
Ontario,TIM5,47.5672,-81.1861,1996,255.0,Human
Ontario,SLK10,51.2438,-90.2177,1996,250.0,Human
Saskatchewan,SUNDAY,59.1615,-105.6354,1996,209.0,Human
Manitoba,WE--004-96,52.833,-100.667,1996,373.5,Human
Northwest Territories,HY007-96,61.9533,-119.0551,1996,1000.0,Natural
Northwest Territories,HY002-96,61.9386,-119.057,1996,1000.0,Natural
Manitoba,CE-408-002-96,51.76,-99.241,1996,1172.7,Human
Alberta,W07002,55.4814,-116.1119,1996,240.0,Human
Manitoba,CE-406-057-95,51.504,-97.585,1995,2763.9,Human
Alberta,DF3-041-95,58.8177,-118.721,1995,215.3,Human
British Columbia,1995-V10257,49.733,-121.367,1995,1003.0,Human
Newfoundland and Labrador,1995-619,54.77,-61.32,1995,200.0,Natural
Northwest Territories,FS053-95,63.95,-124.8666,1995,1620.0,Natural
Northwest Territories,FS050-95,62.0713,-121.4725,1995,6800.0,Natural
Quebec,1995-1084,48.64449,-76.08636,1995,6925.0,Human
Northwest Territories,VQ052-95,65.9511,-120.7673,1995,2100.0,Natural
Ontario,CHA29,48.3331,-83.6513,1995,6339.5,Human
Ontario,WAW87,48.5387,-84.7037,1995,1995.0,Human
Ontario,WAW86,48.3872,-84.7781,1995,7810.0,Human
Ontario,NIP154,49.7703,-86.4903,1995,3300.0,Human
Ontario,HEA54,50.0087,-85.1578,1995,2377.0,Natural
Quebec,1995-1041,51.46163,-75.08045,1995,1500.0,Natural
Quebec,1995-995,48.81205,-74.05739,1995,39122.0,Human
Quebec,1995-996,48.80576,-76.57514,1995,47709.0,Human
Alberta,DF3-035-95,58.7923,-118.9463,1995,2051.4,Human
Northwest Territories,VQ049-95,64.4876,-123.258,1995,800.0,Natural
Northwest Territories,HY025-95,61.0361,-118.9806,1995,50000.0,Natural
Quebec,1995-1072,50.30306,-74.70917,1995,950.0,Natural
Quebec,1995-974,48.05846,-75.21367,1995,62317.0,Natural
Newfoundland and Labrador,1995-614,52.33,-61.17,1995,200.0,Natural
Northwest Territories,VQ046-95,65.4655,-126.8638,1995,200.0,Natural
Quebec,1995-922,51.39808,-76.04586,1995,2149.0,Natural
Quebec,1995-911,51.23501,-77.45978,1995,485.0,Natural
Quebec,1995-928,53.3765,-73.07881,1995,778.0,Natural
Quebec,1995-936,53.3792,-73.16365,1995,566.0,Natural
Quebec,1995-921,51.44365,-75.94806,1995,2543.0,Natural
Quebec,1995-890,50.20714,-71.00324,1995,1869.0,Human
Quebec,1995-895,49.02518,-73.19925,1995,300.0,Human
Ontario,FOR140,48.77,-91.3397,1995,261.0,Human
Ontario,THU136,48.2169,-90.8124,1995,4217.0,Human
Ontario,WAW69,49.3733,-85.7396,1995,220.0,Human
Ontario,HEA48,48.8437,-83.7464,1995,10661.0,Human
Ontario,COC38,50.098,-81.6362,1995,3040.0,Human
Ontario,THU132,49.8044,-90.1718,1995,7282.0,Natural
Ontario,NIP136,51.017,-87.0071,1995,113152.0,Natural
Ontario,FOR141,48.3144,-91.2534,1995,25085.19922,Natural
Ontario,FOR137,48.586,-91.3661,1995,598.0,Human
Quebec,1995-864,48.67926,-65.69824,1995,23105.0,Human
Northwest Territories,VQ033-95,64.2333,-122.2333,1995,30000.0,Natural
Manitoba,NE-108-296-95,54.891,-97.384,1995,283.9,Natural
Quebec,1995-820,51.42296,-76.73269,1995,694.0,Human
Quebec,1995-1016,51.57285,-76.88917,1995,2151.0,Natural
Northwest Territories,VQ031-95,64.1,-120.75,1995,16000.0,Natural
Ontario,COC37,49.3867,-81.7509,1995,210.0,Natural
Ontario,COC12,54.415,-84.0487,1995,950.0,Natural
Ontario,COC8,54.0731,-88.8339,1995,950.0,Natural
Ontario,SLK128,53.788,-90.4225,1995,900.0,Natural
Northwest Territories,ZF032-95,63.0918,-116.7421,1995,1000.0,Natural
Northwest Territories,FS045-95,62.45,-121.0,1995,145000.0,Natural
Quebec,1995-1180,53.61931,-70.19693,1995,18600.0,Natural
Quebec,1995-793,52.41846,-66.62833,1995,16000.0,Natural
Quebec,1995-779,51.52788,-73.77985,1995,46200.0,Natural
Quebec,1995-790,51.41517,-73.6162,1995,750.0,Natural
Northwest Territories,FS044-95,63.2666,-125.25,1995,2200.0,Natural
Northwest Territories,ZF031-95,64.75,-119.3833,1995,550.0,Natural
Alberta,95WB008,59.6756,-114.1181,1995,1124.0,Natural
Manitoba,NE-101-209-95,57.0,-97.583,1995,12135.0,Natural
Northwest Territories,VQ028-95,64.2028,-125.7743,1995,19000.0,Natural
Manitoba,NE-104-287-95,54.65,-96.717,1995,800.6,Natural
Yukon,1995WL008,60.064444,-125.130556,1995,4673.28,Natural
Manitoba,NE-101-290-95,56.733,-97.45,1995,454.6,Natural
Saskatchewan,TWIN02,55.8281,-102.2083,1995,3100.0,Natural
Manitoba,NE-101-283-95,55.383,-95.75,1995,334.4,Natural
Northwest Territories,VQ024-95,65.2333,-121.5833,1995,1700.0,Natural
Northwest Territories,VQ023-95,65.8166,-131.2,1995,5000.0,Natural
Manitoba,NE-104-267-95,53.817,-96.95,1995,356.3,Natural
Yukon,1995MA012,63.709278,-133.963321,1995,2410.88,Natural
Saskatchewan,BRADEN,55.2552,-105.2813,1995,565.2,Natural
Ontario,SLK11,54.493,-91.294,1995,2200.0,Natural
British Columbia,1995-R90110,59.217,-134.318,1995,224.0,Natural
Ontario,RED3,54.1584,-92.6324,1995,5865.0,Natural
Ontario,COC36,50.3603,-80.768,1995,33344.0,Natural
Manitoba,NE-101-256-95,56.244,-96.893,1995,42313.0,Natural
Manitoba,NE-103-259-95,56.905,-94.4,1995,762.6,Natural
Saskatchewan,BUSCH,56.2552,-102.3021,1995,1900.0,Natural
Saskatchewan,BOH,56.3594,-102.25,1995,4500.0,Natural
Quebec,1995-770,52.15528,-74.28936,1995,375.0,Natural
Quebec,1995-504,51.77248,-72.0252,1995,400.0,Natural
Quebec,1995-771,51.74311,-74.52524,1995,800.0,Natural
Quebec,1995-478,51.1256,-72.19841,1995,335.0,Natural
Quebec,1995-497,49.90528,-73.35802,1995,210.0,Natural
Quebec,1995-498,49.85402,-73.31101,1995,240.0,Natural
Quebec,1995-519,50.04497,-72.09104,1995,200.0,Natural
Quebec,1995-505,51.57194,-72.24711,1995,420.0,Natural
Quebec,1995-516,49.95444,-71.88172,1995,359.0,Natural
Quebec,1995-422,51.32015,-76.31175,1995,3200.0,Natural
Northwest Territories,FS024-95,62.9166,-121.4,1995,438000.0,Natural
Saskatchewan,HAP,58.4115,-104.6146,1995,1476.0,Natural
Saskatchewan,UNDER,57.099,-103.1146,1995,400.0,Natural
Quebec,1995-400,52.48591,-78.26392,1995,434.0,Natural
Quebec,1995-439,51.81475,-77.75,1995,441.0,Natural
Quebec,1995-445,52.09053,-76.17681,1995,390.0,Natural
Quebec,1995-571,53.8828,-71.42066,1995,1501.0,Natural
Quebec,1995-831,53.31385,-73.50807,1995,897.0,Natural
Quebec,1995-459,53.52968,-74.34858,1995,1268.0,Natural
Quebec,1995-684,53.78867,-74.1484,1995,1146.0,Natural
Quebec,1995-829,53.31835,-73.90914,1995,1338.0,Natural
Quebec,1995-832,53.42116,-73.71529,1995,1217.0,Natural
Quebec,1995-416,53.10312,-78.3942,1995,400.0,Natural
Quebec,1995-448,53.39808,-75.80468,1995,1970.0,Natural
Quebec,1995-458,53.48951,-74.52589,1995,217.0,Natural
Quebec,1995-463,53.40078,-75.91214,1995,1952.0,Natural
Quebec,1995-510,53.38909,-74.78809,1995,2950.0,Natural
Quebec,1995-823,53.19724,-75.62914,1995,794.0,Natural
Quebec,1995-828,53.00719,-74.44918,1995,3456.0,Natural
Quebec,1995-663,52.01888,-75.84506,1995,1053.0,Natural
Quebec,1995-384,48.68016,-70.3129,1995,2000.0,Human
Saskatchewan,CEASE,56.1563,-103.4792,1995,200.0,Natural
Manitoba,NE--234-95,55.767,-99.1,1995,789.3,Natural
Northwest Territories,FS023-95,63.05,-124.2666,1995,4150.0,Natural
Saskatchewan,KOKANEE,56.2865,-102.0729,1995,3700.0,Natural
Quebec,1995-378,51.6328,-74.34422,1995,28600.0,Natural
Northwest Territories,FS021-95,63.5166,-123.75,1995,1000.0,Natural
Northwest Territories,FS020-95,63.1666,-124.35,1995,1700.0,Natural
Northwest Territories,ZF012-95,63.55,-117.3,1995,2000.0,Natural
Northwest Territories,FS019-95,63.0166,-125.25,1995,14000.0,Natural
Northwest Territories,FS022-95,63.35,-119.65,1995,15700.0,Natural
Ontario,COC33,50.2615,-80.8106,1995,390.0,Natural
Saskatchewan,JESS02,56.5781,-103.2604,1995,1000.0,Human
Manitoba,NE-101-233-95,55.783,-96.25,1995,21689.0,Natural
Manitoba,NE-101-237-95,55.217,-96.25,1995,596.2,Natural
Manitoba,NE-101-238-95,55.217,-95.917,1995,2242.4,Natural
Quebec,1995-298,48.58963,-65.54934,1995,5861.0,Natural
Quebec,1995-390,48.74761,-65.14757,1995,482.0,Natural
Northwest Territories,VQ014-95,64.2521,-123.7203,1995,8500.0,Natural
Northwest Territories,FS017-95,63.7893,-125.5598,1995,8500.0,Natural
Northwest Territories,FS018-95,63.15,-124.2666,1995,16000.0,Natural
Northwest Territories,JF010-95,61.7333,-122.5666,1995,970.0,Natural
Northwest Territories,JF011-95,61.5921,-125.1738,1995,580.0,Natural
Northwest Territories,JF013-95,61.3351,-125.3873,1995,1050.0,Natural
Ontario,WAW31,48.8619,-85.8752,1995,821.0,Natural
Ontario,SLK9,54.2686,-90.7657,1995,7688.0,Natural
Ontario,COC40,54.412,-87.8705,1995,475.0,Natural
Manitoba,NE-101-230-95,56.367,-98.5,1995,83512.0,Natural
Manitoba,NE-101-242-95,55.683,-99.667,1995,36469.0,Natural
Quebec,1995-329,50.8756,-78.55198,1995,9570.0,Natural
Yukon,1995DA013,63.116667,-138.066667,1995,2960.54,Natural
Northwest Territories,JF005-95,61.65,-123.95,1995,2000.0,Natural
Ontario,COC29,54.2898,-84.4726,1995,6500.0,Natural
Northwest Territories,JF004-95,60.85,-124.0833,1995,4450.0,Natural
Ontario,COC41,54.5632,-83.3431,1995,1125.0,Natural
Ontario,SLK104,53.7571,-90.3683,1995,200.0,Natural
Ontario,COC30,54.6935,-86.775,1995,250.0,Natural
Ontario,COC24,49.8162,-80.7776,1995,1092.0,Natural
Ontario,KEN121,50.2985,-94.3689,1995,285.0,Natural
Ontario,COC37,55.0449,-88.4163,1995,1725.0,Natural
Saskatchewan,MOOSEHEAD,55.6823,-102.375,1995,350.0,Natural
Saskatchewan,WEIR,57.75,-106.125,1995,106500.0,Natural
Saskatchewan,PILSNER,55.6198,-102.0729,1995,2300.0,Natural
Saskatchewan,MACOUN,56.526,-103.9271,1995,3000.0,Natural
Manitoba,NE-105-216-95,57.076,-101.56,1995,2485.1,Natural
Manitoba,NW-204-065-95,55.684,-100.391,1995,37557.0,Natural
Manitoba,NE-103-228-95,56.083,-94.233,1995,3766.9,Natural
Manitoba,NE-103-227-95,56.617,-94.967,1995,20052.0,Natural
Manitoba,NE-108-211-95,54.775,-98.933,1995,2574.4,Natural
Manitoba,NE-107-222-95,54.033,-95.333,1995,8241.7,Natural
Manitoba,NW-205-068-95,53.717,-99.4,1995,349.1,Natural
Manitoba,NW-205-066-95,53.8,-99.05,1995,324.6,Natural
Manitoba,NW-205-067-95,53.8,-99.083,1995,345.8,Natural
Yukon,1995RR004,62.6699,-132.762574,1995,515.29,Natural
Yukon,1995CA023,62.866667,-136.483333,1995,1193.98,Natural
Yukon,1995CA024,62.965278,-136.326944,1995,4656.79,Natural
Northwest Territories,FS014-95,61.7833,-120.0666,1995,267000.0,Natural
Ontario,THU79,50.5564,-90.0282,1995,377.8999939,Natural
Ontario,COC35,54.172,-89.1064,1995,325.0,Natural
Ontario,THU59,50.4032,-89.1741,1995,390.0,Natural
Ontario,COC32,54.9697,-86.2111,1995,220.0,Natural
Saskatchewan,COLIN,55.6719,-104.3229,1995,1800.0,Natural
Manitoba,NE--201-95,56.571,-100.555,1995,15583.0,Natural
Manitoba,NE-102-239-95,57.211,-99.514,1995,42839.0,Natural
Manitoba,NE-104-221-95,53.85,-97.633,1995,3163.9,Natural
Northwest Territories,FS012-95,63.3666,-124.75,1995,428100.0,Natural
Northwest Territories,FS013-95,62.75,-124.4833,1995,119000.0,Natural
Ontario,HEA27,50.4703,-82.2893,1995,1475.0,Natural
Ontario,COC16,54.3414,-87.669,1995,350.0,Natural
Ontario,RED129,53.7766,-93.3111,1995,2674.0,Natural
Ontario,KEN105,50.2694,-93.5402,1995,200.0,Natural
Ontario,HEA33,50.3476,-81.9627,1995,325.0,Natural
Ontario,COC18,54.19,-87.3141,1995,200.0,Natural
Ontario,KEN100,50.1323,-94.7,1995,1042.0,Natural
Ontario,COC13,54.5292,-89.6811,1995,5000.0,Natural
Ontario,SLK90,53.1572,-92.2567,1995,325.0,Natural
Ontario,DRY29,49.734,-91.8274,1995,1544.0,Natural
Ontario,FOR61,49.0689,-91.1723,1995,295.0,Natural
Ontario,KEN115,50.4318,-93.3872,1995,280.0,Natural
Saskatchewan,WARD,58.3073,-104.9688,1995,840.0,Natural
Saskatchewan,ANN,56.0781,-103.875,1995,200.0,Natural
Saskatchewan,BERNICE,56.1927,-103.9479,1995,101000.0,Natural
Saskatchewan,BELLA,56.1615,-102.1563,1995,200.0,Natural
Saskatchewan,CARTIER,55.0885,-104.2188,1995,300.0,Natural
Manitoba,NE-105-294-95,55.917,-101.917,1995,9987.2,Natural
Manitoba,NE-105-193-95,56.183,-101.5,1995,24468.0,Natural
Manitoba,NE--187-95,55.517,-101.45,1995,33896.0,Natural
Quebec,1995-243,54.25809,-79.15435,1995,5181.0,Natural
Quebec,1995-324,52.07644,-72.64472,1995,14000.0,Natural
Quebec,1995-241,51.89719,-75.57896,1995,72650.0,Natural
Yukon,1995DA010,63.347222,-138.35,1995,2749.71,Natural
Yukon,1995BC007,62.1,-138.116667,1995,948.14,Natural
Yukon,1995BC008,62.05,-138.316667,1995,4814.13,Natural
Yukon,1995BC009,62.316667,-138.566667,1995,15322.51,Natural
Yukon,1995HJ004,61.291667,-137.458333,1995,643.16,Natural
Ontario,COC24,54.4305,-86.2061,1995,230.0,Natural
Ontario,THU54,50.643,-88.1102,1995,293.0,Natural
Ontario,NIP66,51.0935,-88.021,1995,360.0,Natural
Ontario,DRY32,49.7973,-91.4716,1995,978.0,Natural
Ontario,COC19,54.4419,-87.2389,1995,250.0,Natural
Ontario,THU45,50.7327,-89.7562,1995,885.0,Natural
Ontario,DRY26,49.2709,-91.4535,1995,920.0,Natural
Ontario,NIP64,51.0629,-88.3771,1995,300.0,Natural
Ontario,COC15,54.3805,-88.3625,1995,625.0,Natural
Ontario,THU53,50.5141,-88.3893,1995,430.0,Natural
Ontario,NIP82,53.0151,-88.9453,1995,3500.0,Natural
Ontario,COC23,50.1847,-81.3222,1995,10767.0,Natural
Ontario,FOR42,48.844,-92.5366,1995,933.0,Natural
Ontario,NIP75,51.011,-88.8745,1995,300.0,Natural
Ontario,FOR38,48.9656,-91.1829,1995,2595.0,Natural
Saskatchewan,MARIO,56.0052,-103.9896,1995,500.0,Natural
Saskatchewan,FAYE,56.6823,-103.25,1995,10700.0,Natural
Saskatchewan,RICK,55.7604,-102.5208,1995,33000.0,Natural
Saskatchewan,SLIM,55.4115,-102.4479,1995,22700.0,Natural
Saskatchewan,CAIRNS,57.5885,-103.3229,1995,2314.0,Natural
Saskatchewan,LADY,56.5573,-103.0521,1995,5700.0,Natural
Saskatchewan,TWIN01,55.8281,-102.2083,1995,2000.0,Natural
Manitoba,NE-105-157-95,56.374,-101.489,1995,2525.9,Natural
Manitoba,NE-105-177-95,56.483,-101.133,1995,31682.0,Natural
Manitoba,NE-105-175-95,55.925,-101.151,1995,37282.0,Natural
Manitoba,NE-105-195-95,56.196,-101.827,1995,44926.0,Natural
Manitoba,NE-102-171-95,56.978,-99.019,1995,3681.4,Natural
Manitoba,NE-102-151-95,56.963,-100.348,1995,20169.0,Natural
Manitoba,NE-102-170-95,56.808,-98.631,1995,28588.0,Natural
Manitoba,NE-102-161-95,56.247,-100.508,1995,948.3,Natural
Manitoba,NE-102-168-95,56.424,-100.308,1995,8670.1,Natural
Manitoba,NE-102-163-95,56.309,-99.858,1995,35809.0,Natural
Quebec,1995-259,52.07554,-73.89618,1995,51000.0,Natural
Quebec,1995-258,52.0063,-73.4328,1995,125000.0,Natural
Yukon,1995XY025,61.909111,-134.966861,1995,12889.09,Natural
Ontario,COC34,54.3815,-89.4405,1995,2800.0,Natural
Ontario,SLK86,51.1217,-89.1805,1995,2600.0,Natural
Ontario,SLK73,53.2474,-92.0484,1995,2325.0,Natural
Ontario,RED88,52.7711,-93.9338,1995,700.0,Natural
Ontario,SLK77,53.7173,-91.7332,1995,467.0,Natural
Ontario,SLK76,53.6509,-92.0272,1995,5499.0,Natural
Ontario,SLK74,52.477,-91.7603,1995,1200.0,Natural
Ontario,SLK78,53.6529,-91.6761,1995,453.0,Natural
Manitoba,NE-107-179-95,54.017,-93.067,1995,1403.6,Natural
Manitoba,NE-107-180-95,53.95,-93.833,1995,2924.6,Natural
Manitoba,NW-204-059-95,55.221,-99.678,1995,2287.2,Natural
Manitoba,NW-204-061-95,55.393,-99.586,1995,2760.2,Natural
Manitoba,NE-107-181-95,53.433,-95.633,1995,14889.0,Natural
Northwest Territories,FS008-95,62.4666,-124.3333,1995,46000.0,Natural
Northwest Territories,CR002-95,61.6688,-108.9666,1995,200.0,Natural
Ontario,COC11,54.6695,-85.7673,1995,1000.0,Natural
Ontario,RED93,52.6527,-94.5152,1995,3152.5,Natural
Ontario,RED91,52.6735,-94.6416,1995,24016.5,Natural
Ontario,RED83,51.3632,-92.9138,1995,8482.0,Natural
Ontario,RED82,52.7202,-94.5101,1995,500.0,Natural
Ontario,SLK70,51.443,-90.8791,1995,2800.0,Natural
Ontario,RED86,50.9183,-94.764,1995,958.0,Natural
Ontario,SLK72,51.9933,-89.2648,1995,5800.0,Natural
Ontario,SLK81,52.2288,-92.47,1995,275.0,Natural
Ontario,COC23,54.5572,-86.3583,1995,750.0,Natural
Saskatchewan,HOLLINS,58.3906,-108.9479,1995,313.0,Natural
Saskatchewan,FIELD,58.625,-108.9271,1995,400.0,Natural
Saskatchewan,TOPASCOM,55.8281,-102.8438,1995,1300.0,Natural
Manitoba,NE-102-139-95,57.961,-97.888,1995,4689.1,Natural
Manitoba,NE-106-186-95,54.996,-94.846,1995,4325.3,Natural
Manitoba,NE-101-140-95,55.95,-95.583,1995,8315.0,Natural
Manitoba,NE-106-232-95,54.85,-95.667,1995,3880.8,Natural
Manitoba,CE-400-043-95,52.203,-98.304,1995,2521.8,Natural
Quebec,1995-236,54.65978,-75.79757,1995,41875.0,Natural
Ontario,SLK62,53.4516,-90.824,1995,2500.0,Natural
Ontario,COC13,52.1788,-82.2943,1995,275.0,Natural
Ontario,SLK65,50.5291,-92.2734,1995,6393.0,Natural
Ontario,COC12,51.9013,-82.1845,1995,9000.0,Natural
Ontario,NIP54,52.078,-87.0832,1995,2300.0,Natural
Saskatchewan,STIRFRY,55.6823,-102.625,1995,6500.0,Natural
Saskatchewan,ISKWATUM,55.7135,-102.8854,1995,1600.0,Natural
Manitoba,NE-101-118-95,56.0,-95.917,1995,1933.0,Natural
Manitoba,NE-107-146-95,54.1,-94.1,1995,5000.0,Natural
Yukon,1995CA019,62.816667,-134.9,1995,1395.56,Natural
Ontario,RED1,54.046,-92.6105,1995,1700.0,Natural
Ontario,RED81,50.8129,-92.9205,1995,4869.0,Natural
Ontario,SLK56,52.8322,-90.0385,1995,670.0,Natural
Ontario,SLK69,53.0169,-89.3882,1995,6500.0,Natural
Ontario,NIP50,53.5337,-88.5163,1995,15800.0,Natural
Ontario,SLK59,53.0546,-90.9977,1995,2000.0,Natural
Ontario,SLK52,53.2036,-89.8523,1995,1850.0,Natural
Ontario,RED2,54.0217,-92.5955,1995,25013.0,Natural
Ontario,THU42,50.828,-89.9038,1995,3857.0,Natural
Ontario,RED74,52.9732,-94.7498,1995,19288.0,Natural
Ontario,SLK54,53.5156,-89.9637,1995,700.0,Natural
Ontario,RED84,52.8196,-92.7923,1995,3667.0,Natural
Ontario,SLK55,53.4419,-90.3426,1995,33400.0,Natural
Ontario,RED77,51.5283,-94.5497,1995,19086.0,Natural
Ontario,COC3,54.6998,-85.3008,1995,800.0,Natural
Alberta,DL1-033-95,57.6587,-111.2186,1995,486.1,Natural
Saskatchewan,MORNING,56.7031,-102.8229,1995,3500.0,Natural
Saskatchewan,FROG3,56.5365,-109.8854,1995,1274.0,Natural
Saskatchewan,FROG1,55.3854,-103.3958,1995,13000.0,Natural
Saskatchewan,HARRY,54.776,-102.4688,1995,650.0,Natural
Saskatchewan,KEITH01,56.0052,-103.6146,1995,1400.0,Natural
Manitoba,NE-105-113-95,56.062,-100.678,1995,41664.0,Natural
Manitoba,NE-104-134-95,54.267,-96.05,1995,2149.9,Natural
Manitoba,NE-107-132-95,54.233,-94.2,1995,26811.0,Natural
Manitoba,NE-107-121-95,53.5,-95.083,1995,11019.0,Natural
Quebec,1995-235,54.55935,-76.55231,1995,62150.0,Natural
Yukon,1995MA007,63.816667,-136.033333,1995,762.51,Natural
Alberta,95WB003,59.9326,-114.0755,1995,2720.0,Natural
Ontario,SLK44,52.5002,-90.9155,1995,200.0,Natural
Ontario,SLK51,53.8503,-91.001,1995,3150.0,Natural
Ontario,SLK6,54.2355,-91.5348,1995,2000.0,Natural
Ontario,SLK47,53.0174,-91.2037,1995,3600.0,Natural
Ontario,RED62,51.513,-94.686,1995,5040.0,Natural
Ontario,NIP44,51.0788,-86.479,1995,1200.0,Natural
Ontario,SLK5,54.6975,-91.1457,1995,11300.0,Natural
Ontario,SLK8,54.2625,-90.459,1995,12000.0,Natural
Ontario,SLK48,52.5033,-89.8067,1995,4300.0,Natural
Ontario,SLK4,54.5499,-91.5235,1995,8000.0,Natural
Ontario,SLK61,53.7679,-90.9139,1995,360.0,Natural
Ontario,SLK50,52.4439,-91.3301,1995,1190.0,Natural
Saskatchewan,DOVE,55.7865,-109.4688,1995,5600.0,Natural
Saskatchewan,FOX1,56.0781,-106.5833,1995,9300.0,Natural
Manitoba,NE-101-095-95,55.067,-96.167,1995,524.1,Natural
Manitoba,NE-101-094-95,55.08,-96.083,1995,6475.4,Natural
Manitoba,NW-202-036-95,54.981,-101.11,1995,2523.3,Natural
Yukon,1995XY023,61.45,-136.433333,1995,8679.2,Natural
Yukon,1995CA018,62.5,-137.166667,1995,55522.48,Natural
Ontario,SLK35,52.7626,-90.5324,1995,450.0,Natural
Ontario,SLK37,53.0485,-90.904,1995,18900.0,Natural
Ontario,COC15,53.8051,-84.988,1995,3000.0,Natural
Ontario,NIP43,51.1753,-87.0458,1995,12800.0,Natural
Ontario,COC11,51.9346,-81.9745,1995,1250.0,Natural
Ontario,SLK36,52.9204,-90.3449,1995,500.0,Natural
Ontario,SLK58,53.2979,-91.327,1995,16300.0,Natural
Ontario,SLK32,52.4391,-89.3259,1995,1500.0,Natural
Ontario,NIP35,51.8794,-88.5181,1995,9200.0,Natural
Ontario,SLK39,52.9614,-91.072,1995,3940.0,Natural
Ontario,SLK60,53.7741,-91.3081,1995,580.0,Natural
Ontario,SLK34,52.342,-90.2182,1995,7500.0,Natural
Saskatchewan,MONDAY,53.9531,-105.4271,1995,15600.0,Natural
Manitoba,NE-106-097-95,55.189,-95.42,1995,16646.0,Natural
Manitoba,NE--109-95,54.017,-93.5,1995,2014.0,Natural
Manitoba,NE-106-129-95,54.55,-93.883,1995,1956.8,Natural
Manitoba,NE-106-107-95,54.47,-94.402,1995,10245.0,Natural
Manitoba,NE-106-096-95,54.558,-94.837,1995,10462.0,Natural
Yukon,1995MA006,63.671084,-133.881706,1995,5042.27,Natural
Yukon,1995CA012,62.536111,-135.516667,1995,50657.74,Natural
Yukon,1995CA014,62.558056,-136.782222,1995,58851.73,Natural
Ontario,NIP33,51.9293,-88.0689,1995,2400.0,Natural
British Columbia,1995-R90074,58.933,-132.667,1995,2688.0,Natural
British Columbia,1995-R90073,58.733,-132.717,1995,15188.0,Natural
British Columbia,1995-R90075,58.75,-132.667,1995,3625.0,Natural
Saskatchewan,HANSON1,54.8646,-102.2292,1995,32000.0,Human
Manitoba,NE-105-085-95,57.933,-101.6,1995,1681.9,Natural
Yukon,1995DA006,64.211389,-140.890833,1995,788.81,Natural
Yukon,1995MA005,63.19,-137.589722,1995,2730.08,Natural
Yukon,1995DA004,63.121111,-139.594444,1995,227.58,Natural
Yukon,1995TE001,60.85,-131.933333,1995,8079.57,Natural
British Columbia,1995-R90085,59.055,-131.536,1995,6178.0,Natural
Saskatchewan,BEDFORD,57.474,-102.6354,1995,200.0,Human
Saskatchewan,RODDY,57.1719,-102.0104,1995,5600.0,Natural
Manitoba,NE-105-077-95,57.017,-101.033,1995,3797.5,Natural
Yukon,1995MA004,63.807864,-135.293398,1995,722.94,Natural
Northwest Territories,EV002-95,66.4738,-132.0898,1995,3100.0,Natural
Northwest Territories,EV003-95,66.0368,-133.0853,1995,545.0,Natural
Yukon,1995CA008,62.683333,-135.283333,1995,11818.32,Natural
Northwest Territories,VQ009-95,64.9023,-125.4228,1995,58500.0,Human
Alberta,DF3-015-95,58.8105,-118.6789,1995,286.7,Human
Saskatchewan,POWDERS,58.1198,-106.0938,1995,97345.0,Natural
Manitoba,NE-106-078-95,54.467,-93.867,1995,28424.0,Natural
Saskatchewan,MUSQUA,55.3802,-106.9688,1995,3900.0,Natural
Manitoba,NW-204-031-95,54.828,-99.019,1995,539.7,Natural
Alberta,DP1-024-95,56.0887,-116.5279,1995,1815.0,Natural
Saskatchewan,RARE,55.8438,-109.9792,1995,9790.0,Natural
Northwest Territories,HY010-95,62.2166,-118.85,1995,1050000.0,Natural
Ontario,SLK20,52.0053,-90.8948,1995,2379.0,Natural
Saskatchewan,LORI01,58.0781,-103.1979,1995,1770.0,Natural
Ontario,NIP22,53.2636,-88.5517,1995,900.0,Natural
Saskatchewan,IRVING,55.8073,-104.0729,1995,92000.0,Natural
Saskatchewan,LAKE2,54.625,-103.9479,1995,692.1,Natural
Saskatchewan,MIROND,55.1406,-102.7604,1995,21000.0,Natural
Saskatchewan,WEKKA,54.776,-104.1771,1995,200.0,Natural
Saskatchewan,SWAN,54.7917,-106.4479,1995,2300.0,Natural
Saskatchewan,THOMAS,55.3125,-104.3646,1995,58500.0,Natural
Saskatchewan,BORDER4,54.776,-104.0729,1995,300.0,Natural
Saskatchewan,HOOK,54.5052,-106.6979,1995,20000.0,Natural
Saskatchewan,NUNN,55.3594,-104.2083,1995,2000.0,Natural
Manitoba,NE-108-060-95,54.308,-98.268,1995,634.4,Natural
Manitoba,NE-108-059-95,54.402,-98.467,1995,835.6,Natural
Manitoba,NW-204-024-95,54.617,-101.433,1995,1529.8,Human
Manitoba,NW-204-023-95,54.737,-100.364,1995,7206.4,Natural
Manitoba,NE-108-057-95,54.317,-99.217,1995,213.5,Natural
Manitoba,NE-108-049-95,54.283,-98.967,1995,396.8,Natural
Manitoba,NE-108-050-95,54.317,-98.9,1995,2092.9,Natural
Manitoba,NE-108-052-95,54.6,-99.117,1995,2219.0,Natural
Ontario,RED35,52.6112,-92.935,1995,13113.0,Natural
Ontario,RED22,52.6714,-92.9187,1995,1980.0,Natural
Ontario,NIP18,52.7927,-88.0455,1995,12700.0,Natural
Ontario,RED21,52.6318,-93.0502,1995,2545.0,Natural
Saskatchewan,WEST,54.6198,-104.0521,1995,4262.1,Natural
Saskatchewan,BRONSON,53.9115,-109.8229,1995,426.25,Human
Saskatchewan,LATE01,54.5052,-106.6979,1995,51050.0,Natural
Saskatchewan,HEWITT,53.8333,-109.6771,1995,331.75,Human
Saskatchewan,NIPEKAMEW,54.4063,-104.8542,1995,71000.0,Natural
Manitoba,NE-105-042-95,56.638,-101.706,1995,1998.8,Natural
Manitoba,NE-105-047-95,56.076,-100.808,1995,1132.1,Natural
Saskatchewan,PA3,53.6379,-106.5942,1995,375.0,Unknown
Ontario,RED27,52.15,-92.9635,1995,7482.0,Natural
Ontario,RED19,52.1478,-93.7088,1995,5089.0,Natural
Ontario,SLK14,52.8545,-89.7848,1995,3600.0,Natural
Ontario,RED24,52.0907,-93.6335,1995,845.0,Natural
Ontario,THU14,49.4647,-90.2605,1995,846.0,Human
Ontario,SLK18,52.7491,-89.6743,1995,6598.0,Natural
Ontario,RED20,51.9415,-93.6328,1995,795.0,Natural
Saskatchewan,ENGLISH1,53.2865,-104.6771,1995,28400.0,Human
Saskatchewan,CAT3,58.1563,-109.2292,1995,390.0,Natural
Saskatchewan,PARKER,56.8906,-108.6354,1995,12000.0,Natural
Saskatchewan,TOCKER,56.9948,-109.25,1995,246000.0,Natural
Saskatchewan,BRELAND,54.9583,-107.0938,1995,4002.0,Natural
Saskatchewan,HILLYER,54.6302,-107.5833,1995,51580.0,Natural
Saskatchewan,GEORGE,56.9531,-109.0417,1995,1000.0,Natural
Manitoba,NE-102-045-95,56.4,-100.883,1995,17719.0,Natural
Ontario,RED29,52.1517,-92.9035,1995,379.0,Natural
British Columbia,1995-C10125,53.098,-124.285,1995,2293.3,Human
Alberta,DL1-010-95,59.076,-110.7126,1995,537.1,Natural
Alberta,DF1-014-95,59.0689,-115.4553,1995,5692.1,Natural
Alberta,DF3-011-95,58.2076,-118.5411,1995,2920.1,Unknown
Alberta,DL1-009-95,56.0806,-112.2983,1995,132678.7,Natural
Saskatchewan,NORWOOD,58.7448,-106.8646,1995,27911.0,Natural
Saskatchewan,SNOOPY,57.4948,-109.2083,1995,35000.0,Natural
Saskatchewan,BERG,56.0156,-107.9063,1995,100000.0,Natural
Saskatchewan,HAY,56.1302,-108.0938,1995,3000.0,Natural
Saskatchewan,TIPPO,55.1615,-106.5521,1995,72000.0,Natural
Saskatchewan,ERNIE,58.3385,-109.4583,1995,3590.0,Natural
Saskatchewan,CLUFF,58.4896,-109.6042,1995,15300.0,Natural
Saskatchewan,DUPRE,57.151,-109.1979,1995,200.0,Natural
Saskatchewan,DICK2,57.2448,-107.9583,1995,7230.0,Natural
Saskatchewan,WEERES,58.4219,-107.2188,1995,3655.7,Natural
Saskatchewan,JIMMY02,58.3542,-109.8021,1995,4200.0,Natural
Saskatchewan,HIGHWAY1,57.1406,-109.0521,1995,12000.0,Natural
Saskatchewan,HAWK,54.8333,-108.1563,1995,32000.0,Natural
Saskatchewan,MOOSE01,54.8073,-109.3646,1995,140000.0,Natural
Northwest Territories,VQ002-95,64.4541,-126.4225,1995,53000.0,Human
British Columbia,1995-G60107,57.35,-125.6,1995,12428.0,Human
Alberta,DF2-011-95,58.8617,-117.0108,1995,33558.2,Natural
Alberta,DF1-013-95,58.8035,-115.6379,1995,129408.9,Natural
Alberta,DP1-017-95,56.7244,-116.5429,1995,7035.7,Natural
British Columbia,1995-G60094,56.372,-124.417,1995,339.0,Human
Manitoba,NW-201-011-95,53.683,-100.383,1995,297.5,Human
Manitoba,NW-201-010-95,53.833,-101.233,1995,229.7,Human
Alberta,DL1-035-95,57.357,-110.374,1995,237.0,Natural
Saskatchewan,BORDER1,53.8906,-109.9896,1995,325.0,Human
Yukon,1995DA002,63.644444,-140.189167,1995,1006.78,Natural
British Columbia,1995-G70055,55.633,-120.683,1995,272.0,Human
Alberta,DF3-012-95,58.7196,-118.9532,1995,3448.6,Human
British Columbia,1995-G80053,56.833,-121.133,1995,1000.0,Human
Alberta,DF1-006-95,57.4991,-114.722,1995,496.2,Natural
Alberta,DL2-061-95,55.8118,-110.0082,1995,13850.2,Natural
Northwest Territories,HY001-95,61.4876,-118.1261,1995,200.0,Human
Alberta,DF2-001-95,59.112,-118.0314,1995,200.0,Human
Yukon,1995MA001,63.775278,-137.513611,1995,316.58,Human
Manitoba,CE-408-006-95,51.133,-98.483,1995,255.9,Human
Manitoba,CE-408-003-95,51.875,-98.283,1995,446.1,Human
Manitoba,CE-08-068-94,51.867,-98.35,1994,656.0,Human
New Brunswick,3926,47.46228,-65.29143,1994,227.0,Human
Saskatchewan,SANDY1,53.4115,-106.9688,1994,210.0,Human
Alberta,DR1-020-94,51.8912,-115.8398,1994,700.6,Human
Alberta,DR3-019-94,52.401,-116.5699,1994,224.3,Human
Saskatchewan,CROSS,53.7552,-109.4688,1994,250.0,Human
Manitoba,NE-09-310-94,59.417,-96.333,1994,13483.0,Human
British Columbia,1994-G30085,52.275,-118.537,1994,342.0,Human
Saskatchewan,SETTEE,55.901,-104.0729,1994,14836.0,Natural
Manitoba,NE-02-291-94,56.417,-100.1,1994,1067.0,Human
Saskatchewan,MEETING02,55.9115,-103.8646,1994,1500.0,Natural
Saskatchewan,SOOTHER,55.8177,-104.0729,1994,250.0,Natural
Saskatchewan,NERVOUS,55.724,-104.2083,1994,2000.0,Natural
Manitoba,NE-03-281-94,56.483,-96.75,1994,786.0,Natural
Manitoba,NE-03-268-94,56.4,-92.45,1994,2400.0,Human
Manitoba,NW-05-032-94,54.021,-99.488,1994,534.0,Natural
Northwest Territories,CR112-94,60.0333,-101.7833,1994,6000.0,Natural
Manitoba,NE-06-255-94,55.333,-93.5,1994,510.0,Natural
Alberta,94WB054,58.6211,-113.9069,1994,450.0,Natural
Saskatchewan,WHAT,59.5,-104.6563,1994,1975.0,Natural
Northwest Territories,ZF177-94,63.5333,-114.0666,1994,300.0,Natural
Ontario,COC26,54.5133,-89.5874,1994,250.0,Natural
Saskatchewan,HOBO,55.9219,-108.8646,1994,950.0,Human
Northwest Territories,FS105-94,63.9333,-125.2333,1994,9955.0,Natural
Manitoba,NE-02-243-94,57.25,-99.45,1994,11720.0,Natural
Yukon,1994OC006,66.03941,-138.312833,1994,2147.23,Natural
Alberta,DF1-063-94,59.4723,-114.033,1994,365.2,Natural
Manitoba,NE-01-237-94,55.4,-95.933,1994,307.0,Natural
Northwest Territories,FS102-94,63.8,-125.7833,1994,15900.0,Natural
British Columbia,1994-N10095,49.417,-115.917,1994,1066.0,Natural
Northwest Territories,FS101-94,63.75,-121.1666,1994,24000.0,Natural
Yukon,1994MA040,64.004217,-133.515074,1994,2472.02,Natural
Yukon,1994MA039,63.872773,-134.200841,1994,239.66,Natural
Yukon,1994MA038,63.783333,-134.0,1994,8374.66,Natural
Yukon,1994MA041,63.633333,-132.666667,1994,6866.14,Natural
British Columbia,1994-N10138,49.0,-114.367,1994,1403.5,Natural
Saskatchewan,JUSTIN,58.4375,-102.0313,1994,1500.0,Natural
Saskatchewan,GLOVE,58.6927,-103.7188,1994,3800.0,Natural
Yukon,1994BC013,62.483333,-139.75,1994,1792.4,Natural
Northwest Territories,JF032-94,62.0166,-127.3,1994,3600.0,Natural
Alberta,94WB047,58.9367,-113.8289,1994,254.0,Natural
Yukon,1994MA036,63.833333,-135.6,1994,662.63,Natural
Northwest Territories,FS099-94,62.3166,-123.55,1994,9200.0,Natural
Northwest Territories,FS103-94,63.1,-124.8333,1994,4852.0,Natural
Northwest Territories,FS104-94,63.15,-125.4833,1994,10144.0,Natural
Manitoba,NE-05-220-94,58.783,-101.417,1994,102229.0,Natural
Manitoba,NE-05-219-94,57.333,-101.217,1994,6807.0,Natural
Northwest Territories,VQ062-94,65.7333,-130.3,1994,647.0,Natural
Alberta,DF1-053-94,59.0835,-114.0042,1994,560.1,Natural
Saskatchewan,PRINCE,59.599,-108.2813,1994,12825.0,Natural
British Columbia,1994-K20146,50.633,-121.367,1994,361.0,Human
Saskatchewan,BURCHNALL,59.901,-108.7813,1994,1320.0,Natural
Manitoba,NE-03-214-94,56.436,-94.217,1994,347.0,Natural
Northwest Territories,VQ058-94,65.6833,-130.8333,1994,2915.0,Natural
Northwest Territories,VQ059-94,65.4333,-130.6333,1994,4375.0,Natural
Northwest Territories,VQ060-94,64.75,-127.2166,1994,287.0,Natural
Northwest Territories,FS094-94,64.0,-120.95,1994,55500.0,Natural
Northwest Territories,HY038-94,61.8,-115.5666,1994,39870.0,Natural
British Columbia,1994-N70054,50.867,-117.217,1994,300.1,Natural
Manitoba,NE-03-209-94,56.011,-95.918,1994,229.0,Natural
Yukon,1994DA045,64.739701,-140.619848,1994,2566.62,Natural
Yukon,1994DA047,64.952539,-140.521331,1994,348.95,Natural
Yukon,1994DA046,63.735556,-138.3075,1994,13793.68,Natural
Northwest Territories,FS092-94,63.8,-126.2666,1994,5860.0,Natural
Northwest Territories,VQ055-94,64.6666,-127.0666,1994,1000.0,Natural
Northwest Territories,VQ057-94,64.6333,-127.2333,1994,3664.0,Natural
Alberta,94WB044,59.595,-114.6197,1994,7676.0,Natural
Alberta,94WB045,59.0833,-114.0,1994,693.0,Natural
British Columbia,1994-N30019,51.958,-117.792,1994,560.0,Natural
British Columbia,1994-K50123,49.0,-119.5844,1994,2794.0,Natural
Saskatchewan,BRAD,58.5365,-103.9583,1994,6600.0,Natural
Yukon,1994MA031,64.245467,-136.266469,1994,3286.08,Natural
Yukon,1994DA040,63.816667,-137.7,1994,9526.1,Natural
Yukon,1994MA032,63.075474,-133.363515,1994,10066.7,Natural
Northwest Territories,FS091-94,60.55,-119.6166,1994,10400.0,Natural
Saskatchewan,LAONIL,55.7083,-103.6146,1994,1130.0,Natural
Saskatchewan,DUNN,55.9115,-102.3229,1994,33360.0,Natural
Yukon,1994DA037,64.213333,-138.449722,1994,2834.94,Natural
Yukon,1994DA039,63.690078,-137.950114,1994,366.91,Natural
Yukon,1994CA026,62.652222,-137.808611,1994,2371.55,Natural
Yukon,1994BC008,62.733333,-138.05,1994,9319.73,Natural
Yukon,1994BC009,62.691667,-138.024167,1994,3271.84,Natural
Yukon,1994CA027,62.761111,-137.675278,1994,3667.8,Natural
British Columbia,1994-K70044,50.8,-121.85,1994,1515.0,Human
Manitoba,NE-03-267-94,57.667,-95.667,1994,36260.0,Human
Yukon,1994MA028,63.533333,-134.866667,1994,7269.44,Natural
Yukon,1994MA023,64.083333,-136.2,1994,5192.08,Natural
Yukon,1994MA024,63.04874,-132.850292,1994,14108.28,Natural
Manitoba,NE-06-193-94,55.35,-93.05,1994,340.0,Natural
Northwest Territories,FS088-94,61.6,-123.0833,1994,64000.0,Natural
Northwest Territories,FS089-94,60.5833,-121.0333,1994,500.0,Natural
British Columbia,1994-K20085,51.25,-120.133,1994,420.0,Human
Newfoundland and Labrador,1994-617,55.32,-61.23,1994,40000.0,Natural
Northwest Territories,VQ049-94,64.3666,-120.7166,1994,6218.0,Natural
Northwest Territories,JF028-94,60.7833,-124.0666,1994,4000.0,Natural
Manitoba,NE-01-191-94,55.45,-95.933,1994,1378.0,Natural
Newfoundland and Labrador,1994-615,54.76,-60.7,1994,64000.0,Natural
Newfoundland and Labrador,1994-614,54.17,-61.42,1994,650.0,Natural
Newfoundland and Labrador,1994-613,53.22,-60.28,1994,430.0,Natural
Northwest Territories,ZF156-94,63.1333,-112.3833,1994,20100.0,Natural
Northwest Territories,ZF162-94,63.6,-112.5666,1994,600.0,Natural
Northwest Territories,ZF163-94,63.6333,-112.5666,1994,9500.0,Natural
Northwest Territories,CR106-94,60.7666,-103.0,1994,8000.0,Natural
Northwest Territories,CR107-94,60.35,-103.1833,1994,200.0,Natural
Yukon,1994RR018,62.1,-131.4,1994,8737.66,Natural
Yukon,1994RR019,62.365278,-130.933333,1994,23643.24,Natural
Northwest Territories,ZF152-94,63.1166,-110.9166,1994,900.0,Natural
British Columbia,1994-G90040,59.784,-120.326,1994,3000.0,Natural
British Columbia,1994-N20025,50.5,-116.15,1994,866.0,Natural
British Columbia,1994-K10039,52.341,-120.404,1994,732.0,Natural
Alberta,DF1-048-94,59.2688,-114.2034,1994,13137.7,Natural
Alberta,DF1-049-94,59.1271,-115.3057,1994,3009.7,Natural
Saskatchewan,BORDER1,59.9948,-106.5729,1994,1047.5,Natural
Manitoba,NE-01-192-94,55.55,-95.8,1994,2253.0,Natural
Northwest Territories,ZF145-94,63.6166,-112.8,1994,2600.0,Natural
Northwest Territories,ZF146-94,63.8166,-113.0166,1994,4700.0,Natural
Northwest Territories,ZF149-94,62.6166,-117.5333,1994,313600.0,Natural
British Columbia,1994-VA0013,52.717,-126.333,1994,592.0,Natural
Yukon,1994RR017,62.216667,-130.45,1994,6085.0,Natural
Yukon,1994MA022,63.549444,-134.2675,1994,6818.13,Natural
British Columbia,1994-K20062,50.375,-120.533,1994,1755.7,Natural
Yukon,1994RR015,62.332778,-130.816667,1994,1185.84,Natural
Yukon,1994WL020,61.283333,-129.666667,1994,325.48,Natural
Northwest Territories,JF019-94,61.7166,-126.2666,1994,630.0,Natural
Alberta,94WB040,59.6556,-114.0222,1994,19220.0,Natural
British Columbia,1994-K60065,49.45,-120.65,1994,230.0,Natural
British Columbia,1994-K60060,49.367,-120.74,1994,255.0,Natural
Saskatchewan,RIVER1,59.1771,-104.9375,1994,12010.0,Natural
Northwest Territories,VQ046-94,64.1,-123.4666,1994,2500.0,Natural
Yukon,1994WL019,60.864963,-126.242639,1994,904.73,Natural
Saskatchewan,TIME,58.6823,-106.3646,1994,151344.0,Natural
Manitoba,NE-02-186-94,57.033,-98.75,1994,3101.0,Natural
Northwest Territories,JF017-94,61.8166,-126.6,1994,6100.0,Natural
Northwest Territories,JF015-94,61.1,-126.05,1994,5730.0,Natural
Northwest Territories,JF016-94,60.7833,-126.3166,1994,13500.0,Natural
British Columbia,1994-K50087,49.4723,-119.5317,1994,5498.0,Human
Manitoba,NE-02-185-94,58.667,-98.25,1994,100126.0,Natural
Northwest Territories,CR096-94,62.45,-109.3,1994,15000.0,Natural
Northwest Territories,CR098-94,61.95,-109.5,1994,2500.0,Natural
Northwest Territories,CR099-94,62.15,-109.55,1994,2000.0,Natural
Northwest Territories,CR100-94,62.0166,-109.4833,1994,47400.0,Natural
Northwest Territories,ZF125-94,63.45,-113.2,1994,25600.0,Natural
Northwest Territories,ZF128-94,63.4166,-111.9333,1994,7600.0,Natural
Northwest Territories,JF013-94,60.9166,-123.7833,1994,9900.0,Natural
Ontario,COC31,53.6988,-84.1749,1994,240.0,Natural
Ontario,COC33,53.7126,-84.3862,1994,570.0,Natural
Manitoba,NE-05-183-94,57.767,-99.567,1994,6465.0,Natural
Newfoundland and Labrador,1994-610,54.73,-62.08,1994,3883.0,Natural
Yukon,1994MA021,63.15127,-137.648002,1994,341.14,Natural
Yukon,1994RR009,61.716667,-132.083333,1994,10119.27,Natural
Northwest Territories,FS078-94,62.8666,-120.35,1994,553680.0,Natural
Ontario,COC22,55.9857,-87.6971,1994,870.0,Natural
Ontario,COC24,55.5784,-87.3489,1994,1000.0,Natural
Saskatchewan,SAW,59.599,-102.4583,1994,3352.0,Natural
Manitoba,NE-03-180-94,57.733,-97.347,1994,38513.0,Natural
Manitoba,NE-01-182-94,56.363,-98.339,1994,21486.0,Natural
Yukon,1994RR022,62.683333,-131.833333,1994,3675.75,Natural
Yukon,1994RR023,62.816667,-131.8,1994,10394.24,Natural
Yukon,1994RR024,63.083333,-131.8,1994,23120.7,Natural
Northwest Territories,VQ039-94,64.65,-121.8333,1994,14359.0,Natural
Northwest Territories,VQ037-94,64.5166,-124.4333,1994,118698.0,Natural
Northwest Territories,VQ038-94,64.05,-123.85,1994,17951.0,Natural
Northwest Territories,ZF107-94,62.8833,-117.8333,1994,38548.96,Natural
Northwest Territories,ZF120-94,62.1666,-111.7666,1994,9500.0,Natural
Northwest Territories,FS067-94,62.55,-119.7333,1994,450.0,Natural
Northwest Territories,FS068-94,62.7,-120.3,1994,8800.0,Natural
Northwest Territories,FS069-94,62.8,-120.55,1994,622.0,Natural
Yukon,1994OC004,66.01797,-136.450642,1994,1281.79,Natural
Yukon,1994CA021,62.541944,-137.313333,1994,24270.87,Natural
Northwest Territories,VQ028-94,64.05,-123.15,1994,28042.0,Natural
Northwest Territories,VQ033-94,64.2833,-124.2666,1994,31114.0,Natural
Northwest Territories,FS061-94,63.8833,-119.8166,1994,28300.0,Natural
Northwest Territories,FS062-94,63.8166,-119.15,1994,750.0,Natural
Northwest Territories,FS063-94,63.8166,-119.1333,1994,19800.0,Natural
Northwest Territories,FS045-94,63.1333,-120.4,1994,1928.0,Natural
Alberta,DF3-038-94,59.8642,-119.5638,1994,220.6,Natural
Manitoba,NE-03-181-94,57.881,-97.253,1994,1983.0,Natural
Manitoba,NE-03-174-94,56.939,-94.799,1994,5311.0,Natural
Manitoba,NE-03-177-94,56.278,-93.475,1994,206.0,Natural
Manitoba,NE-03-172-94,56.268,-94.02,1994,281.0,Natural
Manitoba,NE-03-171-94,56.431,-93.901,1994,369.0,Natural
Manitoba,NE-03-170-94,56.425,-93.827,1994,888.0,Natural
Manitoba,NE-01-217-94,56.667,-98.0,1994,98014.0,Human
Manitoba,NE-03-173-94,56.216,-94.146,1994,4612.0,Natural
Yukon,1994RR007,62.252678,-132.287774,1994,20863.25,Natural
Northwest Territories,ZF087-94,62.6333,-111.1166,1994,16000.0,Natural
Northwest Territories,CR085-94,61.1666,-107.1666,1994,50000.0,Natural
Northwest Territories,FS038-94,63.9833,-126.2166,1994,6695.0,Natural
Manitoba,NE-03-178-94,56.667,-93.829,1994,945.0,Natural
Manitoba,NE-03-154-94,56.019,-94.797,1994,4728.0,Natural
Yukon,1994DA025,63.265802,-139.874763,1994,4475.88,Natural
Yukon,1994MA016,63.8,-134.516667,1994,977.15,Natural
Yukon,1994WL016,60.9225,-127.696111,1994,1654.65,Natural
Northwest Territories,VQ026-94,67.4,-123.4833,1994,1555.0,Natural
Northwest Territories,ZF079-94,64.5,-118.5333,1994,62115.0,Natural
Saskatchewan,ANNIE,58.0885,-103.0729,1994,7000.0,Natural
Manitoba,NE-03-179-94,57.083,-95.45,1994,11752.0,Natural
Yukon,1994DA020,65.613889,-138.344444,1994,6690.92,Natural
Yukon,1994MA015,64.128045,-135.395764,1994,2178.75,Natural
Yukon,1994MA014,63.279722,-135.0,1994,27880.16,Natural
Yukon,1994MA013,63.152959,-137.814909,1994,1745.53,Natural
Yukon,1994WL009,61.373889,-129.897659,1994,17657.09,Natural
Northwest Territories,ZF070-94,63.85,-112.6833,1994,300.0,Natural
Ontario,COC30,53.281,-83.1673,1994,1400.0,Natural
Ontario,COC29,53.9144,-84.366,1994,850.0,Natural
Manitoba,NE-02-184-94,57.367,-97.75,1994,48892.0,Natural
Yukon,1994MA009,63.906019,-136.356885,1994,1000.61,Natural
Yukon,1994MA010,64.023611,-136.231667,1994,479.6,Natural
Yukon,1994RR004,62.108333,-131.983333,1994,6157.61,Natural
Yukon,1994CA013,62.797222,-134.233333,1994,18230.19,Natural
Yukon,1994MA007,63.334387,-136.523525,1994,1326.22,Natural
Yukon,1994MA005,63.146834,-137.511546,1994,1144.94,Natural
Northwest Territories,JF007-94,62.15,-127.4666,1994,2450.0,Natural
Ontario,NIP75,53.6394,-87.8243,1994,411.0,Natural
Yukon,1994RR002,61.914859,-132.67202,1994,1647.41,Natural
Manitoba,NE-03-131-94,55.817,-92.117,1994,392.0,Natural
Northwest Territories,CR077-94,60.4166,-104.7833,1994,9000.0,Natural
Northwest Territories,CR079-94,60.4333,-104.9666,1994,21097.0,Natural
Northwest Territories,CR080-94,60.8666,-106.1666,1994,10000.0,Natural
Northwest Territories,CR081-94,61.1166,-106.0833,1994,10000.0,Natural
Northwest Territories,CR082-94,60.4333,-102.7166,1994,90000.0,Natural
Northwest Territories,CR076-94,60.05,-106.5333,1994,5000.0,Natural
Alberta,94WB027,59.5144,-115.2083,1994,335.0,Natural
Saskatchewan,SPRECKLEY,59.4427,-104.9271,1994,23374.0,Natural
Ontario,COC17,54.5571,-89.6366,1994,650.0,Natural
Ontario,SLK120,53.9131,-91.6375,1994,525.0,Natural
Manitoba,NE-02-125-94,57.133,-98.05,1994,7776.0,Natural
Northwest Territories,CR071-94,60.9333,-108.9,1994,225000.0,Natural
Northwest Territories,CR072-94,60.4666,-108.6333,1994,917.0,Natural
British Columbia,1994-R10014,53.363,-126.873,1994,352.0,Human
Northwest Territories,CR066-94,60.2333,-109.5333,1994,170000.0,Natural
Ontario,SLK103,52.1041,-90.8902,1994,1350.0,Natural
Ontario,SLK108,52.2434,-89.3508,1994,650.0,Natural
Ontario,SLK107,52.2626,-89.2932,1994,686.0,Natural
Northwest Territories,CR062-94,62.0166,-108.55,1994,210000.0,Natural
Alberta,94WB022,59.6417,-114.9083,1994,31549.0,Natural
Ontario,COC9,55.5254,-89.3207,1994,250.0,Natural
Ontario,COC8,55.6723,-89.6157,1994,6500.0,Natural
Ontario,COC10,56.2805,-88.7685,1994,3500.0,Natural
Saskatchewan,CLOSE,57.9948,-105.0104,1994,600.0,Natural
Saskatchewan,KIRSH,57.9896,-105.5208,1994,150000.0,Natural
Ontario,RED41,51.4053,-94.6677,1994,350.0,Natural
Ontario,COC23,53.2608,-84.7137,1994,1500.0,Natural
Saskatchewan,GEORGE1,58.4531,-104.4271,1994,6700.0,Natural
Northwest Territories,CR059-94,61.35,-108.75,1994,183824.0,Natural
Ontario,COC4,54.1791,-89.214,1994,750.0,Natural
Ontario,COC21,53.5215,-84.7148,1994,1100.0,Natural
Ontario,COC20,53.0115,-84.8462,1994,3500.0,Natural
Ontario,COC5,55.7623,-88.1314,1994,10500.0,Natural
Ontario,COC22,53.8934,-83.96,1994,10359.0,Natural
Saskatchewan,PATRICK2,58.2708,-102.8646,1994,9700.0,Natural
Saskatchewan,LENORE,58.6823,-102.9896,1994,800.0,Natural
Saskatchewan,MISEKUMAW,59.099,-103.7813,1994,17535.0,Natural
Saskatchewan,HEINZ,59.8802,-103.2813,1994,35200.0,Natural
Saskatchewan,SHOTGUN,57.5677,-102.8333,1994,21000.0,Natural
Manitoba,NE-09-109-94,57.4,-95.0,1994,56699.0,Human
Ontario,COC3,54.1663,-83.8262,1994,8293.0,Natural
Saskatchewan,DARVIN,58.7969,-102.5729,1994,6500.0,Natural
Saskatchewan,FLINTLOCK,57.401,-102.0,1994,3700.0,Natural
Saskatchewan,THIRD,59.3906,-103.5417,1994,46600.0,Natural
Saskatchewan,WEASEL2,57.1823,-109.7396,1994,220.0,Natural
Saskatchewan,ROSE,58.2031,-106.7813,1994,28300.0,Natural
Saskatchewan,BAPTISTE,58.7656,-103.9688,1994,13900.0,Natural
Saskatchewan,WOLF,57.974,-108.0729,1994,6000.0,Natural
Saskatchewan,STEVE,58.7969,-103.3229,1994,40200.0,Natural
Saskatchewan,ZEBRA,57.4219,-106.3438,1994,6000.0,Natural
Saskatchewan,LOON FIRE,55.8125,-102.0104,1994,300.0,Natural
Saskatchewan,BELL1,58.6771,-105.2292,1994,9000.0,Natural
Manitoba,NE-09-100-94,58.333,-96.833,1994,258024.0,Human
Manitoba,NE-05-099-94,55.817,-101.967,1994,9155.0,Natural
Manitoba,NE-01-103-94,55.85,-95.783,1994,1991.0,Natural
Quebec,1994-338,51.59323,-74.56741,1994,300.0,Natural
Northwest Territories,CR047-94,61.6666,-106.85,1994,200.0,Natural
Northwest Territories,CR037-94,60.9,-107.1,1994,75000.0,Natural
Northwest Territories,CR043-94,60.8,-105.65,1994,200.0,Natural
Northwest Territories,CR049-94,61.6166,-107.3333,1994,40000.0,Natural
Northwest Territories,CR050-94,61.15,-107.6166,1994,8000.0,Natural
Northwest Territories,CR041-94,60.1833,-101.4166,1994,60000.0,Natural
Northwest Territories,CR042-94,60.0833,-102.85,1994,50000.0,Natural
Northwest Territories,CR039-94,60.15,-107.1333,1994,700.0,Natural
Alberta,DA3-003-94,59.759,-110.546,1994,3672.8,Natural
Saskatchewan,ROB,57.974,-102.6771,1994,3400.0,Natural
Saskatchewan,CAN,59.2917,-105.2813,1994,4000.0,Natural
Saskatchewan,GANGLER,59.8906,-106.2396,1994,3036.0,Natural
Saskatchewan,GREEN,59.3906,-104.5729,1994,54350.0,Natural
Saskatchewan,CREE,57.8906,-105.7604,1994,800.0,Natural
Manitoba,NE-05-278-94,58.733,-101.5,1994,1564.0,Natural
Manitoba,NE-05-273-94,58.7,-99.417,1994,1813.0,Natural
Manitoba,NE-05-270-94,59.167,-100.0,1994,39091.0,Natural
Manitoba,NE-05-274-94,57.833,-100.917,1994,53027.0,Natural
Manitoba,NE-05-098-94,58.783,-98.333,1994,86040.0,Natural
Manitoba,NE-05-269-94,59.5,-99.0,1994,230007.0,Natural
Manitoba,NE-05-272-94,58.5,-99.333,1994,15038.0,Natural
Manitoba,NE-05-271-94,58.083,-100.25,1994,67074.0,Natural
Manitoba,NE-05-092-94,56.85,-100.717,1994,436.0,Natural
Manitoba,NE-05-275-94,57.833,-101.5,1994,4006.0,Natural
Manitoba,NE-05-277-94,57.45,-102.0,1994,7576.0,Natural
Manitoba,NE-05-276-94,57.467,-100.733,1994,437.0,Natural
Northwest Territories,CR008-94,62.1333,-109.8333,1994,2300.0,Natural
Northwest Territories,CR031-94,61.4,-107.8333,1994,4000.0,Natural
Northwest Territories,CR014-94,61.0833,-110.4166,1994,773.0,Natural
Alberta,DP3-011-94,57.1973,-118.4923,1994,363.5,Natural
Yukon,1994MA003,63.986421,-133.997314,1994,5122.39,Natural
Yukon,1994BC006,62.177708,-138.122767,1994,2130.43,Natural
Northwest Territories,CR007-94,62.8,-110.1333,1994,25000.0,Natural
Manitoba,NE-05-090-94,57.45,-100.483,1994,684.0,Natural
Yukon,1994DA010,63.7,-140.25,1994,1456.1,Natural
Yukon,1994DA011,63.291254,-139.688929,1994,622.38,Natural
Ontario,COC19,52.8791,-83.0135,1994,553.0,Natural
Ontario,SLK68,53.2905,-92.4825,1994,575.0,Natural
Ontario,COC2,55.1404,-85.3135,1994,375.0,Natural
Quebec,1994-368,55.40528,-76.53581,1994,71700.0,Natural
Quebec,1994-328,54.77698,-70.81774,1994,292.0,Natural
Quebec,1994-331,52.98771,-73.83749,1994,464.0,Natural
Quebec,1994-315,51.48502,-69.21534,1994,400.0,Natural
Quebec,1994-307,49.80036,-70.06661,1994,200.0,Natural
Yukon,1994DA007,65.372275,-138.084011,1994,1159.73,Natural
Yukon,1994DA008,65.4,-138.483333,1994,816.94,Natural
Yukon,1994BC004,62.607983,-140.755902,1994,577.03,Natural
Yukon,1994XY021,61.771981,-134.528865,1994,7832.53,Natural
Yukon,1994RR001,61.833333,-131.883333,1994,442.73,Natural
Ontario,NIP62,51.9003,-88.2717,1994,1940.0,Natural
Quebec,1994-335,53.93285,-76.25848,1994,2006.0,Natural
Quebec,1994-319,52.53867,-75.82298,1994,28475.0,Natural
Yukon,1994DA004,63.25,-140.45,1994,13835.29,Natural
Yukon,1994CA009,62.85,-134.2,1994,10870.77,Natural
Yukon,1994CA010,62.066667,-137.9,1994,669.48,Natural
Yukon,1994CA004,61.981944,-136.3,1994,355.7,Natural
Yukon,1994CA006,61.974366,-134.955989,1994,27586.25,Natural
Yukon,1994BC002,62.516667,-138.733333,1994,470.48,Natural
Ontario,NIP61,51.3919,-86.188,1994,2000.0,Natural
Ontario,COC18,53.2954,-82.1177,1994,2550.0,Natural
Ontario,NIP59,52.3105,-88.5622,1994,250.0,Natural
Newfoundland and Labrador,1994-307,48.82,-55.53,1994,959.0,Human
Ontario,COC1,54.0247,-84.275,1994,11105.0,Natural
Ontario,SLK58,53.2887,-91.3124,1994,350.0,Natural
Quebec,1994-289,51.43465,-79.10175,1994,2665.0,Natural
Quebec,1994-287,53.19634,-75.57583,1994,324.0,Natural
Quebec,1994-291,53.20264,-76.27178,1994,352.0,Natural
Quebec,1994-288,51.53867,-76.40365,1994,244.0,Natural
Manitoba,NE-06-065-94,54.917,-94.65,1994,223.0,Natural
Ontario,SLK39,53.8844,-90.8929,1994,207.0,Natural
Ontario,SLK35,53.8836,-92.4295,1994,396.0,Natural
Ontario,SLK49,53.6484,-92.1755,1994,1665.0,Natural
Ontario,NIP44,52.8948,-88.5682,1994,495.0,Natural
Ontario,NIP49,51.8082,-87.1668,1994,8000.0,Natural
Saskatchewan,BORDER2,57.4271,-105.0208,1994,500.0,Natural
Saskatchewan,NOWHERE,57.8385,-105.5521,1994,6000.0,Natural
Manitoba,NE-07-035-94,54.1,-95.25,1994,2907.0,Human
Ontario,SLK17,51.5084,-90.3414,1994,740.2999878,Human
Saskatchewan,TRACY,54.901,-105.9479,1994,1305.8,Natural
Manitoba,NE-01-033-94,56.35,-98.583,1994,4052.0,Natural
Manitoba,NE-01-031-94,56.209,-96.818,1994,7474.0,Natural
Ontario,SLK15,52.3185,-89.186,1994,4000.0,Natural
Saskatchewan,MOORE,57.3542,-105.0521,1994,17442.0,Natural
Quebec,1994-253,51.18645,-76.72848,1994,304.0,Natural
Ontario,RED7,52.9364,-93.1934,1994,4160.0,Natural
Saskatchewan,FUD,57.6406,-104.1146,1994,28300.0,Natural
Saskatchewan,HIGHWAY,57.5885,-103.9479,1994,1800.0,Natural
Saskatchewan,BIRD1,57.6302,-103.4896,1994,8000.0,Natural
Saskatchewan,NORBERT,56.3594,-106.0938,1994,12000.0,Natural
Manitoba,NE-02-027-94,56.867,-98.417,1994,33276.0,Natural
Quebec,1994-237,51.2485,-77.43391,1994,780.0,Natural
Quebec,1994-249,51.22153,-77.85923,1994,370.0,Natural
Quebec,1994-250,51.38729,-76.87632,1994,4365.0,Natural
Quebec,1994-251,51.54856,-77.01102,1994,520.0,Natural
Quebec,1994-267,48.83423,-69.95355,1994,264.0,Natural
Alberta,DA1-005-94,56.3535,-110.7062,1994,2151.9,Natural
Saskatchewan,EWEE,57.7083,-103.7813,1994,17500.0,Natural
Northwest Territories,94WB003,60.3706,-115.0083,1994,5490.0,Natural
Ontario,COC13,52.1068,-82.3068,1994,5000.0,Human
Saskatchewan,NO FIRE,59.3906,-104.7813,1994,366.07,Natural
Ontario,NIP26,51.9398,-87.8946,1994,21553.0,Natural
Ontario,COC12,52.1128,-84.8752,1994,2050.0,Natural
British Columbia,1994-K20016,50.767,-121.083,1994,275.0,Human
Alberta,DP3-003-94,57.786,-119.5819,1994,1942.7,Natural
Alberta,94WB001,58.5792,-113.6222,1994,829.0,Natural
Northwest Territories,HY001-94,61.3833,-117.1333,1994,10035.0,Human
Alberta,DA1-001-94,56.6226,-112.0088,1994,363.6,Natural
Quebec,1994-154,47.94544,-73.02023,1994,705.0,Natural
Manitoba,NE-04-002-94,53.683,-97.95,1994,324.0,Natural
Manitoba,EA-01-044-94,50.483,-95.533,1994,751.0,Natural
Manitoba,CE-08-050-94,52.131,-98.755,1994,911.0,Natural
Manitoba,CE-05-044-94,51.54,-97.046,1994,207.0,Natural
Manitoba,CE-08-037-94,51.717,-98.483,1994,247.0,Human
Saskatchewan,EAGLE3,53.5469,-107.1979,1994,920.0,Human
Manitoba,CE-08-024-94,51.733,-99.088,1994,325.0,Natural
Alberta,DF1-003-94,58.4655,-115.1335,1994,513.9,Human
Manitoba,CE-08-008-94,51.942,-98.783,1994,279.0,Human
Manitoba,CE-08-009-94,52.033,-98.833,1994,655.0,Human
Manitoba,CE-08-001-94,52.088,-99.533,1994,713.0,Natural
Newfoundland and Labrador,1993-626,54.227,-62.582,1993,6875.0,Natural
Yukon,1993OC015,66.2109,-133.723729,1993,60952.2,Natural
Quebec,1993-4041,56.70174,-68.78255,1993,2970.0,Natural
Newfoundland and Labrador,1993-624,52.786,-58.853,1993,1000.0,Natural
British Columbia,1993-G90042,59.188,-121.147,1993,225.0,Natural
Manitoba,1-03-0-93,56.6,-92.933,1993,250.0,Human
Yukon,1993OC014,66.1,-138.05,1993,698.46,Natural
Northwest Territories,CR046-93,60.0833,-105.6166,1993,380.0,Natural
Northwest Territories,CR047-93,60.5333,-106.4333,1993,500.0,Natural
Northwest Territories,CR040-93,61.6,-106.2666,1993,220.0,Natural
Northwest Territories,CR042-93,61.2666,-105.05,1993,600.0,Natural
Northwest Territories,CR041-93,61.2666,-105.2333,1993,260.0,Natural
Yukon,1993OC013,66.416667,-134.0,1993,1700.25,Natural
Yukon,1993MA025,65.074146,-135.074366,1993,2152.53,Natural
Yukon,1993MA026,65.283333,-135.133333,1993,2105.56,Natural
Northwest Territories,CR039-93,60.45,-109.1333,1993,234.0,Natural
Yukon,1993OC012,66.1,-136.466667,1993,646.02,Natural
Yukon,1993MA023,65.916667,-135.666667,1993,2634.94,Natural
Yukon,1993MA024,65.833333,-135.333333,1993,5941.71,Natural
Northwest Territories,CR029-93,60.2333,-104.5666,1993,3800.0,Natural
Northwest Territories,CR030-93,60.1333,-104.8666,1993,1700.0,Natural
Northwest Territories,CR032-93,60.4833,-103.8,1993,1500.0,Natural
Northwest Territories,CR035-93,60.7833,-103.55,1993,220.0,Natural
Northwest Territories,CR037-93,60.9,-104.8,1993,200.0,Natural
Northwest Territories,CR038-93,60.8166,-103.25,1993,3000.0,Natural
Northwest Territories,CR034-93,60.0833,-101.5833,1993,49000.0,Natural
Northwest Territories,CR031-93,60.2,-104.3333,1993,6000.0,Natural
Saskatchewan,SELWYN,59.9219,-104.8854,1993,776.0,Natural
Saskatchewan,HAWKINS,59.7708,-104.3646,1993,5681.99,Natural
Northwest Territories,CR022-93,60.1,-109.9333,1993,220.0,Natural
Saskatchewan,JERRY,59.5469,-103.2396,1993,5934.52,Natural
Manitoba,1-05-0-93,57.783,-101.283,1993,1750.0,Human
Northwest Territories,ZF051-93,65.1833,-119.4666,1993,675.0,Natural
Northwest Territories,ZF052-93,65.0666,-119.1333,1993,1400.0,Natural
Yukon,1993OC010,66.970556,-135.153889,1993,1262.28,Natural
Northwest Territories,VQ113-93,67.9166,-125.5833,1993,850.0,Natural
Northwest Territories,EV061-93,66.9333,-131.9666,1993,5770.0,Natural
Northwest Territories,VQ112-93,66.6833,-131.65,1993,91125.0,Natural
Northwest Territories,EV060-93,66.4333,-133.2666,1993,126625.0,Natural
Saskatchewan,MARYANNE,58.1927,-102.7188,1993,441.0,Natural
Northwest Territories,ZF047-93,64.6666,-119.4166,1993,2300.0,Natural
Northwest Territories,ZF048-93,64.8,-119.9666,1993,250.0,Natural
Northwest Territories,EV057-93,67.05,-128.2666,1993,430.0,Natural
Northwest Territories,EV058-93,67.25,-128.9166,1993,1020.0,Natural
Northwest Territories,VQ105-93,64.4666,-126.45,1993,1450.0,Natural
Northwest Territories,ZF040-93,65.4333,-116.75,1993,750.0,Natural
Northwest Territories,VQ098-93,65.6833,-125.15,1993,3400.0,Natural
Northwest Territories,VQ100-93,65.3,-125.3833,1993,3762.0,Natural
Northwest Territories,VQ099-93,65.8833,-123.9333,1993,23000.0,Natural
Northwest Territories,ZF041-93,65.5166,-117.8333,1993,500.0,Natural
Northwest Territories,ZF028-93,64.7666,-118.95,1993,3000.0,Natural
Northwest Territories,ZF029-93,64.75,-119.0833,1993,1200.0,Natural
Northwest Territories,ZF030-93,64.75,-119.6666,1993,1700.0,Natural
Northwest Territories,FS075-93,63.35,-120.7666,1993,17000.0,Natural
Saskatchewan,GINGER,58.5156,-102.7396,1993,11000.0,Natural
Saskatchewan,ZINGER,57.6875,-105.9063,1993,44000.0,Human
Northwest Territories,VQ076-93,66.5,-130.4333,1993,74750.0,Natural
Northwest Territories,VQ079-93,65.6666,-125.6666,1993,57375.0,Natural
Northwest Territories,VQ091-93,65.6833,-127.9833,1993,28284.0,Natural
Northwest Territories,VQ092-93,64.25,-124.9333,1993,14200.0,Natural
Northwest Territories,VQ081-93,65.9166,-126.3666,1993,11880.0,Natural
Northwest Territories,FS052-93,63.9,-120.95,1993,1400.0,Natural
Northwest Territories,VQ082-93,64.3166,-120.8833,1993,10000.0,Natural
Northwest Territories,FS062-93,62.8833,-120.9833,1993,40500.0,Natural
Northwest Territories,VQ056-93,64.8333,-126.1666,1993,23850.0,Natural
Northwest Territories,VQ057-93,64.8166,-125.8333,1993,21890.0,Natural
Northwest Territories,VQ064-93,65.05,-125.1,1993,13068.0,Natural
Northwest Territories,VQ068-93,65.3333,-126.1166,1993,3599.0,Natural
Northwest Territories,ZF024-93,64.5166,-118.9,1993,1300.0,Natural
New Brunswick,3388,47.07589,-66.56548,1993,318.0,Natural
Northwest Territories,EV026-93,67.7166,-130.2833,1993,1850.0,Natural
Northwest Territories,EV027-93,67.6833,-130.0833,1993,27800.0,Natural
Northwest Territories,EV018-93,66.8,-132.1833,1993,14500.0,Natural
Northwest Territories,VQ049-93,66.5833,-125.9833,1993,39900.0,Natural
Northwest Territories,VQ051-93,65.7333,-129.0333,1993,8500.0,Natural
Northwest Territories,VQ052-93,65.7,-129.2833,1993,5200.0,Natural
Northwest Territories,VQ055-93,64.8666,-122.3833,1993,760.0,Natural
Quebec,1993-7066,50.90348,-78.5049,1993,551.0,Natural
Northwest Territories,EV015-93,68.4333,-130.2333,1993,1260.0,Natural
Northwest Territories,VQ048-93,65.55,-125.0833,1993,525.0,Natural
Yukon,1993DA011,63.416667,-140.016667,1993,6630.99,Natural
Northwest Territories,EV004-93,67.4666,-128.4333,1993,220.0,Natural
Northwest Territories,EV013-93,67.5333,-128.2833,1993,1875.0,Natural
Northwest Territories,VQ037-93,67.4166,-127.0333,1993,1000.0,Natural
Northwest Territories,EV008-93,67.05,-132.2666,1993,400.0,Natural
Northwest Territories,EV007-93,66.8666,-133.0166,1993,89900.0,Natural
Yukon,1993MA015,63.85,-133.633333,1993,5095.72,Natural
Northwest Territories,VQ036-93,67.7166,-126.2,1993,800.0,Natural
Northwest Territories,CR016-93,61.6666,-109.9166,1993,1700.0,Natural
Saskatchewan,VULTURE,56.4063,-108.7292,1993,200.0,Human
Yukon,1993OC005,66.447222,-134.261111,1993,940.36,Natural
Yukon,1993DA010,65.833333,-136.5,1993,10574.88,Natural
Newfoundland and Labrador,1993-621,53.501,-62.249,1993,441.0,Natural
Manitoba,2-03-0-93,54.85,-101.817,1993,250.0,Natural
Manitoba,1-01-0-93,55.417,-96.8,1993,1351.9,Human
Quebec,1993-7056,54.28867,-75.5556,1993,18525.0,Natural
Newfoundland and Labrador,1993-617,53.449,-65.433,1993,1100.0,Natural
Ontario,GER19,53.48,-88.0849,1993,800.0,Natural
Saskatchewan,PIERCE,57.4479,-104.9375,1993,10000.0,Natural
Saskatchewan,JARRET,56.9635,-106.8854,1993,350.0,Natural
Manitoba,1-06-0-93,55.1,-94.05,1993,5359.1,Natural
Newfoundland and Labrador,1993-616,53.287,-63.351,1993,1300.0,Natural
Saskatchewan,LAIRD,55.8906,-103.2604,1993,20600.0,Natural
Saskatchewan,MOUSE,56.4323,-104.3333,1993,1250.0,Natural
Saskatchewan,CLAMPETT,56.1823,-102.6771,1993,1900.0,Natural
Newfoundland and Labrador,1993-615,53.111,-64.064,1993,300.0,Natural
Ontario,RED35,52.1091,-93.292,1993,2329.0,Natural
Saskatchewan,MARSIN,58.2031,-108.0521,1993,941.0,Natural
Saskatchewan,CHAMPS,56.5469,-104.2188,1993,4500.0,Natural
Saskatchewan,NORTH,56.7135,-107.4167,1993,5895.0,Natural
Saskatchewan,ROCKHEAD,56.6198,-103.4167,1993,1800.0,Natural
Saskatchewan,PTARMIGAN,57.7917,-109.3021,1993,1880.0,Natural
Saskatchewan,DINO,56.1823,-103.1354,1993,51700.0,Natural
Saskatchewan,SLADE,56.3021,-103.1042,1993,300.0,Natural
Manitoba,1-05-0-93,56.933,-100.5,1993,515.0,Natural
Manitoba,1-05-0-93,56.533,-100.967,1993,17199.0,Natural
Manitoba,1-05-0-93,56.917,-100.35,1993,10616.0,Natural
Manitoba,1-02-0-93,56.833,-99.917,1993,24414.0,Natural
Manitoba,1-08-0-93,54.817,-98.5,1993,563.0,Natural
Newfoundland and Labrador,1993-614,53.187,-63.461,1993,7313.0,Natural
Yukon,1993OC002,67.210068,-138.272676,1993,423.89,Natural
Yukon,1993MA007,64.157055,-135.767731,1993,979.24,Natural
Yukon,1993MA008,64.021709,-136.383203,1993,257.4,Natural
Yukon,1993MA009,63.03325,-137.750163,1993,3500.78,Natural
Newfoundland and Labrador,1993-611,53.342,-63.302,1993,600.0,Natural
Newfoundland and Labrador,1993-610,53.21,-64.226,1993,384.0,Natural
Newfoundland and Labrador,1993-608,52.255,-65.753,1993,7812.0,Natural
Yukon,1993DA007,63.783333,-138.25,1993,2082.45,Natural
Yukon,1993MA005,63.45,-136.816667,1993,735.17,Natural
Quebec,1993-5032,51.2509,-73.34914,1993,30000.0,Natural
Yukon,1993DA005,64.121064,-137.515883,1993,3727.51,Natural
Yukon,1993MA003,64.208958,-134.768637,1993,563.01,Natural
Quebec,1993-5022,50.96163,-74.40239,1993,75000.0,Natural
Ontario,SIO48,52.6161,-91.8184,1993,2400.0,Natural
Ontario,SIO41,52.6191,-92.1728,1993,33875.0,Natural
Ontario,SIO37,52.5476,-90.8026,1993,9300.0,Natural
Ontario,RED31,52.2893,-92.9414,1993,12173.0,Natural
Ontario,RED29,51.9744,-92.7816,1993,15143.5,Natural
Ontario,SIO39,52.7338,-91.9041,1993,2300.0,Natural
Ontario,SIO45,52.5624,-91.8494,1993,310.0,Natural
Ontario,SIO44,52.5545,-91.9676,1993,290.0,Natural
Saskatchewan,WHISKEY,57.2813,-107.6875,1993,400.0,Natural
Saskatchewan,VIXEN,57.3021,-107.6458,1993,400.0,Natural
Saskatchewan,BORDER,54.0,-109.8646,1993,400.0,Human
Northwest Territories,CR009-93,60.7333,-107.7166,1993,643.72,Natural
Northwest Territories,CR010-93,60.5833,-106.75,1993,685.51,Natural
Alberta,DND-015-93,55.1226,-110.678,1993,505.4,Natural
Saskatchewan,DUCK2,57.9948,-109.5938,1993,8000.0,Natural
Saskatchewan,SHEEP,57.724,-109.3438,1993,430.0,Natural
Saskatchewan,PIKE,57.2135,-107.6146,1993,3000.0,Natural
Quebec,1993-3048,48.26619,-73.9018,1993,429.0,Human
Northwest Territories,CR002-93,60.7833,-109.1666,1993,205.0,Natural
Alberta,DF2-031-93,58.9344,-116.8136,1993,346.6,Natural
Alberta,DA2-020-93,57.5878,-112.5965,1993,2153.8,Natural
Alberta,DP3-026-93,57.7533,-119.6913,1993,7819.6,Natural
Alberta,DP3-032-93,57.5243,-118.2736,1993,548.5,Natural
Alberta,DP3-033-93,56.759,-117.902,1993,2137.1,Natural
Saskatchewan,EAGLE1,54.0729,-108.0208,1993,320.0,Human
Alberta,93WB007,59.5836,-115.4489,1993,200.0,Natural
Alberta,93WB011,58.4169,-112.0917,1993,250.0,Natural
Alberta,93WB003,58.0844,-111.9931,1993,525.0,Natural
British Columbia,1993-G90016,59.268,-121.374,1993,250.8,Natural
British Columbia,1993-G90015,58.554,-120.318,1993,550.0,Natural
Alberta,DF2-018-93,59.585,-117.0297,1993,1541.6,Natural
Alberta,DF1-009-93,59.1452,-115.2702,1993,268.2,Natural
Alberta,DA2-018-93,57.8059,-113.7178,1993,352.8,Natural
Alberta,DP2-002-93,57.0046,-119.7737,1993,665.9,Natural
Alberta,DP3-007-93,57.2699,-119.0725,1993,359.4,Natural
Alberta,DP3-010-93,57.4917,-118.287,1993,340.6,Natural
Saskatchewan,SQUIRREL,56.3594,-109.5729,1993,6000.0,Human
Manitoba,5-02-0-93,51.85,-95.483,1993,770.0,Natural
Ontario,RED22,52.1324,-93.9788,1993,15836.0,Natural
Saskatchewan,DOCTOR,53.8802,-102.8229,1993,200.0,Human
Ontario,SIO31,53.8202,-89.8256,1993,200.0,Human
Saskatchewan,ZONE,57.026,-106.5729,1993,8000.0,Natural
Saskatchewan,WILMA2,57.3698,-102.9271,1993,50000.0,Human
Saskatchewan,C N,53.8177,-107.7917,1993,574.9,Human
British Columbia,1993-G60003,56.866,-125.379,1993,224.0,Human
Saskatchewan,OSPREY,54.0469,-109.7188,1993,265.0,Human
Alberta,DND-002-93,55.1022,-110.4465,1993,4876.1,Natural
Alberta,DND-004-93,55.084,-110.3065,1993,465.3,Natural
Alberta,DL3-007-93,55.379,-112.8096,1993,241.8,Natural
Saskatchewan,DEER,55.1719,-109.2604,1993,301715.3,Natural
Saskatchewan,MOOSE1,55.224,-109.0521,1993,9420.0,Human
Saskatchewan,APPLE1,55.2396,-109.1458,1993,4200.0,Human
Saskatchewan,TONY,56.3802,-106.3021,1993,400.0,Natural
Manitoba,2-04-0-93,54.833,-100.0,1993,247.0,Natural
Saskatchewan,KIRBY,56.4844,-107.3646,1993,27200.0,Natural
Saskatchewan,MACNUTT,51.0255,-101.7078,1993,200.0,Human
Ontario,SIO20,51.4555,-90.1933,1993,3100.0,Human
Saskatchewan,WILMA,57.3698,-102.9271,1993,400.0,Human
Saskatchewan,PARK,53.9531,-102.1771,1993,200.0,Human
Saskatchewan,AIRPORT,55.2865,-102.7396,1993,200.0,Human
Ontario,SIO18,53.4486,-89.1472,1993,3750.0,Human
Ontario,SIO22,53.7788,-90.329,1993,210.0,Human
Saskatchewan,THURSDAY,53.776,-107.5729,1993,3546.9,Human
Saskatchewan,SKOP,54.3281,-108.3854,1993,2545.6,Human
Saskatchewan,SAWMILL,54.1302,-108.2604,1993,555.0,Human
Saskatchewan,DOG1,55.8802,-108.6146,1993,218.0,Human
Saskatchewan,GARY,53.974,-102.4063,1993,500.0,Human
Manitoba,2-01-0-93,53.8,-101.367,1993,300.0,Human
Manitoba,5-12-0-93,49.367,-96.4,1993,242.8,Human
Manitoba,3-13-0-93,52.94677,-101.3812,1993,200.0,Human
Saskatchewan,WILLOW,53.7448,-101.8021,1993,281.0,Human
Saskatchewan,NIGHT2,53.6406,-107.8021,1993,4851.0,Human
Ontario,FOR1,48.8337,-94.6079,1993,532.0,Human
Saskatchewan,WAGON,54.4323,-108.4688,1993,500.0,Human
Alberta,93WB001,58.63,-111.69,1993,350.0,Human
Manitoba,2-02-0-93,55.217,-100.517,1993,400.0,Natural
Manitoba,3-10-0-93,52.19016,-100.189,1993,250.0,Human
Northwest Territories,ZF123-92,63.6666,-116.8166,1992,200.0,Human
Northwest Territories,EV011-92,68.1,-131.8,1992,300.0,Natural
Manitoba,1-01-18-92,55.683,-96.25,1992,843.0,Natural
Manitoba,1-01-17-92,55.267,-96.05,1992,582.0,Natural
British Columbia,1992-V30023,50.58,-123.171,1992,353.0,Natural
Saskatchewan,FLAME,57.2969,-105.0729,1992,400.0,Natural
Saskatchewan,WILLIAM,56.3281,-108.5521,1992,250.0,Human
Saskatchewan,GOOSE2,56.3177,-109.4688,1992,700.0,Human
Manitoba,1-05-14-92,56.267,-101.533,1992,794.0,Natural
Quebec,1992-7185,51.38639,-77.16378,1992,372.0,Human
Saskatchewan,DARRELL,55.1198,-108.8021,1992,13534.0,Natural
Manitoba,1-01-6-92,56.133,-96.733,1992,340.0,Human
Manitoba,1-01-7-92,55.7,-99.55,1992,3140.0,Natural
Northwest Territories,CR033-92,60.9333,-107.9,1992,288.0,Natural
Northwest Territories,CR034-92,60.9833,-110.4333,1992,386.0,Natural
Northwest Territories,ZF079-92,65.2166,-116.1166,1992,600.0,Natural
Manitoba,5-02-0-92,52.483,-95.633,1992,1036.0,Natural
Quebec,1992-7174,53.32195,-72.65161,1992,771.0,Natural
Quebec,1992-7176,55.02698,-70.95293,1992,738.0,Natural
Quebec,1992-7172,52.14898,-75.51445,1992,7496.0,Natural
Northwest Territories,ZF071-92,64.1833,-115.3,1992,2200.0,Unknown
Saskatchewan,JUDY,57.7552,-102.6354,1992,800.0,Natural
Manitoba,1-04-9-92,53.883,-96.283,1992,597.0,Natural
Northwest Territories,CR031-92,60.75,-105.2166,1992,1058.0,Natural
British Columbia,1992-G60038,57.089,-125.508,1992,308.0,Human
Saskatchewan,STEVE,57.474,-105.1146,1992,360.0,Natural
Quebec,1992-7163,55.21973,-76.39932,1992,3712.0,Natural
Quebec,1992-7166,55.05846,-74.48901,1992,223.0,Natural
British Columbia,1992-N30046,51.982,-117.364,1992,484.4,Natural
British Columbia,1992-K70024,50.188,-121.582,1992,861.0,Human
British Columbia,1992-G60027,57.411,-126.521,1992,230.0,Human
British Columbia,1992-G30044,53.688,-120.369,1992,369.1,Natural
Manitoba,1-05-13-92,59.067,-101.833,1992,4100.0,Natural
Northwest Territories,ZF038-92,65.0166,-115.3666,1992,600.0,Natural
Northwest Territories,ZF026-92,65.9166,-114.6,1992,300.0,Natural
Northwest Territories,ZF022-92,65.5166,-117.5333,1992,6800.0,Natural
Northwest Territories,ZF024-92,65.5333,-117.6333,1992,1800.0,Natural
Yukon,1992OC005,66.216667,-140.8,1992,805.87,Natural
Northwest Territories,ZF020-92,65.0666,-115.6833,1992,5350.0,Natural
British Columbia,1992-R90026,59.089,-127.862,1992,2574.8,Natural
Saskatchewan,RAVEN1,55.0417,-109.0313,1992,281.7,Natural
Manitoba,1-03-6-92,56.133,-94.667,1992,2079.0,Natural
Northwest Territories,CR012-92,60.0833,-104.0833,1992,3500.0,Natural
Northwest Territories,CR013-92,60.0833,-103.65,1992,500.0,Natural
Yukon,1992DA012,65.591608,-136.274234,1992,1184.91,Natural
Northwest Territories,ZF014-92,64.9833,-119.3,1992,700.0,Natural
Saskatchewan,BAY2,59.5781,-103.9479,1992,200.0,Natural
Saskatchewan,BASHFUL,58.7656,-102.9271,1992,900.0,Natural
Newfoundland and Labrador,1992-605,52.43,-61.547,1992,374.0,Natural
Saskatchewan,SNEEZY,58.7135,-103.9271,1992,4281.3,Natural
Quebec,1992-7151,53.19994,-73.16366,1992,213.0,Natural
Quebec,1992-7150,53.52608,-73.06215,1992,458.0,Natural
Manitoba,1-03-5-92,56.617,-94.617,1992,86654.0,Natural
Quebec,1992-7144,53.41517,-74.50185,1992,294.0,Natural
Saskatchewan,BURN,59.6771,-103.2292,1992,19803.64,Natural
Manitoba,1-05-9-92,57.85,-101.783,1992,1150.0,Human
Manitoba,1-02-7-92,57.183,-98.6,1992,6475.0,Natural
Manitoba,1-02-4-92,57.033,-99.067,1992,9783.0,Natural
Manitoba,1-02-5-92,57.117,-98.883,1992,20126.0,Natural
Manitoba,1-02-3-92,57.067,-99.583,1992,23669.0,Natural
British Columbia,1992-R90017,59.491,-132.895,1992,1495.0,Natural
British Columbia,1992-R90022,58.402,-130.728,1992,236.0,Natural
Yukon,1992TE001,60.591248,-132.837788,1992,375.32,Natural
Saskatchewan,GRUMPY II,58.5417,-102.8854,1992,731.0,Human
Yukon,1992CA003,62.238611,-135.699167,1992,1286.61,Natural
Yukon,1992CA004,62.275556,-135.644444,1992,909.17,Natural
British Columbia,1992-R90015,58.866,-133.137,1992,671.8,Natural
British Columbia,1992-R90016,58.741,-132.794,1992,997.8,Natural
British Columbia,1992-R90020,57.92,-129.278,1992,5177.5,Natural
Northwest Territories,JF003-92,62.55,-128.8,1992,950.0,Natural
Northwest Territories,JF002-92,62.5166,-128.7,1992,750.0,Natural
British Columbia,1992-G10029,54.018,-122.134,1992,2018.0,Human
British Columbia,1992-G10023,53.598,-122.639,1992,1491.9,Human
British Columbia,1992-K10056,52.348,-119.81,1992,200.0,Natural
Northwest Territories,VQ009-92,66.8833,-119.2833,1992,400.0,Unknown
Northwest Territories,VQ005-92,65.6666,-123.45,1992,650.0,Natural
Manitoba,1-03-4-92,56.617,-96.25,1992,86696.0,Human
Newfoundland and Labrador,1992-602,53.019,-66.605,1992,450.0,Human
Newfoundland and Labrador,1992-601,52.921,-66.957,1992,695.0,Human
Northwest Territories,CR006-92,60.2666,-107.5166,1992,2200.0,Natural
Saskatchewan,CAMERON,56.9323,-102.5521,1992,1460.0,Human
Quebec,1992-5048,49.01619,-71.53397,1992,484.0,Human
Northwest Territories,CR001-92,60.5333,-108.2166,1992,2000.0,Natural
Northwest Territories,CR002-92,60.6166,-108.35,1992,500.0,Natural
Northwest Territories,CR003-92,60.7,-108.2666,1992,1000.0,Natural
Northwest Territories,CR004-92,60.7166,-108.1166,1992,1000.0,Natural
Northwest Territories,CR005-92,60.6666,-107.4666,1992,1600.0,Natural
Alberta,DND-001-92,55.0803,-111.1454,1992,299.1,Human
Yukon,1992RR002,61.883333,-131.083333,1992,17766.4,Natural
Yukon,1992WL004,60.05,-126.016667,1992,5358.88,Natural
Yukon,1992WL006,60.675315,-125.897764,1992,384.06,Natural
Ontario,HEA16,49.9284,-82.0728,1992,242.0,Human
Manitoba,1-01-2-92,55.95,-96.117,1992,1146.0,Natural
Manitoba,1-01-1-92,55.833,-96.583,1992,11137.0,Natural
Yukon,1992DA004,65.061314,-140.844018,1992,2917.29,Natural
Yukon,1992BC001,62.838737,-140.989809,1992,5957.23,Human
Quebec,1992-4033,49.26619,-68.96003,1992,1410.0,Natural
Quebec,1992-7094,51.34143,-79.37636,1992,2934.0,Natural
Nova Scotia,P24B3H08,44.86893,-63.474715,1992,594.89,Human
Ontario,NIP8,50.6129,-89.2615,1992,424.0,Natural
Ontario,THU24,50.648,-89.3056,1992,3775.0,Natural
Ontario,THU23,50.7202,-89.295,1992,1695.0,Natural
Ontario,SIO30,52.0938,-89.8174,1992,5335.0,Natural
Manitoba,1-02-1-92,56.9,-99.817,1992,42524.0,Natural
Ontario,SIO25,52.3011,-91.1082,1992,13400.0,Natural
Ontario,GER36,51.3089,-86.6987,1992,250.0,Natural
Ontario,COC14,50.4456,-81.3098,1992,214.0,Natural
Ontario,SIO20,52.219,-89.4447,1992,380.0,Natural
Ontario,GER13,53.1498,-88.6597,1992,18000.0,Natural
Ontario,GER21,52.2344,-86.5168,1992,980.0,Natural
Ontario,GER17,51.9271,-87.7853,1992,16500.0,Natural
Ontario,GER15,52.7511,-88.8668,1992,44200.0,Natural
Ontario,GER39,51.7408,-87.1303,1992,1230.0,Natural
Ontario,COC16,50.3774,-79.8609,1992,14450.0,Natural
Ontario,NIP9,50.1788,-88.8907,1992,2700.0,Natural
Ontario,GER18,52.4756,-87.7656,1992,4950.0,Natural
Ontario,SIO26,52.3421,-90.8715,1992,5900.0,Natural
Ontario,GER25,52.5515,-88.9763,1992,210.0,Natural
Ontario,GER14,52.5053,-88.4438,1992,14000.0,Natural
Ontario,SIO23,52.5996,-89.3034,1992,10900.0,Natural
Ontario,SIO24,53.0146,-89.1793,1992,8300.0,Natural
Ontario,COC18,49.993,-80.1211,1992,1500.0,Natural
Saskatchewan,BEE,57.8594,-106.2813,1992,200.0,Natural
Saskatchewan,CAT,57.7865,-106.7188,1992,40000.0,Natural
Saskatchewan,TROLLEY,54.7969,-107.8021,1992,5343.0,Natural
Saskatchewan,YAK,57.4635,-107.1354,1992,800.0,Natural
Manitoba,1-05-3-92,57.583,-99.667,1992,125260.0,Natural
Ontario,TEM5,47.3591,-80.4571,1992,778.0,Human
Quebec,1992-7079,49.7545,-77.79018,1992,1590.0,Human
British Columbia,1992-G90013,59.411,-125.616,1992,850.0,Human
New Brunswick,2898,45.67505,-65.50173,1992,938.0,Human
Ontario,COC12,49.6876,-81.8179,1992,309.0,Human
Manitoba,1-07-2-92,52.95,-95.233,1992,305.0,Natural
Ontario,SUD23,46.9193,-81.197,1992,2000.0,Human
British Columbia,1992-G90010,59.393,-125.704,1992,1650.0,Human
British Columbia,1992-G90012,59.313,-125.458,1992,4130.0,Human
Quebec,1992-3068,47.00899,-73.40348,1992,2043.0,Human
New Brunswick,2798,47.72635,-67.22542,1992,3035.0,Human
Quebec,1992-3059,48.24311,-71.3694,1992,2050.0,Human
Saskatchewan,BLUEBELL,54.1667,-109.0313,1992,4396.0,Human
New Brunswick,2637,46.93413,-65.41892,1992,243.0,Human
Ontario,CHA7,48.1233,-83.58,1992,546.0,Human
Manitoba,4-06-2-92,51.3462,-97.4343,1992,259.0,Natural
Manitoba,2-01-2-92,53.633,-100.583,1992,1460.3,Human
Manitoba,2-01-1-92,53.683,-100.3,1992,213.0,Natural
Alberta,DL1-005-92,54.5167,-110.2283,1992,474.5,Human
Saskatchewan,SANDY2,53.6823,-107.9688,1992,282.35,Human
British Columbia,1992-G70001,56.205,-121.119,1992,330.0,Human
Manitoba,3-12-1-92,52.00824,-100.4388,1992,566.0,Natural
British Columbia,1991-N50068,49.214,-117.154,1991,370.0,Human
Saskatchewan,DUMP07,54.0,-109.1354,1991,300.0,Human
British Columbia,1991-G70065,56.911,-121.988,1991,300.0,Human
British Columbia,1991-G70063,56.098,-122.026,1991,526.0,Human
British Columbia,1991-R20047,54.938,-125.783,1991,200.0,Human
British Columbia,1991-R20037,54.366,-126.893,1991,706.0,Human
Manitoba,8-01-20-91,49.97957,-96.1414,1991,400.0,Natural
Ontario,THU130,48.2412,-89.0876,1991,512.0,Natural
Northwest Territories,VQ032-91,66.5666,-119.2,1991,200.0,Natural
Manitoba,5-02-72-91,52.79034,-97.0589,1991,335.0,Natural
Yukon,1991BC007,62.60996,-140.992124,1991,209.47,Natural
Alberta,91WB017,59.3333,-112.4167,1991,310.0,Natural
Saskatchewan,DUNE,58.9948,-109.1146,1991,1536.0,Natural
Northwest Territories,CR113-91,60.2666,-101.3666,1991,3109.0,Natural
British Columbia,KO1,50.9806,-115.8964,1991,480.0,Natural
British Columbia,1991-G60041,56.884,-124.167,1991,250.0,Natural
British Columbia,1991-G60040,56.232,-122.974,1991,484.0,Natural
Saskatchewan,CAT1,54.8594,-109.8229,1991,3400.0,Natural
Newfoundland and Labrador,1991-671,52.48,-62.354,1991,315.0,Natural
Ontario,RED83,52.2441,-93.249,1991,225.0,Natural
British Columbia,1991-R20033,54.125,-126.544,1991,263.0,Human
Saskatchewan,PIXLEY,59.8594,-104.3021,1991,352.0,Natural
Manitoba,1-04-21-91,53.9,-97.133,1991,2665.0,Natural
Manitoba,1-04-30-91,52.767,-96.133,1991,14000.0,Natural
Ontario,SUD165,46.9907,-81.434,1991,215.0,Natural
Ontario,SUD164,46.9727,-81.4207,1991,214.0,Natural
British Columbia,1991-G60039,56.393,-123.1,1991,2132.4,Natural
British Columbia,1991-G80035,56.804,-122.919,1991,5165.0,Natural
Saskatchewan,OMAN,59.7552,-107.0313,1991,1357.0,Natural
Manitoba,5-02-37-91,51.53905,-96.415,1991,640.0,Natural
Northwest Territories,CR109-91,61.25,-104.9333,1991,230.0,Natural
Northwest Territories,CR100-91,60.5833,-107.1333,1991,609.0,Natural
Ontario,SIO119,52.2698,-92.3992,1991,650.0,Natural
Alberta,DL4-018-91,55.5535,-112.3887,1991,281.7,Natural
Saskatchewan,LAIRD,59.9219,-109.0729,1991,1007.5,Natural
Saskatchewan,VERNON,59.6927,-106.5313,1991,1380.0,Natural
Saskatchewan,SANDY2,59.0677,-109.3854,1991,978.0,Natural
Manitoba,1-07-34-91,54.15,-93.617,1991,270.0,Natural
Newfoundland and Labrador,1991-670,52.148,-60.778,1991,1370.0,Natural
Saskatchewan,CHAMPAGNE,59.8906,-108.5313,1991,2230.0,Natural
Quebec,1991-7281,52.27698,-76.85199,1991,2659.0,Natural
Ontario,MOO47,52.3067,-84.9026,1991,1000.0,Natural
Ontario,MOO46,51.6765,-84.035,1991,300.0,Natural
Ontario,GER98,52.0455,-86.5043,1991,900.0,Natural
Saskatchewan,FAGAN,59.5052,-106.6979,1991,584.0,Natural
Saskatchewan,BOX1,59.5781,-106.6146,1991,2052.0,Natural
Saskatchewan,MCNAIR,59.4167,-106.9688,1991,210.0,Natural
Saskatchewan,MORNING,54.9844,-109.4479,1991,26700.0,Natural
Newfoundland and Labrador,1991-669,53.763,-61.191,1991,927.0,Natural
Ontario,GER96,52.1329,-88.724,1991,1400.0,Natural
Ontario,GER92,49.9245,-85.5651,1991,1600.0,Natural
Saskatchewan,STEPHEN,59.5781,-108.0938,1991,401.0,Natural
Saskatchewan,HAYTER,59.5469,-108.0938,1991,224.0,Natural
Saskatchewan,CANTERA,59.1198,-108.9063,1991,477.0,Natural
Saskatchewan,FORD,55.901,-107.5833,1991,2716.0,Human
Saskatchewan,SCORCHER,54.9792,-104.0938,1991,1652.0,Natural
Saskatchewan,WHITE2,59.599,-108.8854,1991,4791.33,Natural
Saskatchewan,CLOCK,54.8594,-109.8021,1991,1200.0,Natural
Manitoba,1-07-32-91,54.883,-94.9,1991,3500.0,Human
Northwest Territories,CR089-91,61.3666,-107.7833,1991,969.0,Natural
Northwest Territories,CR090-91,60.8,-106.0666,1991,7617.0,Natural
Northwest Territories,CR092-91,61.3333,-106.1666,1991,11596.0,Natural
Northwest Territories,CR091-91,60.25,-103.5,1991,24551.0,Natural
Ontario,HEA21,49.2239,-84.5554,1991,508.0,Human
Ontario,CHA52,48.2344,-82.9661,1991,377.0,Human
Saskatchewan,POEGAL,59.724,-104.8646,1991,331.46,Natural
Ontario,MOO41,53.0618,-84.8959,1991,7000.0,Natural
Ontario,SIO110,53.0669,-90.6867,1991,2015.0,Natural
Ontario,GER84,53.5795,-88.0119,1991,3200.0,Natural
Ontario,MOO39,51.9439,-82.7313,1991,6000.0,Natural
Saskatchewan,WERRY,59.4531,-103.6146,1991,3487.0,Natural
Saskatchewan,SCARCY,59.4635,-104.5521,1991,13787.32,Natural
Saskatchewan,EXPORT,58.8802,-102.2188,1991,6345.0,Natural
Saskatchewan,HERBERT,59.5677,-104.4896,1991,35807.78,Natural
Saskatchewan,STRIDING,59.9844,-104.0313,1991,2023.92,Natural
Saskatchewan,DELHAYE,59.1406,-102.9271,1991,21360.0,Natural
Saskatchewan,FLATT,59.2031,-103.1354,1991,10462.0,Natural
Manitoba,1-03-16-91,55.583,-95.833,1991,200.0,Natural
Quebec,1991-4145,52.2518,-68.65785,1991,19000.0,Natural
Quebec,1991-5133,50.66847,-72.8443,1991,200.0,Natural
Newfoundland and Labrador,1991-655,54.437,-65.74,1991,3400.0,Natural
Newfoundland and Labrador,1991-656,54.29,-65.857,1991,4400.0,Natural
Northwest Territories,CR080-91,60.8666,-107.75,1991,338.0,Natural
Northwest Territories,CR081-91,60.35,-107.7166,1991,6831.0,Natural
Manitoba,1-04-19-91,54.117,-96.483,1991,1020.0,Natural
Newfoundland and Labrador,1991-653,52.688,-64.47,1991,2000.0,Natural
Northwest Territories,VQ030-91,65.5833,-119.8333,1991,300.0,Natural
Ontario,SIO107,52.9151,-90.7394,1991,375.0,Natural
Newfoundland and Labrador,1991-648,53.475,-64.812,1991,2374.0,Natural
Newfoundland and Labrador,1991-650,54.755,-66.577,1991,1600.0,Natural
Ontario,SIO96,51.909,-91.0506,1991,49500.0,Natural
Ontario,GER63,52.1988,-87.3804,1991,1800.0,Natural
Ontario,GER70,51.886,-88.3512,1991,200.0,Natural
Ontario,SIO94,52.6358,-90.7095,1991,1510.0,Natural
Quebec,1991-7259,55.05306,-69.50012,1991,7748.0,Natural
Quebec,1991-7257,55.01439,-72.20451,1991,223.0,Natural
Quebec,1991-7258,55.13639,-71.83486,1991,2294.0,Natural
Newfoundland and Labrador,1991-636,53.465,-65.954,1991,9850.0,Natural
Newfoundland and Labrador,1991-641,53.809,-65.553,1991,4265.0,Natural
Newfoundland and Labrador,1991-642,53.679,-64.255,1991,440.0,Natural
Newfoundland and Labrador,1991-643,53.854,-63.639,1991,3725.0,Natural
Newfoundland and Labrador,1991-644,53.589,-65.911,1991,4125.0,Natural
Newfoundland and Labrador,1991-635,54.153,-59.182,1991,5095.0,Natural
Newfoundland and Labrador,1991-637,52.783,-61.569,1991,331.0,Natural
Newfoundland and Labrador,1991-639,53.663,-64.219,1991,3750.0,Natural
Ontario,SIO92,51.9735,-89.9555,1991,550.0,Natural
British Columbia,1991-K20067,50.768,-120.309,1991,573.8,Human
Newfoundland and Labrador,1991-632,54.732,-62.035,1991,653.0,Natural
Newfoundland and Labrador,1991-634,53.174,-58.609,1991,518.0,Natural
Northwest Territories,CR070-91,60.8,-106.8,1991,20200.0,Natural
Northwest Territories,CR068-91,61.2333,-106.3,1991,7195.0,Natural
Northwest Territories,CR065-91,60.45,-102.85,1991,2847.0,Natural
Northwest Territories,CR066-91,60.5,-101.9833,1991,22068.0,Natural
Northwest Territories,VQ027-91,66.3,-119.6166,1991,750.0,Natural
Saskatchewan,MILTON,59.526,-103.7813,1991,8780.0,Natural
Saskatchewan,COMMON,59.9323,-104.4688,1991,7784.43,Natural
Quebec,1991-2080,45.1238,-74.21941,1991,277.0,Human
Northwest Territories,CR050-91,61.2833,-107.3,1991,569.0,Natural
Northwest Territories,CR054-91,61.5833,-107.5,1991,29634.0,Natural
Ontario,SIO83,52.3223,-92.1637,1991,4187.0,Natural
Manitoba,1-03-9-91,55.617,-95.483,1991,300.0,Natural
Northwest Territories,ZF031-91,63.5666,-105.9833,1991,450.0,Natural
Ontario,SIO80,51.994,-89.5402,1991,6975.0,Natural
Manitoba,1-05-11-91,57.033,-101.967,1991,2300.0,Natural
Northwest Territories,CR047-91,61.5166,-107.5333,1991,400.0,Natural
Saskatchewan,PHELPS,59.2448,-103.3021,1991,650.0,Natural
Manitoba,5-02-27-91,52.80489,-96.8411,1991,24000.0,Natural
Yukon,1991OC003,66.178126,-137.123796,1991,4786.0,Natural
Northwest Territories,CR048-91,60.6333,-108.0,1991,23607.0,Natural
Northwest Territories,ZF030-91,65.4333,-118.9333,1991,7200.0,Natural
Manitoba,1-01-23-91,56.55,-97.767,1991,2000.0,Natural
Manitoba,1-01-20-91,56.367,-98.417,1991,8000.0,Natural
Northwest Territories,VQ022-91,66.7333,-121.8166,1991,2750.0,Natural
Saskatchewan,HAMBONE,58.9115,-102.2188,1991,25200.0,Human
Northwest Territories,CR040-91,61.3333,-103.6166,1991,13575.0,Natural
Northwest Territories,CR039-91,60.4166,-105.0666,1991,12866.0,Natural
Northwest Territories,VQ020-91,67.8,-127.8833,1991,960.0,Natural
Northwest Territories,VQ019-91,64.0666,-120.0166,1991,5507.0,Natural
Northwest Territories,VQ017-91,67.8,-126.4166,1991,432.0,Natural
Northwest Territories,VQ016-91,67.05,-125.4,1991,480.0,Natural
Northwest Territories,ZF027-91,65.5166,-118.7833,1991,500.0,Natural
Ontario,MOO31,50.7218,-82.6717,1991,5000.0,Natural
Quebec,1991-5117,49.50809,-74.24308,1991,325.0,Natural
Northwest Territories,EV006-91,68.0333,-132.3,1991,340.0,Natural
Quebec,1991-7189,52.38999,-78.42927,1991,392.0,Natural
Quebec,1991-7206,52.33873,-77.04065,1991,212.0,Natural
Quebec,1991-7212,52.27338,-76.20591,1991,534.0,Natural
Quebec,1991-7214,52.35492,-75.9308,1991,3215.0,Natural
Quebec,1991-7190,52.01799,-78.59068,1991,304.0,Natural
Quebec,1991-7207,51.39988,-76.18946,1991,1754.0,Natural
Ontario,GER45,51.3272,-86.9426,1991,1200.0,Natural
Ontario,MOO25,52.1746,-85.0697,1991,250.0,Natural
Ontario,GER50,53.0916,-88.2692,1991,39500.0,Natural
Ontario,GER40,49.6149,-86.0864,1991,305.0,Human
Manitoba,1-03-8-91,56.183,-96.633,1991,404.0,Natural
Manitoba,2-04-11-91,55.233,-99.617,1991,610.0,Natural
Quebec,1991-7209,53.14089,-71.41904,1991,696.0,Natural
Ontario,SIO72,52.9048,-90.9675,1991,8625.0,Natural
Manitoba,1-02-5-91,57.233,-99.233,1991,200.0,Natural
Northwest Territories,FS037-91,63.1333,-120.75,1991,666.66,Natural
Ontario,GER36,52.4578,-86.2642,1991,500.0,Natural
Manitoba,1-02-4-91,56.917,-98.467,1991,1700.0,Natural
Manitoba,1-02-3-91,57.1,-97.317,1991,1000.0,Natural
Yukon,1991DA038,64.933333,-140.666667,1991,1020.86,Natural
Yukon,1991DA039,64.896578,-140.845121,1991,1144.13,Natural
Yukon,1991DA041,65.028095,-140.878571,1991,363.48,Natural
Yukon,1991DA042,63.637924,-140.904863,1991,514.55,Natural
Ontario,GER35,53.2063,-87.015,1991,500.0,Natural
Quebec,1991-7156,52.34143,-76.93818,1991,1006.0,Natural
Quebec,1991-7160,52.70893,-78.20844,1991,352.0,Natural
Ontario,GER38,52.2961,-85.3724,1991,450.0,Natural
Manitoba,1-02-6-91,56.933,-99.3,1991,200.0,Natural
Ontario,MOO23,53.5892,-83.7044,1991,500.0,Natural
Ontario,MOO22,51.2453,-82.533,1991,800.0,Natural
Nova Scotia,P05C4L14,43.791497,-65.790354,1991,532.4,Human
Yukon,1991MA021,63.663615,-133.815433,1991,614.68,Natural
Yukon,1991DA036,63.17393,-140.136849,1991,321.37,Natural
Yukon,1991CA013,62.832785,-137.867185,1991,345.87,Natural
Ontario,MOO20,52.6502,-83.4686,1991,5000.0,Natural
Yukon,1991DA033,64.3,-140.833333,1991,1619.46,Natural
Saskatchewan,DETOUR,59.6458,-104.0938,1991,329.0,Natural
Quebec,1991-7150,52.85761,-76.48064,1991,395.0,Natural
Yukon,1991DA032,62.933333,-139.4,1991,2051.39,Natural
Yukon,1991WL026,60.805243,-127.783147,1991,931.56,Natural
Yukon,1991WL024,60.018595,-126.800409,1991,267.83,Natural
Quebec,1991-3106,47.872,-70.33623,1991,5408.0,Natural
Newfoundland and Labrador,1991-615,54.453,-62.301,1991,388.0,Natural
Yukon,1991MA008,63.058951,-137.280766,1991,2100.85,Natural
Quebec,1991-7130,54.68825,-79.13866,1991,12850.0,Natural
Yukon,1991DA030,63.833333,-138.016667,1991,3748.96,Natural
Yukon,1991WL021,60.374546,-126.141074,1991,4084.24,Natural
Newfoundland and Labrador,1991-614,52.776,-66.898,1991,6075.0,Human
Yukon,1991MA007,63.33,-137.66,1991,2701.49,Natural
Yukon,1991WL015,60.890122,-129.315374,1991,15000.0,Natural
Yukon,1991WL017,60.72,-125.866667,1991,650.49,Natural
Yukon,1991WL014,60.779722,-130.979722,1991,15452.08,Natural
Yukon,1991XY033,60.029722,-133.75,1991,1000.0,Natural
Northwest Territories,FS011-91,62.9666,-124.5666,1991,1500.0,Natural
Northwest Territories,JF003-91,61.5333,-123.9666,1991,400.0,Natural
Ontario,GER25,52.0636,-86.5332,1991,200.0,Natural
Ontario,SIO54,53.9039,-89.268,1991,4180.0,Natural
Ontario,GER26,53.5827,-87.5136,1991,8600.0,Natural
British Columbia,1991-G90027,59.991,-126.663,1991,253.0,Natural
Yukon,1991DA024,65.624196,-140.626825,1991,471.83,Natural
Yukon,1991DA019,63.349722,-138.449722,1991,687.45,Natural
Yukon,1991DA021,63.997933,-138.638118,1991,1882.82,Natural
Yukon,1991DA027,63.435382,-139.574343,1991,1250.44,Natural
Yukon,1991DA028,63.459594,-139.43502,1991,2232.85,Natural
Yukon,1991DA015,64.3,-140.5,1991,15131.58,Natural
Yukon,1991DA020,63.919722,-140.96,1991,318.54,Natural
Yukon,1991DA016,63.43,-138.116667,1991,1417.93,Natural
Yukon,1991DA017,63.4,-138.116667,1991,952.61,Natural
Yukon,1991CA009,62.7,-137.616667,1991,4871.79,Natural
Yukon,1991WL012,60.028467,-126.728179,1991,2598.0,Natural
Northwest Territories,CR003-91,61.8833,-107.35,1991,846.0,Natural
Northwest Territories,CR004-91,61.2166,-106.7166,1991,1000.0,Natural
Northwest Territories,CR005-91,61.1833,-106.6333,1991,7460.0,Natural
Northwest Territories,CR006-91,61.0833,-105.0,1991,2120.0,Natural
Yukon,1991DA010,63.159722,-139.5,1991,4085.76,Natural
Yukon,1991BC004,62.779722,-140.566667,1991,532.92,Natural
Yukon,1991DA004,63.416667,-140.1,1991,7068.75,Natural
Yukon,1991DA011,64.099722,-139.8,1991,1811.24,Natural
Yukon,1991BC003,62.966667,-140.966667,1991,3455.46,Natural
Yukon,1991CA004,62.906038,-135.152166,1991,301.81,Natural
Yukon,1991DA002,63.6,-139.75,1991,2831.33,Natural
Yukon,1991CA002,62.419722,-136.38,1991,1234.19,Natural
Yukon,1991BC002,62.499664,-140.490665,1991,972.59,Natural
Ontario,MOO15,50.7605,-80.7448,1991,2500.0,Natural
British Columbia,1991-G60011,58.116,-126.461,1991,2500.0,Natural
Quebec,1991-3078,47.66157,-70.78126,1991,1773.0,Natural
Yukon,1991XY032,60.774806,-135.227211,1991,689.48,Human
Quebec,1991-7122,51.0054,-78.74714,1991,3100.0,Natural
Quebec,1991-7124,51.10492,-78.94987,1991,364.0,Natural
Quebec,1991-3080,48.14898,-71.72709,1991,266.0,Natural
Quebec,1991-3081,48.2563,-72.52255,1991,203.0,Natural
Ontario,MOO13,50.9344,-84.6233,1991,8000.0,Natural
Ontario,MOO9,51.3729,-82.3935,1991,1300.0,Natural
Quebec,1991-5070,50.09143,-72.70234,1991,42000.0,Natural
Quebec,1991-5077,49.84862,-71.51778,1991,400.0,Natural
Quebec,1991-4065,49.50719,-69.61404,1991,151000.0,Natural
Quebec,1991-4070,49.41847,-68.89869,1991,7000.0,Natural
Quebec,1991-4093,49.01979,-68.85084,1991,3000.0,Natural
Ontario,MOO11,52.1808,-82.5064,1991,1200.0,Natural
Quebec,1991-5063,49.95714,-73.60935,1991,3900.0,Natural
Quebec,1991-5064,50.32015,-73.03404,1991,9770.0,Natural
Quebec,1991-4084,50.01439,-69.71221,1991,14800.0,Natural
Quebec,1991-4051,48.93196,-69.92471,1991,96400.0,Natural
Yukon,1991WL005,60.45,-128.13,1991,5018.95,Natural
Quebec,1991-7108,53.74311,-79.00578,1991,248.0,Natural
Quebec,1991-4038,49.15618,-68.9725,1991,40000.0,Human
Ontario,RED36,52.7687,-94.2005,1991,8890.0,Natural
British Columbia,1991-R90027,59.348,-128.476,1991,200.0,Natural
Manitoba,1-04-9-91,53.583,-96.017,1991,318.0,Natural
New Brunswick,2141,45.27588,-66.58571,1991,335.0,Human
Ontario,RED22,53.0695,-93.5044,1991,235.0,Human
New Brunswick,2119,47.28473,-66.06504,1991,2600.0,Human
Ontario,SIO34,52.5003,-89.7402,1991,510.0,Human
Alberta,DND-007-91,55.1281,-111.1877,1991,1559.1,Natural
Alberta,JA3,53.4063,-118.3568,1991,200.0,Human
Ontario,SIO30,53.0425,-89.6253,1991,22400.0,Natural
British Columbia,1991-G80013,57.5,-121.254,1991,1780.0,Natural
Alberta,DS5-007-91,56.6953,-114.7286,1991,563.6,Natural
Alberta,DS6-025-91,56.2917,-113.2938,1991,321.1,Natural
Ontario,SIO28,52.9864,-90.7059,1991,34000.0,Natural
British Columbia,1991-G70035,56.125,-121.873,1991,232.0,Human
Manitoba,1-07-5-91,53.95,-96.033,1991,27648.0,Natural
Manitoba,1-04-5-91,53.383,-96.367,1991,25807.0,Natural
Manitoba,1-07-8-91,53.45,-94.6,1991,4608.0,Natural
Ontario,GER11,52.6161,-88.8758,1991,19857.0,Natural
Ontario,RED15,53.2507,-92.6553,1991,41000.0,Natural
British Columbia,1991-G80012,56.679,-121.028,1991,790.0,Human
Ontario,MOO5,52.1028,-82.2556,1991,300.0,Human
Quebec,1991-3030,47.68555,-70.63728,1991,630.0,Human
Ontario,GOG4,47.9524,-81.6563,1991,4800.0,Human
Ontario,CHA12,47.7272,-83.5871,1991,610.0,Human
Manitoba,7-06-1-91,51.75726,-100.4216,1991,240.0,Human
Manitoba,2-01-7-91,53.67427,-100.4133,1991,200.0,Natural
Saskatchewan,PAUL,53.7865,-102.5521,1991,600.0,Human
Manitoba,2-01-3-91,53.86706,-101.3857,1991,2500.0,Human
Manitoba,6-06-21-91,51.43717,-97.3992,1991,250.0,Natural
Manitoba,6-06-18-91,51.46628,-97.3055,1991,700.0,Human
Ontario,FOR10,48.6193,-93.4206,1991,200.0,Human
Saskatchewan,SWAMP1,54.0365,-109.8333,1991,2400.0,Human
British Columbia,1991-G70013,56.152,-120.84,1991,212.0,Human
British Columbia,1991-G70012,55.598,-121.289,1991,329.0,Human
Manitoba,6-06-14-91,51.36439,-97.452,1991,500.0,Human
Alberta,DF3-001-91,58.8686,-118.7773,1991,433.1,Human
Manitoba,7-02-1-91,52.00096,-100.2723,1991,7000.0,Human
British Columbia,1991-G70009,55.83,-121.525,1991,200.0,Human
Saskatchewan,DEEP,53.6094,-101.7604,1991,716.0,Human
Manitoba,2-01-1-91,53.59061,-101.6728,1991,1041.0,Human
Saskatchewan,DYCK,54.3073,-108.3854,1991,418.0,Human
Saskatchewan,BEAVER4,54.3073,-108.2604,1991,211.0,Human
British Columbia,1991-K60006,50.491,-121.299,1991,290.0,Human
Manitoba,5-03-3-91,50.56525,-96.2527,1991,200.0,Natural
Manitoba,5-03-4-91,50.60774,-96.3844,1991,270.0,Natural
Manitoba,5-03-1-91,50.61866,-96.2632,1991,600.0,Natural
Manitoba,6-10-3-91,50.85246,-97.6379,1991,1814.0,Human
Manitoba,6-06-10-91,51.02916,-97.9203,1991,250.0,Natural
Manitoba,8-01-9-91,49.9821,-95.8939,1991,500.0,Natural
Manitoba,6-08-3-91,51.88826,-99.5302,1991,200.0,Natural
Manitoba,6-10-2-91,50.93721,-97.8878,1991,3831.3,Natural
Manitoba,3-02-7-91,49.18402,-96.3183,1991,362.0,Natural
Manitoba,6-06-2-91,51.41897,-97.8035,1991,1088.0,Natural
Manitoba,6-10-1-91,50.78614,-97.5334,1991,260.0,Human
Manitoba,6-05-1-91,51.21706,-97.1418,1991,320.0,Natural
Manitoba,6-06-3-91,51.3935,-97.4227,1991,250.0,Natural
Manitoba,3-02-1-91,49.0258,-95.5254,1991,230.0,Human
Manitoba,6-06-1-91,51.44808,-97.3583,1991,300.0,Natural
Manitoba,3-03-3-91,49.36091,-96.0024,1991,330.0,Human
British Columbia,1991-G80002,56.321,-122.164,1991,1075.0,Human
Ontario,FOR83,48.819,-94.6292,1990,1644.0,Human
Manitoba,5-3-29-90,50.8261,-96.2921,1990,255.6,Human
Manitoba,3-5-2-90,50.1675,-98.3909,1990,264.1,Human
Manitoba,6-6-10-90,51.4226,-97.4227,1990,315.1,Human
Manitoba,3-2-9-90,49.2135,-96.4537,1990,892.6,Human
British Columbia,1990-C50064,51.223,-123.772,1990,204.0,Human
Alberta,DP1-034-90,56.9029,-116.5867,1990,304.9,Unknown
British Columbia,1990-G80027,56.295,-121.871,1990,395.0,Human
Alberta,DP3-036-90,57.4371,-119.2418,1990,496.0,Unknown
British Columbia,1990-G90071,58.107,-123.63,1990,2131.0,Human
British Columbia,1990-G90072,58.018,-123.259,1990,1107.7,Human
British Columbia,1990-G80022,57.17,-121.572,1990,24080.0,Human
British Columbia,1990-G80026,56.393,-120.534,1990,204.0,Human
British Columbia,1990-G90069,58.5,-125.148,1990,836.6,Human
British Columbia,1990-G90066,58.152,-123.831,1990,3451.9,Human
Alberta,DF3-063-90,58.3489,-119.7876,1990,932.8,Human
British Columbia,1990-G10215,53.438,-122.326,1990,356.0,Human
British Columbia,1990-G80025,56.455,-120.225,1990,412.0,Human
Quebec,1990-4086,49.85222,-68.74163,1990,3800.0,Human
Ontario,MOO17,52.4235,-83.5589,1990,250.0,Natural
Ontario,MOO20,52.9643,-84.9751,1990,1000.0,Natural
Ontario,MOO16,52.6652,-83.1589,1990,500.0,Natural
British Columbia,1990-G70057,54.946,-121.302,1990,1424.0,Natural
Ontario,GER85,52.1627,-86.576,1990,366.0,Natural
Ontario,GER83,53.8713,-87.1673,1990,600.0,Natural
Manitoba,1-7-23-90,53.05,-95.5833,1990,480.3,Natural
Manitoba,1-7-22-90,52.95,-95.6333,1990,1111.1,Natural
Ontario,RED46,52.6745,-95.1446,1990,547.0,Natural
British Columbia,1990-V50035,50.955,-124.774,1990,888.6,Natural
British Columbia,1990-V50036,50.946,-124.816,1990,349.3,Natural
British Columbia,1990-V50037,50.991,-124.972,1990,722.1,Natural
British Columbia,1990-VA0035,51.866,-126.668,1990,1000.0,Natural
British Columbia,1990-G60024,58.036,-126.444,1990,594.0,Natural
British Columbia,1990-VA0039,51.821,-126.381,1990,1500.0,Natural
Saskatchewan,MARVIN,57.974,-109.0729,1990,279.7257773,Natural
Ontario,SIO82,52.271,-89.0811,1990,735.0,Natural
Ontario,RED31,52.0457,-92.548,1990,1250.0,Natural
Yukon,1990HJ003,61.794127,-137.820703,1990,903.09,Human
British Columbia,1990-V90011,51.473,-125.656,1990,1255.0,Natural
Saskatchewan,ASH1,56.7396,-108.5208,1990,3390.0,Natural
Saskatchewan,PINE1,56.8229,-108.2708,1990,4680.0,Natural
Saskatchewan,MAPLE,56.6927,-108.3438,1990,528.0,Natural
Saskatchewan,BALSAM1,56.6354,-108.1875,1990,545.0,Natural
Saskatchewan,EASTSIDE,58.974,-107.4063,1990,14685.68612,Natural
Quebec,1990-4079,51.85132,-63.80422,1990,16000.0,Natural
Ontario,SIO70,52.2735,-91.0654,1990,14500.0,Natural
Ontario,GER75,52.2387,-88.8599,1990,2293.0,Natural
Ontario,SIO86,52.2257,-89.9429,1990,3030.0,Natural
Alberta,DND-024-90,55.2008,-111.0785,1990,498.3,Natural
Saskatchewan,ELMER,57.0625,-109.0313,1990,4322.718639,Natural
Saskatchewan,DOLLAR,55.75,-109.1563,1990,500.0045709,Natural
Saskatchewan,JULES,57.6458,-109.1563,1990,3760.401108,Natural
Saskatchewan,BARNETT,56.3906,-105.3854,1990,2599.784643,Natural
Saskatchewan,DEER,56.0573,-107.6354,1990,525.9906922,Human
Saskatchewan,EDWARD,56.8958,-109.5104,1990,2300.0,Natural
Saskatchewan,RONNIE,57.0365,-109.2396,1990,1142.427877,Natural
Saskatchewan,NORM1,56.8438,-109.6042,1990,27322.78284,Natural
Saskatchewan,LACE,57.3281,-106.0313,1990,3806.95031,Natural
Saskatchewan,STAN,57.0885,-109.4063,1990,1810.234294,Natural
Saskatchewan,PEACH,56.1094,-104.7604,1990,1168.874864,Natural
Saskatchewan,TALON,57.4063,-107.2708,1990,10963.78603,Natural
Manitoba,5-2-40-90,52.6012,-95.2629,1990,252.1,Natural
Alberta,90WB055,59.6833,-113.2667,1990,400.0,Natural
Alberta,DL4-040-90,55.5572,-112.1427,1990,9927.4,Natural
Alberta,DL2-077-90,55.9172,-110.9805,1990,670.4,Natural
Alberta,DL2-078-90,55.5645,-110.8166,1990,470.7,Natural
Alberta,DL2-088-90,55.8044,-110.5706,1990,1418.4,Natural
Alberta,DND-021-90,55.0731,-110.6116,1990,475.8,Natural
Saskatchewan,DAWN,56.6094,-109.1979,1990,33675.37566,Human
Saskatchewan,FOSTER,56.8177,-105.4271,1990,815.0728251,Natural
Saskatchewan,UNLUCKY,55.8802,-108.9271,1990,558.9594755,Human
Saskatchewan,WAX,55.8438,-109.3958,1990,2089.893108,Natural
Manitoba,1-3-9-90,56.0333,-95.9667,1990,1773.0,Natural
Newfoundland and Labrador,1990-640,53.236,-63.884,1990,400.0,Natural
Saskatchewan,HARRIOT,56.1927,-102.7813,1990,3513.560464,Natural
Newfoundland and Labrador,1990-634,53.69,-64.868,1990,563.0,Human
Quebec,1990-5110,51.25899,-70.73563,1990,2800.0,Natural
Ontario,SIO47,53.0391,-90.2257,1990,550.0,Natural
British Columbia,1990-V30039,50.527,-122.776,1990,650.0,Human
Saskatchewan,Aug 01,56.6719,-103.7396,1990,3000.0,Natural
Manitoba,1-4-26-90,53.1,-96.1833,1990,262.5,Natural
Ontario,GER57,53.0714,-87.0895,1990,760.0,Natural
Saskatchewan,MOOSE1,57.1615,-106.6354,1990,32176.62488,Natural
Alberta,90WB047,59.0167,-112.15,1990,200.0,Unknown
Ontario,SIO49,52.7548,-92.3036,1990,13000.0,Natural
British Columbia,1990-G90028,59.045,-120.463,1990,12213.4,Natural
British Columbia,1990-G90040,58.232,-121.391,1990,600.0,Natural
Alberta,DF1-064-90,58.8363,-115.7432,1990,422.1,Natural
Alberta,DL2-066-90,55.3826,-111.7902,1990,11809.5,Natural
Alberta,DND-019-90,54.8367,-110.0843,1990,381.7,Natural
Saskatchewan,JACKPINE,56.9323,-106.1771,1990,23987.27238,Natural
Saskatchewan,KARLOS,57.8177,-105.8229,1990,10177.29812,Natural
Newfoundland and Labrador,1990-633,53.078,-64.211,1990,250.0,Natural
Newfoundland and Labrador,1990-632,53.659,-66.151,1990,8187.0,Natural
Newfoundland and Labrador,1990-629,53.444,-65.388,1990,437.0,Natural
Northwest Territories,CR027-90,60.8,-107.6833,1990,500.0,Natural
Yukon,1990BC007,62.799722,-139.366667,1990,341.58,Natural
Yukon,1990BC008,62.566667,-139.72,1990,750.9,Natural
Quebec,1990-5088,50.64988,-71.84149,1990,207.0,Natural
Quebec,1990-7173,50.81295,-76.50505,1990,351.0,Natural
Quebec,1990-7174,50.83783,-76.61967,1990,279.0,Natural
Newfoundland and Labrador,1990-626,53.179,-66.415,1990,625.0,Natural
Newfoundland and Labrador,1990-627,53.347,-65.763,1990,625.0,Natural
Ontario,GER51,53.6947,-88.8932,1990,473.0,Natural
Ontario,SIO44,52.0962,-90.2846,1990,360.0,Natural
Ontario,GER60,53.7709,-86.3628,1990,250.0,Natural
Saskatchewan,GOOD,58.8281,-104.2604,1990,458.4545435,Natural
Quebec,1990-7168,52.34233,-76.03623,1990,802.0,Natural
Quebec,1990-7169,51.27878,-77.20112,1990,330.0,Natural
Quebec,1990-7176,50.86841,-75.15812,1990,290.0,Natural
Quebec,1990-7177,50.74311,-75.7301,1990,240.0,Natural
Quebec,1990-7171,50.84682,-76.47294,1990,1814.0,Natural
Quebec,1990-7166,53.49401,-76.60166,1990,454.0,Natural
Newfoundland and Labrador,1990-620,52.441,-66.164,1990,350.0,Natural
Newfoundland and Labrador,1990-625,51.937,-64.776,1990,9064.0,Natural
Newfoundland and Labrador,1990-622,52.634,-63.402,1990,600.0,Natural
Quebec,1990-4067,51.47422,-65.81601,1990,950.0,Natural
Newfoundland and Labrador,1990-614,55.514,-60.737,1990,239.0,Natural
Ontario,MOO10,51.5576,-81.8943,1990,10100.0,Natural
Ontario,GER48,50.8195,-86.0063,1990,200.0,Natural
Manitoba,1-3-8-90,56.0333,-95.0333,1990,2793.1,Natural
Quebec,1990-7147,51.18735,-78.64371,1990,213.0,Natural
Quebec,1990-7150,50.72063,-78.75805,1990,344.0,Natural
Quebec,1990-7158,51.49491,-76.63922,1990,3100.0,Natural
Yukon,1990WL005,61.031372,-129.962987,1990,418.8,Natural
Ontario,RED20,52.6483,-92.6157,1990,931.0,Natural
British Columbia,1990-R90011,58.607,-127.623,1990,745.0,Natural
British Columbia,1990-G60011,58.295,-126.44,1990,4665.0,Natural
Saskatchewan,CHARCOAL,57.4063,-107.9375,1990,995.9101471,Natural
Quebec,1990-7132,51.22692,-78.46841,1990,3948.0,Natural
Quebec,1990-7133,51.21793,-78.21267,1990,8328.0,Natural
Quebec,1990-7152,51.27698,-77.35341,1990,7631.0,Natural
Quebec,1990-7153,50.68645,-79.1326,1990,5200.0,Natural
Quebec,1990-7154,51.33603,-77.8247,1990,1074.0,Natural
Quebec,1990-7165,51.74311,-77.53686,1990,2162.0,Natural
Quebec,1990-7155,51.3801,-75.4683,1990,849.0,Natural
Quebec,1990-7156,51.08004,-75.49141,1990,264.0,Natural
Yukon,1990HJ001,60.849722,-137.05,1990,315.3,Human
Northwest Territories,CR026-90,60.4166,-102.5333,1990,600.0,Natural
Northwest Territories,VQ030-90,66.25,-132.8333,1990,18500.0,Natural
British Columbia,1990-R90013,58.536,-127.114,1990,1070.0,Natural
British Columbia,1990-V30017,50.589,-123.353,1990,1444.0,Natural
Ontario,RED21,51.9502,-94.2368,1990,875.0,Natural
British Columbia,1990-R90010,59.321,-132.126,1990,3072.0,Natural
Manitoba,1-3-7-90,56.4167,-94.9,1990,500.0,Natural
Alberta,90WB030,58.9833,-112.7167,1990,12000.0,Natural
Ontario,KAP10,50.358,-82.2793,1990,430.0,Natural
Yukon,1990RR003,62.068143,-131.766549,1990,427.04,Natural
Yukon,1990CA009,62.583333,-137.979722,1990,7211.07,Natural
Yukon,1990OC012,66.066667,-137.5,1990,33561.58,Natural
Yukon,1990DA020,64.844257,-140.763182,1990,304.84,Natural
Ontario,GER46,53.9662,-87.9908,1990,800.0,Natural
Ontario,GER44,53.0689,-87.7761,1990,4788.0,Natural
Ontario,GER45,52.7802,-87.9192,1990,36712.0,Natural
Quebec,1990-7110,51.59592,-78.31741,1990,228.0,Natural
Yukon,1990OC008,67.629722,-140.366667,1990,61715.19,Natural
Ontario,GER39,52.459,-88.5453,1990,10378.0,Natural
Ontario,RED16,52.4152,-93.0735,1990,640.0,Natural
Ontario,GER28,52.6723,-87.9169,1990,6888.0,Natural
Ontario,GER30,52.404,-87.7202,1990,425.0,Natural
Ontario,GER35,53.1046,-87.8215,1990,1122.0,Natural
Ontario,GER29,52.6122,-87.4283,1990,19300.0,Natural
Ontario,GER37,52.63,-87.4728,1990,300.0,Natural
Ontario,GER38,52.5259,-88.2087,1990,4132.0,Natural
Ontario,RED14,53.3763,-93.4209,1990,256.0,Natural
Alberta,DL2-046-90,55.8662,-110.2171,1990,257.8,Natural
Quebec,1990-7107,54.55036,-77.47054,1990,597.0,Natural
Alberta,90WB026,59.05,-112.2167,1990,12000.0,Natural
Alberta,DP1-012-90,56.6626,-116.2173,1990,1033.9,Natural
Manitoba,1-5-13-90,59.2667,-98.6667,1990,448.0,Natural
Ontario,GER33,53.1569,-88.0319,1990,4149.0,Natural
Ontario,GER40,53.0444,-87.1044,1990,540.0,Natural
Northwest Territories,VQ016-90,64.4666,-121.2333,1990,400.0,Natural
Northwest Territories,FS031-90,62.25,-124.1166,1990,13000.0,Natural
Northwest Territories,VQ017-90,64.7666,-120.25,1990,5600.0,Natural
Northwest Territories,CR022-90,60.2166,-102.7833,1990,1700.0,Natural
Northwest Territories,VQ015-90,64.35,-120.2833,1990,300.0,Natural
Northwest Territories,FS029-90,63.6666,-122.0833,1990,30001.0,Natural
Northwest Territories,FS030-90,63.1166,-126.3833,1990,200.0,Natural
Ontario,MOO14,53.9123,-84.7011,1990,25000.0,Natural
Manitoba,1-8-9-90,54.6167,-98.65,1990,1218.5,Natural
Northwest Territories,ZF027-90,64.9166,-119.9166,1990,2100.0,Natural
Manitoba,1-7-13-90,53.55,-95.8,1990,216.9,Natural
Yukon,1990MA012,63.599722,-134.16,1990,12474.65,Natural
Northwest Territories,VQ008-90,63.8833,-125.8333,1990,1200.0,Natural
Northwest Territories,FS021-90,63.4666,-120.5166,1990,26000.0,Natural
Ontario,RED15,53.5189,-93.6938,1990,332.0,Natural
Yukon,1990MA011,64.095595,-132.970888,1990,533.91,Natural
Yukon,1990DA017,64.276543,-140.824713,1990,428.94,Natural
Yukon,1990MA009,63.849722,-133.36,1990,10171.28,Natural
Yukon,1990MA010,63.9,-133.35,1990,9101.77,Natural
Ontario,GER20,52.3776,-86.383,1990,435.0,Natural
Quebec,1990-7102,52.16247,-75.98534,1990,11031.0,Human
Yukon,1990DA012,64.447181,-139.383529,1990,379.98,Natural
Yukon,1990BC004,62.716667,-139.949722,1990,16224.54,Natural
Yukon,1990BC005,62.729722,-140.08,1990,3169.42,Natural
Quebec,1990-5065,52.2509,-73.08186,1990,362.0,Natural
Yukon,1990DA008,65.55,-140.619722,1990,1275.52,Natural
Yukon,1990MA005,63.7,-135.7,1990,18341.54,Natural
Ontario,SIO22,53.8356,-91.5412,1990,1230.0,Natural
Saskatchewan,MEDLEY,58.7969,-102.9479,1990,2846.895936,Natural
Saskatchewan,ESKER,57.8906,-105.875,1990,268.4328708,Natural
Alberta,DA3-008-90,59.2032,-110.4565,1990,557.6,Natural
Ontario,RED13,52.7472,-94.5111,1990,540.0,Natural
Saskatchewan,THUNDER,54.8281,-106.0521,1990,5677.187306,Natural
Saskatchewan,CHAMPAGNE,59.9115,-108.5521,1990,2006.86192,Natural
Alberta,DF1-018-90,58.7745,-115.6518,1990,816.6,Natural
Saskatchewan,RUSSELL,57.3802,-105.3646,1990,2761.812511,Natural
Northwest Territories,CR011-90,61.05,-109.7666,1990,800.0,Natural
Northwest Territories,CR013-90,60.5333,-108.0833,1990,800.0,Natural
Northwest Territories,CR010-90,60.05,-107.0,1990,1200.0,Natural
Saskatchewan,LAKE1,56.8906,-102.6979,1990,1200.0,Natural
Saskatchewan,PERRY,56.8906,-102.6146,1990,855.373059,Natural
Saskatchewan,FORD,55.9323,-107.5104,1990,338.8143432,Natural
Northwest Territories,CR003-90,61.6166,-107.75,1990,380.0,Natural
Saskatchewan,AND,58.1406,-102.5313,1990,302.5864431,Natural
Newfoundland and Labrador,1990-511,48.295,-58.588,1990,250.0,Human
New Brunswick,1660,47.44819,-65.67773,1990,1113.0,Human
New Brunswick,1642,47.74378,-66.33825,1990,4871.0,Human
Saskatchewan,JESSIE,54.6771,-104.4792,1990,255.9798453,Natural
Quebec,1990-4017,49.51079,-69.55009,1990,200.0,Human
Quebec,1990-4016,48.79587,-69.41809,1990,2200.0,Human
Nova Scotia,P44A1L08,45.919332,-60.349889,1990,308.0,Human
Nova Scotia,P43C3J28,46.111471,-60.107748,1990,220.0,Human
Ontario,RED5,52.852,-94.7375,1990,221.0,Natural
Ontario,GER10,51.6282,-85.9454,1990,600.0,Human
Ontario,GER9,51.636,-85.8152,1990,250.0,Human
Ontario,CHA9,48.0417,-83.1735,1990,3166.0,Human
Newfoundland and Labrador,1990-505,50.387,-57.3,1990,2340.0,Human
Quebec,1990-1006,48.65078,-65.09996,1990,292.0,Natural
Quebec,1990-1008,48.44544,-65.12735,1990,375.0,Natural
Ontario,PEM74,45.9364,-77.4999,1990,1462.0,Human
Newfoundland and Labrador,1990-601,52.288,-60.949,1990,500.0,Human
Saskatchewan,CARIBOU,53.9115,-107.4479,1990,214.854834,Human
Quebec,1990-3041,47.88729,-71.95306,1990,4342.0,Natural
Saskatchewan,INSECT,55.8385,-108.9063,1990,379.2914821,Human
Yukon,1990DA002,63.327506,-140.42142,1990,4073.79,Natural
Alberta,DF1-004-90,58.4329,-115.7539,1990,200.0,Human
British Columbia,1990-G10005,53.295,-123.358,1990,251.0,Human
British Columbia,1990-G40006,54.009,-123.803,1990,240.0,Human
British Columbia,1990-C10003,53.17,-122.94,1990,360.0,Human
British Columbia,1990-C10010,52.92,-124.305,1990,205.0,Human
British Columbia,1990-C50008,51.536,-124.184,1990,210.0,Human
British Columbia,1990-VA0004,52.205,-125.709,1990,495.0,Human
Manitoba,3-2-1-90,49.1951,-96.3917,1990,1342.6,Human
Manitoba,3-3-4-90,49.626,-96.4237,1990,859.8,Human
Manitoba,4-1-1-89,49.6666,-99.5831,1989,218.5,Human
Ontario,IGN41,49.7329,-92.2368,1989,262.5,Human
Ontario,FOR30,48.7537,-94.5373,1989,300.0,Human
Newfoundland and Labrador,1989-525,49.876,-56.837,1989,265.0,Human
Northwest Territories,CR141-89,60.0333,-102.8666,1989,320.0,Natural
Northwest Territories,CR142-89,60.0,-101.75,1989,2440.0,Natural
Northwest Territories,CR143-89,60.0333,-100.8333,1989,760.0,Natural
Northwest Territories,CR144-89,60.3,-100.8,1989,200.0,Natural
British Columbia,1989-R90053,59.054,-128.654,1989,375.0,Human
Northwest Territories,CR134-89,60.7333,-106.9833,1989,400.0,Natural
Northwest Territories,CR133-89,60.3333,-107.7333,1989,200.0,Natural
Manitoba,1-3-54-89,56.2833,-95.9667,1989,442.9,Human
Northwest Territories,CR131-89,60.6,-108.0333,1989,320.0,Natural
Yukon,1989MA031,64.475163,-134.492263,1989,247.84,Natural
Northwest Territories,CR129-89,62.0166,-108.2333,1989,1789.0,Natural
Yukon,1989RR029,62.599722,-130.666667,1989,8278.76,Natural
Yukon,1989MA027,64.765904,-134.693745,1989,698.24,Human
Saskatchewan,BLAZE,59.32439461,-103.53948,1989,261.9490783,Natural
Saskatchewan,LONG1,57.43628522,-104.6101412,1989,259.8041188,Natural
Saskatchewan,WINTER1,57.36249115,-104.3860075,1989,538.0707177,Natural
Yukon,1989RR028,62.799722,-131.583333,1989,1496.19,Natural
Northwest Territories,ZF116-89,65.9,-116.6666,1989,740.0,Natural
Northwest Territories,ZF118-89,65.9833,-115.95,1989,250.0,Natural
Northwest Territories,ZF119-89,65.9333,-115.9166,1989,1000.0,Natural
Northwest Territories,ZF120-89,65.3666,-116.3333,1989,1300.0,Natural
Northwest Territories,ZF121-89,65.2833,-116.45,1989,300.0,Natural
Northwest Territories,ZF122-89,65.4833,-117.2333,1989,1685.0,Natural
Northwest Territories,ZF123-89,65.2833,-117.5,1989,1300.0,Natural
Yukon,1989XY045,61.216667,-135.166667,1989,1484.58,Human
Northwest Territories,EV041-89,68.1,-127.7,1989,315.0,Natural
Saskatchewan,GREN,58.25693999,-102.7988839,1989,397.4234737,Natural
Saskatchewan,BULL1,59.1823,-103.5521,1989,481.4595411,Natural
Saskatchewan,MCDONELL,58.4844,-102.9063,1989,1295.289781,Natural
Yukon,1989TE012,61.085193,-132.234575,1989,715.45,Natural
Northwest Territories,ZF100-89,63.8666,-112.9,1989,210.0,Natural
Saskatchewan,BEAVER1,58.8281,-104.2188,1989,686.0541693,Natural
Manitoba,1-2-19-89,56.7833,-99.8,1989,823.2,Natural
Manitoba,1-2-18-89,56.7333,-99.9167,1989,3166.8,Natural
Northwest Territories,VQ079-89,65.2333,-121.0333,1989,6500.0,Natural
Saskatchewan,NEILSON,58.73894367,-103.608677,1989,834.465621,Natural
Northwest Territories,CR109-89,61.6833,-107.7,1989,240.0,Natural
Northwest Territories,CR110-89,61.25,-106.7666,1989,300.0,Natural
Northwest Territories,CR111-89,60.8666,-105.75,1989,300.0,Natural
Northwest Territories,CR114-89,60.7833,-105.3666,1989,1520.0,Natural
Northwest Territories,CR120-89,61.1166,-110.4833,1989,200.0,Natural
Saskatchewan,EAGLE1,59.4844,-104.3229,1989,7061.719677,Natural
Northwest Territories,ZF075-89,63.1333,-109.25,1989,250.0,Natural
British Columbia,1989-R50152,56.393,-129.952,1989,450.0,Natural
Saskatchewan,KONA,59.88218326,-105.3676316,1989,2239.870833,Natural
Saskatchewan,KATHLEEN,58.4948,-106.1771,1989,247.7115917,Natural
Manitoba,1-8-65-89,55.5667,-99.0,1989,240.1,Natural
Quebec,1989-7170,54.06655,-73.63755,1989,648.0,Natural
Quebec,1989-7171,54.07105,-73.5113,1989,412.0,Natural
Quebec,1989-7172,54.33423,-72.85034,1989,425.0,Natural
Quebec,1989-7169,53.88909,-73.78908,1989,700.0,Natural
Yukon,1989DA036,63.75,-138.166667,1989,2843.72,Natural
Yukon,1989XY042,61.866667,-134.166667,1989,1811.2,Natural
Northwest Territories,ZF102-89,65.4166,-119.2,1989,250.0,Natural
Northwest Territories,ZF103-89,65.3333,-119.0333,1989,250.0,Natural
Northwest Territories,HY020-89,60.4333,-118.7333,1989,300.0,Natural
Saskatchewan,KNOKE,58.7865,-103.0729,1989,783.4382619,Natural
Quebec,1989-7181,54.22692,-78.60667,1989,784.0,Natural
Quebec,1989-7183,53.94544,-75.60402,1989,761.0,Natural
Yukon,1989RR025,62.049722,-130.33,1989,2604.54,Natural
Yukon,1989MA023,63.022659,-133.637761,1989,2227.69,Natural
Yukon,1989BC005,62.25,-138.919722,1989,778.59,Human
Northwest Territories,CR102-89,60.95,-108.2166,1989,200.0,Natural
Northwest Territories,CR106-89,60.5166,-108.2,1989,1880.0,Natural
Northwest Territories,CR103-89,61.15,-107.9,1989,325.0,Natural
Northwest Territories,FS105-89,63.9,-122.0833,1989,700.0,Natural
Ontario,SIO178,53.4445,-91.9612,1989,200.0,Natural
Ontario,SIO179,53.5036,-90.9646,1989,400.0,Natural
Yukon,1989RR024,63.22,-130.033333,1989,926.78,Human
Northwest Territories,SM040-89,61.7666,-112.5833,1989,2383.0,Natural
Saskatchewan,SELWYN,59.80793602,-104.9473857,1989,2338.751148,Natural
Manitoba,1-5-54-89,57.2833,-101.2,1989,328.0,Natural
Manitoba,1-2-17-89,56.6333,-98.6333,1989,33610.0,Natural
Manitoba,1-4-126-89,54.8167,-96.5167,1989,5492.3,Natural
Northwest Territories,FS102-89,63.5833,-123.3,1989,326.0,Natural
Northwest Territories,FS098-89,63.3833,-121.9666,1989,9100.0,Natural
Saskatchewan,OTTER,59.2135,-104.6354,1989,981.9548284,Natural
Northwest Territories,CR083-89,60.8166,-105.75,1989,200.0,Natural
Northwest Territories,CR092-89,60.8666,-106.6,1989,404.0,Natural
Northwest Territories,CR094-89,61.0333,-106.6166,1989,300.0,Natural
Northwest Territories,CR096-89,61.1333,-107.2166,1989,400.0,Natural
Northwest Territories,CR097-89,61.2,-107.0,1989,600.0,Natural
Northwest Territories,CR098-89,61.4,-107.2833,1989,460.0,Natural
Northwest Territories,EV035-89,67.35,-129.1833,1989,2394.0,Natural
Northwest Territories,VQ074-89,66.6,-133.3333,1989,2800.0,Natural
Northwest Territories,ZF058-89,65.55,-118.8333,1989,365.0,Natural
Northwest Territories,VQ073-89,64.55,-124.4666,1989,4800.0,Natural
Northwest Territories,ZF067-89,64.0333,-117.8,1989,8700.0,Natural
Northwest Territories,FS096-89,63.95,-120.6333,1989,400.0,Natural
Northwest Territories,ZF076-89,62.7333,-117.7166,1989,10600.0,Natural
Northwest Territories,ZF084-89,63.5333,-118.6333,1989,4300.0,Natural
Northwest Territories,FS094-89,62.7,-119.4,1989,9800.0,Natural
Northwest Territories,FS091-89,62.1833,-123.4833,1989,475.0,Natural
Saskatchewan,KILLOCK,58.5052,-103.2604,1989,400.6871365,Natural
Manitoba,1-1-44-89,56.7833,-97.3333,1989,124772.0,Natural
Manitoba,1-5-52-89,55.6167,-101.1167,1989,1111.1,Natural
Northwest Territories,CR076-89,61.25,-109.65,1989,7100.0,Natural
Northwest Territories,CR078-89,60.4666,-103.05,1989,520.0,Natural
Northwest Territories,CR080-89,60.1833,-102.9333,1989,600.0,Natural
Northwest Territories,CR081-89,61.1333,-103.4166,1989,680.0,Natural
Northwest Territories,EV031-89,68.65,-129.75,1989,625.0,Natural
Northwest Territories,EV033-89,68.3333,-129.8333,1989,11593.0,Natural
Northwest Territories,EV036-89,67.45,-130.1333,1989,4599.0,Natural
Northwest Territories,FS084-89,62.7,-119.2833,1989,200.0,Natural
Northwest Territories,ZF056-89,62.55,-118.5833,1989,211.0,Natural
Manitoba,2-1-69-89,54.45,-100.4333,1989,1209.9,Natural
Northwest Territories,ZF055-89,64.35,-114.5166,1989,1100.0,Natural
Northwest Territories,CR074-89,61.6,-110.95,1989,1052.0,Natural
Northwest Territories,FS078-89,63.65,-124.9166,1989,2500.0,Natural
Saskatchewan,HIGHROCK2,57.0573,-105.1771,1989,350.0,Human
Saskatchewan,COMPLEX,56.26844327,-106.6447502,1989,3629.307623,Natural
Saskatchewan,HIGHWAY1,56.6667,-106.3021,1989,253.8570156,Natural
Yukon,1989RR023,62.795011,-131.379926,1989,3555.59,Natural
Northwest Territories,SM027-89,61.7,-112.85,1989,897.0,Unknown
Northwest Territories,CR072-89,60.7166,-107.2666,1989,1000.0,Natural
Northwest Territories,VQ069-89,66.3333,-133.25,1989,9800.0,Natural
Saskatchewan,DENSMORE,59.84900433,-103.963541,1989,430.8949098,Natural
Northwest Territories,SM025-89,61.6333,-112.85,1989,300.0,Unknown
Northwest Territories,EV029-89,67.2333,-134.3,1989,75480.0,Natural
Saskatchewan,TINDALL,59.9427,-103.2188,1989,3217.544799,Natural
Manitoba,1-8-55-89,54.5333,-98.2,1989,355.8,Natural
Northwest Territories,CR034-89,60.4333,-106.6,1989,1600.0,Natural
Northwest Territories,CR070-89,60.4666,-105.4833,1989,320.0,Natural
Northwest Territories,CR069-89,60.4666,-101.3,1989,2000.0,Natural
Northwest Territories,JF007-89,61.1166,-124.8333,1989,1400.0,Natural
British Columbia,1989-N60017,49.429,-119.094,1989,666.0,Human
Saskatchewan,KRIEGER,58.92513792,-106.7803952,1989,928.3722094,Natural
Quebec,1989-7157,53.61121,-71.47575,1989,515.0,Natural
Quebec,1989-7158,53.45714,-73.61984,1989,349.0,Natural
Northwest Territories,CR056-89,60.5166,-103.2,1989,1200.0,Natural
Northwest Territories,CR057-89,60.0,-102.75,1989,3600.0,Natural
Northwest Territories,CR058-89,60.05,-101.1666,1989,16880.0,Natural
Northwest Territories,CR060-89,60.0,-100.6666,1989,240.0,Natural
Northwest Territories,CR061-89,60.0,-100.2166,1989,11320.0,Natural
Northwest Territories,CR063-89,60.1666,-100.8333,1989,3200.0,Natural
Northwest Territories,CR064-89,60.2166,-100.7833,1989,200.0,Natural
Northwest Territories,CR065-89,60.3,-101.0,1989,13200.0,Natural
Northwest Territories,CR067-89,60.5,-101.75,1989,83600.0,Natural
Northwest Territories,CR068-89,60.6666,-101.5333,1989,1200.0,Natural
Northwest Territories,FS048-89,61.7,-123.8,1989,1900.0,Natural
Northwest Territories,CR036-89,60.2,-105.5833,1989,640.0,Natural
Northwest Territories,CR037-89,60.1333,-105.4666,1989,500.0,Natural
Northwest Territories,CR038-89,60.1,-105.3666,1989,640.0,Natural
Northwest Territories,CR039-89,60.0,-105.8,1989,320.0,Natural
Northwest Territories,CR040-89,60.1333,-105.25,1989,2520.0,Natural
Northwest Territories,CR041-89,60.1666,-104.95,1989,680.0,Natural
Northwest Territories,CR042-89,60.1833,-105.0666,1989,200.0,Natural
Northwest Territories,CR043-89,60.2166,-105.0833,1989,760.0,Natural
Northwest Territories,CR045-89,60.2666,-105.0833,1989,4200.0,Natural
Northwest Territories,CR049-89,60.3833,-105.0,1989,4000.0,Natural
Northwest Territories,CR050-89,60.4666,-105.0,1989,200.0,Natural
Northwest Territories,CR052-89,60.6333,-104.4166,1989,720.0,Natural
Northwest Territories,CR053-89,60.6166,-103.9833,1989,500.0,Natural
Northwest Territories,CR054-89,60.1833,-103.3833,1989,960.0,Natural
Northwest Territories,CR055-89,60.3,-103.3,1989,200.0,Natural
Northwest Territories,CR032-89,60.3333,-107.6666,1989,200.0,Natural
Northwest Territories,CR033-89,60.2166,-107.7166,1989,560.0,Natural
Saskatchewan,MANZAREK,58.86110596,-104.3045983,1989,4147.594739,Natural
Saskatchewan,OSLER,57.36024161,-104.8264847,1989,2003.588108,Natural
Manitoba,1-2-14-89,56.6667,-100.3333,1989,1363.5,Natural
Ontario,RED117,53.5924,-93.3173,1989,432.5,Natural
Ontario,SIO162,53.5735,-91.4294,1989,500.0,Natural
Manitoba,1-9-2-89,58.3333,-94.2333,1989,255.0,Natural
Quebec,1989-7180,54.45534,-78.89346,1989,41400.0,Natural
Quebec,1989-7189,52.43465,-75.15929,1989,55825.0,Natural
Northwest Territories,CR028-89,60.3333,-103.2,1989,2200.0,Natural
Northwest Territories,CR029-89,60.2666,-103.0,1989,19600.0,Natural
Northwest Territories,CR022-89,60.25,-104.75,1989,1960.0,Natural
Northwest Territories,CR024-89,60.65,-104.6666,1989,9600.0,Natural
Northwest Territories,CR025-89,60.6333,-104.2,1989,2000.0,Natural
Northwest Territories,CR027-89,60.3333,-103.4833,1989,3490.0,Natural
Northwest Territories,CR030-89,60.1166,-102.6,1989,3600.0,Natural
Ontario,SIO156,51.9698,-91.195,1989,240.0,Natural
Ontario,SIO164,52.0182,-92.4171,1989,250.0,Natural
Ontario,RED112,53.1728,-94.2417,1989,620.0,Natural
Manitoba,1-3-48-89,56.1167,-94.9667,1989,9264.0,Natural
Manitoba,1-3-47-89,56.1,-96.5167,1989,744.8,Natural
Manitoba,1-6-35-89,54.6,-92.9333,1989,671.0,Natural
Manitoba,1-8-54-89,54.4,-98.6333,1989,311.0,Natural
Manitoba,1-4-115-89,53.1,-96.7833,1989,2280.3,Natural
Manitoba,1-4-114-89,53.3833,-96.9,1989,1913.5,Natural
Yukon,1989WL022,61.076698,-129.971774,1989,485.1,Human
Northwest Territories,ZF051-89,65.7666,-119.3333,1989,800.0,Natural
Ontario,GER120,53.2258,-88.9773,1989,500.0,Natural
Ontario,SIO171,53.3375,-92.0689,1989,720.0,Natural
British Columbia,1989-R90046,57.536,-131.984,1989,1228.0,Natural
Yukon,1989MA021,63.122236,-133.22013,1989,21689.72,Natural
Northwest Territories,VQ067-89,65.7333,-124.7833,1989,250.0,Natural
Ontario,GER136,52.9904,-86.851,1989,200.0,Natural
Ontario,GER123,53.5741,-87.4228,1989,550.0,Natural
Ontario,GER128,52.8915,-86.8216,1989,200.0,Natural
Ontario,GER129,52.8635,-86.4653,1989,250.0,Natural
Saskatchewan,BALTUS,59.3594,-103.8229,1989,1074.87022,Natural
Saskatchewan,PORCUPINE,59.4844,-103.7396,1989,13002.40643,Natural
Saskatchewan,MILTON,59.5052,-103.9896,1989,3500.0,Natural
Saskatchewan,CHRISTINE,59.4115,-103.9896,1989,652.0,Natural
Manitoba,1-4-110-89,54.1167,-96.6667,1989,583.2,Natural
Manitoba,1-6-34-89,54.8333,-93.0667,1989,3626.4,Natural
Manitoba,1-6-28-89,54.8167,-95.8333,1989,565.5,Natural
Quebec,1989-3138,48.07644,-71.98116,1989,643.0,Natural
Northwest Territories,VQ057-89,64.7833,-126.4333,1989,31800.0,Natural
Northwest Territories,FS029-89,63.25,-124.7166,1989,300.0,Natural
Saskatchewan,GROVE,59.47173956,-104.1815319,1989,6939.400957,Natural
Saskatchewan,EAST,59.44551217,-103.5549227,1989,2238.0,Natural
Saskatchewan,KAREN,56.8698,-105.0833,1989,1600.557453,Natural
Saskatchewan,WALKER,59.401,-103.8646,1989,3007.929311,Natural
Manitoba,5-2-51-89,51.5245,-95.4775,1989,276.3,Natural
Quebec,1989-7160,54.23502,-75.5464,1989,34510.0,Natural
Quebec,1989-7162,54.27248,-75.38278,1989,2195.0,Natural
Quebec,1989-7163,54.03957,-74.87685,1989,19220.0,Natural
Quebec,1989-7188,54.0045,-75.67196,1989,251.0,Natural
Northwest Territories,CR014-89,60.5666,-108.2666,1989,1120.0,Natural
Northwest Territories,CR017-89,60.3666,-108.2,1989,1680.0,Natural
Ontario,RED111,53.4191,-93.8276,1989,2147.5,Natural
Saskatchewan,NOKOMIS2,57.04240635,-103.1741467,1989,1677.578939,Human
Saskatchewan,NOKOMIS1,56.75303741,-104.298923,1989,1000.0,Natural
Saskatchewan,AARON,55.6927,-103.8021,1989,1207.221152,Natural
Saskatchewan,ENOUGH,55.53980909,-103.8641801,1989,547.040901,Natural
Saskatchewan,NONSENSE,56.8314674,-104.3810952,1989,729.7121102,Natural
Saskatchewan,ALREADY,56.76251098,-104.3799788,1989,609.2320458,Natural
Manitoba,1-1-38-89,56.0,-96.8333,1989,16863.0,Natural
Manitoba,1-6-27-89,54.3833,-94.75,1989,1104.2,Natural
Ontario,SIO150,53.8092,-90.965,1989,370.0,Natural
Ontario,GER99,51.6216,-87.7511,1989,240.0,Natural
Manitoba,1-1-32-89,55.6667,-97.0667,1989,74078.0,Natural
Manitoba,1-6-25-89,54.3667,-94.6167,1989,1719.5,Natural
Manitoba,1-4-102-89,53.9167,-97.9,1989,1227.5,Human
Manitoba,5-2-48-89,52.7467,-96.2126,1989,233.9,Human
Yukon,1989RR022,62.45,-132.633333,1989,2709.0,Natural
Ontario,GER96,52.9388,-88.9344,1989,800.0,Natural
Saskatchewan,NITENAI,53.5885,-102.2188,1989,521.4479957,Natural
Saskatchewan,TOWER11,55.12926555,-106.28548,1989,870.7232786,Natural
Manitoba,1-3-43-89,55.7833,-92.1833,1989,94734.0,Natural
Manitoba,1-5-38-89,56.5667,-101.4667,1989,471.2,Natural
Manitoba,1-5-40-89,56.6167,-101.3,1989,1159.2,Natural
Manitoba,1-6-33-89,54.55,-92.7333,1989,9135.7,Natural
Manitoba,1-7-48-89,53.95,-97.75,1989,2193.4,Natural
Ontario,GER85,52.6622,-88.8039,1989,560.0,Natural
Saskatchewan,BAILEY1,55.7604,-103.7708,1989,514.2446997,Natural
Saskatchewan,BRABANT,55.95469058,-103.5815232,1989,8406.542692,Natural
Saskatchewan,ALVINA,55.7652556,-102.9677811,1989,4508.450524,Natural
Saskatchewan,BOG2,54.67746812,-105.9124626,1989,3245.602123,Natural
Saskatchewan,SPARK,54.6771,-106.0208,1989,307.7696756,Natural
Manitoba,2-1-60-89,53.547,-99.7067,1989,6861.3,Natural
Manitoba,2-2-59-89,55.293,-100.9583,1989,655.9,Natural
Manitoba,1-3-49-89,55.7333,-95.4167,1989,1448.9,Natural
Manitoba,1-3-45-89,56.05,-95.9333,1989,22899.0,Natural
Manitoba,1-4-93-89,54.0667,-98.0167,1989,1648.8,Natural
Northwest Territories,EV021-89,68.2666,-127.4666,1989,750.0,Natural
Northwest Territories,EV022-89,68.0333,-127.05,1989,740.0,Natural
Northwest Territories,ZF046-89,65.6833,-117.8666,1989,5500.0,Natural
Northwest Territories,CR006-89,61.2333,-109.65,1989,360.0,Natural
Northwest Territories,CR010-89,61.05,-108.4166,1989,2680.0,Natural
Northwest Territories,CR012-89,60.8333,-108.4333,1989,11400.0,Natural
Northwest Territories,CR007-89,61.4166,-110.3333,1989,240.0,Natural
Northwest Territories,EV023-89,68.1,-127.6166,1989,250.0,Natural
Ontario,GER94,52.506,-88.3849,1989,1800.0,Natural
Ontario,SIO133,53.8399,-90.6747,1989,3000.0,Natural
Ontario,RED81,53.8265,-92.9392,1989,2780.0,Natural
Ontario,GER93,52.5229,-88.4739,1989,500.0,Natural
Ontario,MOO19,52.9151,-83.6919,1989,500.0,Natural
Ontario,RED75,52.8946,-94.8878,1989,1127.0,Natural
Ontario,MOO16,52.3364,-82.9374,1989,200.0,Natural
Ontario,MOO17,52.5735,-83.2577,1989,400.0,Natural
Ontario,RED70,52.115,-93.9054,1989,1640.0,Natural
Ontario,RED76,52.3951,-94.6166,1989,667.0,Natural
Saskatchewan,SCHERR,55.3594,-102.8854,1989,44128.68091,Natural
Saskatchewan,LITTLE,59.9427,-105.7188,1989,1279.020612,Natural
Saskatchewan,HALE,58.27613051,-108.635818,1989,760.7619291,Natural
Saskatchewan,NOON,55.3073,-102.2188,1989,22885.88512,Natural
Saskatchewan,DASCHUK,58.86097137,-102.1636958,1989,404.4366613,Natural
Saskatchewan,MISEKUMAW,59.13802467,-103.7332118,1989,546.6442662,Natural
Saskatchewan,CHRIS,58.5885,-105.7604,1989,1696.806939,Natural
Saskatchewan,RIVER05,58.8177,-105.6146,1989,5990.869573,Natural
Saskatchewan,HARRISON,58.3281,-103.5729,1989,245.497543,Natural
Saskatchewan,SOVEREIGN,59.9115,-105.6146,1989,416.4759621,Natural
Saskatchewan,ELVIS,58.72012921,-104.5119325,1989,374.0771818,Natural
Saskatchewan,SPENCE,57.526,-103.6354,1989,712.9822355,Natural
Manitoba,2-1-56-89,53.55,-99.8667,1989,637.2,Natural
Manitoba,1-5-36-89,56.6333,-101.2,1989,458.5,Natural
Manitoba,1-1-26-89,55.9167,-99.0833,1989,18772.0,Natural
Manitoba,1-6-32-89,54.75,-95.75,1989,4108.7,Natural
Northwest Territories,EV019-89,68.3333,-128.8333,1989,2079.0,Natural
Ontario,SIO153,53.0217,-90.6742,1989,1020.0,Natural
Ontario,RED63,52.2767,-94.7295,1989,627.0,Natural
Ontario,SIO143,52.9823,-90.9743,1989,2250.0,Natural
Ontario,SIO135,53.3314,-90.4321,1989,850.0,Natural
Saskatchewan,BENTLY,58.7969,-103.4479,1989,557.4729976,Natural
Saskatchewan,BIG STONE 1,58.8698,-102.8646,1989,1587.437683,Natural
Saskatchewan,PHELPS,59.4020387,-103.1843657,1989,2370.756579,Natural
Saskatchewan,NOWHERE1,59.18404882,-103.3440849,1989,1610.937294,Natural
Saskatchewan,HODGINS,58.0885,-102.7083,1989,220.8572547,Natural
Saskatchewan,CASTON,59.5573,-102.8229,1989,333.0874041,Natural
Saskatchewan,LEDFORD,59.84629851,-102.0675828,1989,11137.39266,Natural
Saskatchewan,ESKER,59.9063,-102.7708,1989,540.0,Natural
Saskatchewan,COYOTE,59.8802,-102.7396,1989,22077.68982,Natural
Saskatchewan,BOULDING,58.2344,-105.3021,1989,29034.34435,Natural
Saskatchewan,CASEY,56.599,-103.2604,1989,2209.710508,Natural
Saskatchewan,MONSON,55.5469,-103.5938,1989,1096.222757,Natural
Saskatchewan,FRANK2,55.8594,-102.3646,1989,376.9866302,Natural
Saskatchewan,BOLSTAD,59.6823,-102.7396,1989,13062.08075,Natural
Saskatchewan,FOULDS,59.26177558,-102.8799007,1989,6000.549634,Natural
Saskatchewan,EYNARD,59.9166845,-105.7471349,1989,400.0,Natural
Saskatchewan,HULL,58.1615,-102.4063,1989,575.4495627,Natural
Saskatchewan,CLOSE,57.8073,-105.3646,1989,2109.406449,Natural
Saskatchewan,TANKER,56.08364641,-102.3218073,1989,19507.56857,Natural
Saskatchewan,LUCY,59.9948,-102.7604,1989,1000.0,Natural
Saskatchewan,MOOSE JAW,59.0156,-102.9896,1989,4285.359191,Natural
Saskatchewan,POND,58.4219,-105.0729,1989,21994.08346,Natural
Saskatchewan,PLANINSHEK,55.59777815,-103.7045443,1989,6289.891868,Natural
Saskatchewan,FRANK1,55.8594,-102.3646,1989,261.3548194,Natural
Saskatchewan,CONE,58.0365,-102.7188,1989,298.4859448,Natural
Saskatchewan,GROLLIER,59.7344,-105.4271,1989,1510.868398,Natural
Saskatchewan,MATHISON,58.4844,-104.7813,1989,2237.190637,Natural
Saskatchewan,SWAMP1,58.52990664,-104.63896,1989,977.7967346,Natural
Saskatchewan,HIGHROCK1,57.05786749,-105.1767369,1989,1378.0,Natural
Saskatchewan,LAONIL,55.64164626,-103.4888102,1989,31404.06208,Natural
Saskatchewan,TOMAHAWK,55.40549035,-102.6080566,1989,2281.0,Natural
Saskatchewan,GLENNIE,55.651,-103.8646,1989,219.269979,Natural
Saskatchewan,WHEELER,57.1875,-105.3021,1989,412.2169837,Natural
Saskatchewan,CHEADLE,56.8073,-103.0729,1989,284.3189322,Natural
Manitoba,102912N35,57.78,-97.78,1989,1930.4,Natural
Manitoba,105904N27,58.15,-99.3,1989,2250.5,Natural
Manitoba,105903N26,58.22,-99.25,1989,11928.0,Natural
Manitoba,103910N45,56.77,-94.7,1989,691.6,Natural
Manitoba,103907N42,57.12,-96.3,1989,1014.6,Natural
Manitoba,103908N43,57.62,-95.52,1989,1600.0,Natural
Manitoba,103905N40,57.42,-96.62,1989,12129.0,Natural
Manitoba,103904N39,57.75,-96.62,1989,33260.0,Natural
Manitoba,103909N44,57.25,-95.42,1989,151932.0,Natural
Manitoba,102906N15,57.82,-98.88,1989,8206.6,Natural
Manitoba,106919N80,55.7,-90.88,1989,2456.6,Natural
Manitoba,103923N82,55.82,-91.12,1989,3571.7,Natural
Manitoba,109913N69,55.5,-92.18,1989,5553.8,Natural
Manitoba,103913N48,56.53,-90.53,1989,9579.6,Natural
Manitoba,106918N80,55.58,-91.83,1989,49289.0,Natural
Manitoba,103921N58,55.9,-92.43,1989,55357.0,Natural
Manitoba,102908N24,57.28,-98.15,1989,289.8,Natural
Manitoba,103903N38,57.33,-97.03,1989,433.6,Natural
Manitoba,103906N41,57.28,-96.78,1989,660.7,Natural
Manitoba,102907N23,57.25,-98.25,1989,985.5,Natural
Manitoba,103909N36,57.72,-97.25,1989,1889.0,Natural
Manitoba,102909N25,57.25,-98.0,1989,6250.5,Natural
Manitoba,102905N13,57.58,-98.92,1989,11358.0,Natural
Manitoba,102904N06,57.58,-99.25,1989,11757.0,Natural
Manitoba,102911N34,57.67,-97.83,1989,26774.0,Natural
Manitoba,103902N37,57.55,-97.08,1989,28929.0,Natural
Manitoba,103922N59,55.97,-92.07,1989,22800.0,Natural
Manitoba,103924N83,55.98,-90.9,1989,1114.8,Natural
Manitoba,103914N49,56.35,-90.5,1989,3196.0,Natural
Manitoba,103915N50,56.17,-90.17,1989,7561.8,Natural
Manitoba,103912N47,56.2,-91.0,1989,56547.0,Natural
Manitoba,106912N68,55.7,-92.42,1989,12645.0,Natural
Manitoba,1-5-41-89,56.9,-101.45,1989,321.5,Natural
Manitoba,1-5-32-89,55.8833,-101.25,1989,456.4,Natural
Manitoba,105901N12,56.37,-101.25,1989,513.1,Natural
Manitoba,1-5-45-89,55.8667,-100.7,1989,1579.2,Natural
Manitoba,1-5-29-89,57.15,-101.2167,1989,1486.4,Natural
Manitoba,105902N01,57.28,-100.27,1989,2838.8,Natural
Manitoba,102903N04,57.17,-99.58,1989,216.8,Natural
Manitoba,101912N32,57.05,-97.93,1989,502.8,Natural
Manitoba,102902N22,56.93,-99.48,1989,3697.4,Natural
Manitoba,102901N11,57.05,-98.97,1989,4290.8,Natural
Manitoba,101903N17,56.45,-98.08,1989,615.8,Natural
Manitoba,101909N21,56.48,-98.53,1989,702.6,Natural
Manitoba,101909N03,56.65,-98.07,1989,2346.7,Natural
Manitoba,101908N02,56.57,-98.07,1989,4005.1,Natural
Manitoba,101904N18,56.25,-98.75,1989,17430.0,Natural
Manitoba,101902N16,56.33,-98.12,1989,27291.0,Natural
Manitoba,1-5-31-89,55.8,-100.6667,1989,293.5,Natural
Manitoba,1-5-53-89,55.8333,-101.75,1989,1073.6,Natural
Manitoba,1-5-46-89,55.6,-100.5667,1989,2498.5,Natural
Manitoba,101906N20,56.25,-99.12,1989,9798.7,Natural
Manitoba,202901N10,55.38,-101.02,1989,9889.7,Natural
Manitoba,101905N19,56.13,-98.72,1989,9934.6,Natural
Manitoba,2-2-42-89,55.3803,-101.3943,1989,10000.0,Natural
Manitoba,103911N46,56.13,-94.4,1989,309.7,Natural
Manitoba,106902N55,55.08,-95.5,1989,439.1,Natural
Manitoba,103920N57,55.75,-93.45,1989,443.9,Natural
Manitoba,106904N60,55.67,-93.45,1989,867.2,Natural
Manitoba,106905N61,55.62,-93.53,1989,898.8,Natural
Manitoba,106908N64,55.25,-93.83,1989,918.8,Natural
Manitoba,103919N54,55.92,-94.05,1989,939.3,Natural
Manitoba,106907N63,55.38,-93.55,1989,1032.3,Natural
Manitoba,106906N62,55.58,-93.43,1989,2136.8,Natural
Manitoba,106903N56,55.42,-94.75,1989,11462.0,Natural
Manitoba,103916N51,55.42,-95.08,1989,13852.0,Natural
Manitoba,101910N28,55.67,-95.92,1989,18210.0,Natural
Manitoba,103918N53,55.43,-94.5,1989,124112.0,Natural
Manitoba,101901N14,55.52,-99.47,1989,2266.0,Natural
Manitoba,101909N30,55.17,-96.12,1989,7585.5,Natural
Manitoba,103917N52,55.67,-94.75,1989,33359.0,Natural
Manitoba,1-8-50-89,54.55,-98.7,1989,1942.0,Natural
Manitoba,106916N78,54.92,-93.12,1989,825.3,Natural
Manitoba,106909N65,55.2,-93.1,1989,1197.5,Natural
Manitoba,106911N67,55.37,-92.68,1989,1238.8,Natural
Manitoba,106910N66,55.05,-93.0,1989,1898.2,Natural
Manitoba,107906N75,54.3,-93.03,1989,2312.8,Natural
Manitoba,106917N79,54.97,-92.42,1989,3418.9,Natural
Manitoba,1-4-98-89,53.8167,-96.45,1989,22556.0,Natural
Manitoba,104906N29,55.06,-96.03,1989,369.8,Natural
Manitoba,106914N76,54.67,-93.08,1989,512.1,Natural
Manitoba,1-7-40-89,54.6833,-93.7,1989,626.9,Natural
Manitoba,106901N31,54.25,-95.45,1989,2312.4,Natural
Manitoba,2-2-46-89,54.95,-101.0,1989,104021.0,Natural
Manitoba,104908N08,53.53,-97.1,1989,264.2,Natural
Manitoba,104909N09,53.52,-97.03,1989,735.5,Natural
Manitoba,104907N07,53.5,-97.13,1989,811.0,Natural
Manitoba,104905N05,53.62,-97.17,1989,1372.8,Natural
Manitoba,107903N72,53.5,-95.37,1989,219.8,Natural
Manitoba,107902N71,53.2,-95.03,1989,1033.5,Natural
Manitoba,107901N70,53.62,-95.92,1989,11839.0,Natural
Yukon,1989MA019,63.029722,-133.33,1989,2196.63,Natural
Ontario,MOO21,53.2137,-84.8435,1989,500.0,Natural
Ontario,RED56,52.5321,-92.9853,1989,1500.0,Natural
Ontario,RED53,52.8366,-93.5196,1989,825.0,Natural
Ontario,RED69,53.4757,-93.226,1989,6800.0,Natural
Ontario,RED52,52.5769,-92.8672,1989,2030.0,Natural
Saskatchewan,DUTTON,59.6615,-102.3229,1989,16590.76356,Natural
Saskatchewan,PATTERSON,59.88908192,-102.2119578,1989,3500.0,Natural
Saskatchewan,INBOUND,55.61823953,-101.9800191,1989,2594.569799,Natural
Saskatchewan,HERBERT,59.5469,-104.3646,1989,3260.0,Natural
Saskatchewan,BATTLEFORD,59.599,-103.2396,1989,311.5435734,Natural
Saskatchewan,STEEP HILL,57.32273197,-102.030894,1989,402.7260093,Natural
Manitoba,2-4-61-89,54.4333,-99.6,1989,1155.4,Natural
Manitoba,2-1-43-89,53.7216,-99.9484,1989,10769.0,Natural
Manitoba,2-1-42-89,54.0562,-100.4193,1989,16028.0,Natural
Manitoba,6-9-7-89,53.0086,-99.0901,1989,10658.0,Natural
Manitoba,1-5-21-89,56.15,-101.2667,1989,1681.4,Natural
Manitoba,1-5-23-89,56.0667,-101.1167,1989,2507.1,Natural
Manitoba,1-5-22-89,56.1,-101.1833,1989,3392.0,Natural
Manitoba,1-5-15-89,56.7167,-101.75,1989,3719.5,Natural
Manitoba,1-5-20-89,56.4667,-101.1167,1989,8867.7,Natural
Manitoba,1-5-17-89,56.6333,-101.7333,1989,26909.0,Natural
Manitoba,1-5-50-89,57.2833,-100.9667,1989,2353.3,Natural
Manitoba,1-5-51-89,57.3333,-100.0,1989,19386.0,Natural
Manitoba,1-5-24-89,55.6833,-100.9667,1989,6667.0,Natural
Manitoba,1-5-9-89,55.55,-101.9,1989,46308.0,Natural
Manitoba,1-1-21-89,56.1,-97.6,1989,14236.0,Natural
Manitoba,2-4-66-89,55.4333,-99.8667,1989,1733.1,Natural
Manitoba,1-6-30-89,54.7167,-93.55,1989,2513.9,Natural
Manitoba,2-4-46-89,55.3,-100.0667,1989,135596.0,Natural
Manitoba,1-4-107-89,53.45,-96.6,1989,225.9,Natural
Manitoba,1-7-37-89,53.7333,-95.0833,1989,239.8,Natural
Manitoba,5-2-50-89,52.7612,-96.4302,1989,292.7,Natural
Manitoba,5-2-49-89,52.8049,-96.5511,1989,498.5,Natural
Manitoba,5-2-41-89,52.6449,-95.8386,1989,3489.3,Natural
Manitoba,1-4-106-89,53.3833,-96.5,1989,3739.7,Natural
Manitoba,1-4-104-89,52.8833,-96.3833,1989,3986.3,Natural
Manitoba,5-2-40-89,52.6885,-95.9224,1989,7424.8,Natural
Manitoba,5-2-33-89,52.6449,-96.5103,1989,8052.7,Natural
Manitoba,5-2-44-89,52.2957,-95.2801,1989,666.5,Natural
Manitoba,5-2-47-89,52.6739,-95.4871,1989,12772.0,Natural
Quebec,1989-7166,53.23591,-78.83033,1989,2042.0,Natural
Quebec,1989-3105,47.7527,-73.85246,1989,213.0,Natural
Ontario,SIO120,52.5652,-90.3443,1989,980.0,Natural
Ontario,SIO139,53.5343,-90.6764,1989,3265.0,Natural
Ontario,RED74,52.8546,-94.5445,1989,2000.0,Natural
Ontario,GER80,53.6771,-88.1505,1989,6210.0,Natural
Ontario,SIO114,53.3112,-89.2364,1989,6320.0,Natural
Ontario,RED54,52.1083,-93.5256,1989,310.0,Natural
Ontario,SIO134,53.3567,-90.3554,1989,1930.0,Natural
Ontario,SIO119,52.4708,-90.5561,1989,820.0,Natural
Ontario,RED64,52.2212,-94.8299,1989,10635.0,Natural
Saskatchewan,PLOOY,57.82564108,-103.0665882,1989,433.9421094,Natural
Saskatchewan,COPP,56.31234556,-104.1230287,1989,238.9510021,Natural
Saskatchewan,PAGATO,56.1615,-102.4479,1989,3225.0,Natural
Manitoba,1-8-53-89,54.2,-99.1667,1989,61819.0,Natural
Manitoba,2-1-39-89,54.0999,-99.5446,1989,118513.0,Natural
Manitoba,1-5-8-89,56.7333,-100.6667,1989,462.4,Natural
Manitoba,1-2-8-89,56.4167,-99.75,1989,2204.2,Natural
Manitoba,1-8-21-89,55.2,-97.5,1989,278572.0,Natural
Manitoba,1-4-63-89,53.7833,-96.4667,1989,386.0,Natural
Manitoba,1-7-36-89,54.0333,-94.1667,1989,14320.0,Natural
Manitoba,1-4-72-89,53.9333,-96.3333,1989,14973.0,Natural
Manitoba,1-4-62-89,53.6833,-96.5833,1989,952.1,Natural
Manitoba,1-4-61-89,53.4667,-96.25,1989,2524.7,Natural
Northwest Territories,VQ042-89,64.4166,-126.0833,1989,450.0,Natural
Northwest Territories,ZF032-89,62.8333,-117.4666,1989,1550.0,Natural
Northwest Territories,JF004-89,61.85,-127.7833,1989,300.0,Natural
Alberta,89WB016,59.4167,-113.1667,1989,280.0,Natural
Ontario,SIO107,52.4675,-92.3818,1989,390.0,Natural
Ontario,RED68,53.7635,-93.1669,1989,214.0,Natural
Ontario,SIO103,53.8124,-91.1623,1989,1600.0,Natural
Ontario,SIO123,53.7845,-91.1028,1989,1950.0,Natural
Ontario,RED55,52.4691,-92.9411,1989,405.0,Natural
Ontario,SIO101,53.909,-91.021,1989,1970.0,Natural
Ontario,SIO106,52.4217,-92.2354,1989,320.0,Natural
Ontario,SIO118,52.4256,-90.5439,1989,1125.0,Natural
Saskatchewan,DAUK,58.2344,-102.3021,1989,653.2835704,Natural
Saskatchewan,DEERING,58.4219,-102.1979,1989,2398.542821,Natural
Saskatchewan,HAGLUND,58.1615,-102.2813,1989,5403.00743,Natural
Saskatchewan,MILLS,58.91142095,-103.3790819,1989,1447.54938,Natural
Saskatchewan,BICKERTON,59.12262281,-103.0429596,1989,1186.307351,Natural
Saskatchewan,JONES1,57.8906,-103.2813,1989,1837.060286,Natural
Saskatchewan,KERSLAKE,58.26397459,-102.5638014,1989,705.2786667,Natural
Saskatchewan,SKUNK,56.5781,-108.7813,1989,1738.08699,Human
Saskatchewan,HARTLE,58.02833851,-102.9251778,1989,3050.29766,Natural
Manitoba,1-2-9-89,57.2333,-98.9667,1989,6657.7,Natural
Manitoba,1-5-5-89,57.35,-101.0,1989,2849.1,Natural
Manitoba,1-2-6-89,56.9667,-99.9167,1989,5446.2,Natural
Manitoba,1-2-4-89,55.9667,-100.1667,1989,350.7,Natural
Manitoba,1-2-3-89,56.25,-100.2,1989,15137.0,Natural
Manitoba,1-2-5-89,55.8833,-100.05,1989,106355.0,Natural
Manitoba,1-3-35-89,56.3,-95.5667,1989,6648.0,Natural
Manitoba,1-4-64-89,54.3,-96.5333,1989,58141.0,Natural
Manitoba,1-7-47-89,53.4,-95.0833,1989,9489.5,Natural
Yukon,1989OC002,66.700621,-136.598641,1989,15707.22,Natural
Yukon,1989OC003,66.666667,-138.25,1989,476.27,Natural
Yukon,1989OC004,66.566667,-138.416667,1989,2037.92,Natural
Yukon,1989RR019,62.778723,-133.385038,1989,746.04,Natural
Northwest Territories,FS015-89,62.4666,-124.1666,1989,9600.0,Natural
Northwest Territories,FS016-89,62.5166,-124.25,1989,3200.0,Natural
Northwest Territories,JF002-89,61.6333,-126.6666,1989,11655.0,Natural
Ontario,GER77,53.2966,-88.4254,1989,12580.0,Natural
Ontario,RED51,52.2976,-92.6041,1989,417.0,Natural
Ontario,SIO97,52.008,-90.8,1989,900.0,Natural
Ontario,SIO104,53.8578,-91.1907,1989,262.0,Natural
Ontario,SIO95,52.4179,-91.1032,1989,1350.0,Natural
Ontario,GER76,52.1392,-88.8996,1989,3550.0,Natural
Manitoba,1-5-6-89,58.0,-101.1333,1989,898.1,Natural
Manitoba,1-3-33-89,56.6167,-94.7833,1989,13543.0,Natural
Manitoba,5-2-30-89,52.0483,-96.851,1989,695.9,Natural
Quebec,1989-7122,53.24491,-78.42335,1989,44675.0,Natural
Yukon,1989RR018,62.766667,-133.783333,1989,41490.9,Natural
Northwest Territories,VQ034-89,66.05,-127.8666,1989,3650.0,Natural
Northwest Territories,VQ027-89,64.4166,-124.9666,1989,1175.0,Natural
Northwest Territories,VQ030-89,65.9333,-130.6666,1989,5500.0,Natural
Northwest Territories,VQ037-89,65.4666,-126.95,1989,17900.0,Natural
Northwest Territories,VQ038-89,65.6,-126.5333,1989,9900.0,Natural
Northwest Territories,VQ025-89,64.1666,-123.75,1989,3500.0,Natural
Ontario,RED72,53.1409,-93.7624,1989,682.0,Natural
Yukon,1989DA025,65.461094,-137.23688,1989,325.6,Natural
Yukon,1989MA018,64.16474,-135.278605,1989,3776.35,Natural
Yukon,1989MA014,63.799722,-136.149722,1989,1865.82,Natural
Yukon,1989MA015,63.566667,-137.283333,1989,438.65,Natural
Northwest Territories,VQ022-89,65.9166,-127.1333,1989,1000.0,Natural
Manitoba,1-3-32-89,55.65,-95.6,1989,242.0,Natural
Yukon,1989DA023,63.422363,-139.136696,1989,3771.67,Natural
Yukon,1989RR013,62.779722,-133.166667,1989,2612.71,Natural
Yukon,1989BC003,62.82096,-139.968876,1989,640.06,Natural
Northwest Territories,EV006-89,67.9,-129.5666,1989,5607.0,Natural
Yukon,1989DA020,64.233333,-140.119722,1989,5704.06,Natural
Yukon,1989DA021,63.93,-139.83,1989,6034.9,Natural
Yukon,1989MA017,63.849722,-136.279722,1989,666.64,Natural
Yukon,1989RR014,62.0,-131.5,1989,9036.59,Natural
Yukon,1989TE010,60.750945,-133.226027,1989,214.16,Natural
Yukon,1989WL015,60.88,-128.46,1989,7548.91,Natural
Yukon,1989WL017,60.517429,-129.625094,1989,4421.37,Natural
Yukon,1989TE009,60.266667,-133.116667,1989,517.38,Natural
Ontario,RED40,53.6453,-93.5899,1989,13500.0,Natural
Ontario,SIO87,53.0417,-90.7776,1989,2800.0,Natural
Quebec,1989-7124,52.49581,-76.64155,1989,22750.0,Natural
Yukon,1989CA012,62.0,-135.729722,1989,4005.79,Natural
Northwest Territories,CR001-89,61.2833,-108.1166,1989,31500.0,Natural
Ontario,GER71,52.4856,-86.3962,1989,1900.0,Natural
Ontario,RED41,53.5299,-92.9397,1989,18375.0,Natural
Ontario,RED43,52.7443,-93.9184,1989,1800.0,Natural
Ontario,RED42,52.9454,-93.2083,1989,8121.0,Natural
Ontario,GER72,53.2453,-88.1839,1989,3475.0,Natural
Yukon,1989DA017,64.36,-139.529722,1989,4278.9,Natural
Yukon,1989DA019,63.027041,-139.991052,1989,502.96,Natural
Yukon,1989RR008,62.029722,-130.866667,1989,21036.05,Natural
Ontario,RED34,53.3216,-93.6005,1989,470.0,Natural
Ontario,RED46,53.1937,-93.928,1989,1861.0,Natural
Manitoba,1-3-19-89,55.8667,-95.2833,1989,2702.2,Natural
Yukon,1989DA015,64.0,-138.08,1989,7523.14,Natural
Yukon,1989DA016,64.029722,-138.029722,1989,6578.3,Natural
Yukon,1989RR006,62.160686,-130.553924,1989,754.63,Natural
Ontario,RED39,52.9032,-94.234,1989,13500.0,Natural
Manitoba,1-3-26-89,56.4667,-93.7833,1989,1071.0,Natural
Yukon,1989MA012,63.063537,-132.117075,1989,3096.89,Natural
Yukon,1989TE004,61.264988,-132.594725,1989,1369.5,Natural
Ontario,RED35,53.4294,-93.6171,1989,24720.0,Natural
Manitoba,1-3-30-89,56.05,-94.0,1989,1631.0,Natural
Manitoba,1-3-25-89,55.95,-94.7833,1989,8556.7,Natural
Manitoba,1-3-18-89,55.8667,-95.3667,1989,8899.4,Natural
Manitoba,1-3-15-89,56.2,-95.2167,1989,17645.0,Natural
Manitoba,1-3-20-89,55.5833,-95.5167,1989,1134.6,Natural
Yukon,1989OC001,66.14091,-133.958903,1989,304.72,Natural
Yukon,1989MA007,63.349722,-133.58,1989,78340.4,Natural
Yukon,1989RR004,62.25,-131.666667,1989,51460.2,Natural
Ontario,SIO91,53.2707,-91.6655,1989,2560.0,Natural
Ontario,RED33,52.564,-94.7556,1989,18000.0,Natural
Quebec,1989-4042,50.23412,-69.74297,1989,3800.0,Natural
Newfoundland and Labrador,1989-612,53.697,-65.133,1989,6687.0,Human
Newfoundland and Labrador,1989-345,48.927,-55.978,1989,1785.0,Human
Yukon,1989DA013,63.049722,-138.166667,1989,7957.41,Natural
Yukon,1989WL013,61.38,-129.08,1989,10047.25,Natural
Ontario,RED29,52.5403,-94.5187,1989,6863.5,Natural
Ontario,RED31,52.4887,-94.3255,1989,339.5,Natural
Ontario,RED30,52.5951,-94.4468,1989,508.0,Natural
Ontario,RED32,52.5969,-94.2992,1989,43540.5,Natural
Ontario,RED28,52.3322,-94.6143,1989,1245.0,Natural
Quebec,1989-7114,52.72692,-78.76502,1989,14075.0,Natural
Yukon,1989DA012,63.50322,-140.171599,1989,280.19,Natural
Ontario,RED27,52.5544,-94.0472,1989,28093.0,Natural
Manitoba,1-6-16-89,55.0667,-93.6167,1989,939.4,Natural
Manitoba,1-4-32-89,53.6167,-96.3,1989,64104.0,Natural
Quebec,1989-7092,53.90078,-78.51312,1989,162500.0,Natural
Quebec,1989-7101,53.99131,-77.27673,1989,174225.0,Natural
Quebec,1989-7088,52.79766,-78.62353,1989,151125.0,Natural
Quebec,1989-7093,53.40978,-77.4046,1989,50371.0,Natural
Manitoba,1-1-7-89,55.4667,-97.2667,1989,2784.1,Natural
Manitoba,1-7-19-89,54.15,-93.4833,1989,18881.0,Human
Yukon,1989MA004,65.772876,-134.890856,1989,11081.31,Natural
Manitoba,1-7-27-89,53.8333,-94.8667,1989,189217.0,Natural
Yukon,1989TE001,60.875397,-131.878777,1989,1043.66,Natural
Quebec,1989-4035,51.55756,-65.49132,1989,15975.0,Natural
Newfoundland and Labrador,1989-611,53.314,-60.544,1989,900.0,Human
Quebec,1989-7063,52.6283,-77.03888,1989,230.0,Natural
Quebec,1989-7064,52.59502,-77.12965,1989,7400.0,Natural
Quebec,1989-7066,52.40528,-77.33559,1989,46900.0,Natural
Quebec,1989-7067,52.44814,-77.30382,1989,1450.0,Natural
Quebec,1989-7069,54.25,-76.7423,1989,103150.0,Natural
Quebec,1989-7081,54.29856,-74.89971,1989,50300.0,Natural
Quebec,1989-7082,54.11031,-74.08027,1989,1130.0,Natural
Quebec,1989-7121,54.34592,-77.65432,1989,94075.0,Natural
Quebec,1989-7074,54.03687,-73.82108,1989,776.0,Natural
Quebec,1989-7075,54.10492,-73.81799,1989,578.0,Natural
Quebec,1989-7065,53.65618,-73.16957,1989,2000.0,Natural
Quebec,1989-7073,53.71613,-72.52103,1989,11251.0,Natural
Quebec,1989-7080,53.30486,-73.98194,1989,2592.0,Natural
Quebec,1989-7070,53.06745,-77.97007,1989,377750.0,Natural
Quebec,1989-7085,52.71343,-76.97773,1989,86795.0,Natural
Quebec,1989-7059,53.08693,-74.05938,1989,121505.0,Natural
Quebec,1989-7060,53.06565,-73.56238,1989,6900.0,Natural
Quebec,1989-7084,53.131,-76.29436,1989,235150.0,Natural
Quebec,1989-7087,52.76799,-76.49851,1989,34975.0,Natural
Quebec,1989-7159,53.18735,-74.50829,1989,38544.0,Natural
Newfoundland and Labrador,1989-610,52.439,-55.969,1989,687.0,Human
Yukon,1989WL010,60.573539,-126.280815,1989,8093.15,Natural
Ontario,MOO12,53.0301,-84.6439,1989,3000.0,Human
Newfoundland and Labrador,1989-609,53.56,-66.873,1989,30750.0,Natural
Newfoundland and Labrador,1989-608,53.403,-65.203,1989,12500.0,Human
Yukon,1989DA011,65.779722,-137.05,1989,230.7,Natural
Ontario,GER30,51.4282,-88.2802,1989,200.0,Natural
Ontario,MOO8,51.9406,-83.4295,1989,1600.0,Natural
Ontario,MOO7,51.5148,-82.5564,1989,1200.0,Natural
Ontario,GER38,51.5223,-87.8071,1989,601.0,Natural
Ontario,GER32,51.0675,-88.3701,1989,902.0,Natural
Ontario,GER18,51.3449,-87.2728,1989,10000.0,Natural
Ontario,GER50,51.8393,-87.3193,1989,3700.0,Natural
Ontario,GER35,51.2598,-88.0318,1989,861.0,Natural
Ontario,GER15,51.6281,-85.9309,1989,1000.0,Human
Ontario,NIP15,50.5183,-89.8777,1989,342.5,Natural
Ontario,GER19,52.1601,-87.8917,1989,2000.0,Natural
Manitoba,2-4-9-89,55.05,-99.4,1989,2500.8,Natural
Quebec,1989-7038,53.83783,-73.72257,1989,36608.0,Natural
Quebec,1989-7039,53.41067,-74.25639,1989,41835.0,Natural
Ontario,SIO67,53.931,-90.304,1989,300.0,Natural
Ontario,HEA9,50.2463,-84.8541,1989,640.0,Natural
Ontario,SIO71,53.8269,-90.4779,1989,1859.800049,Natural
Ontario,HEA10,50.3666,-84.5675,1989,680.0,Natural
Ontario,SIO68,53.8885,-90.4133,1989,8750.0,Natural
Ontario,SIO86,53.9808,-90.5296,1989,5700.0,Natural
Ontario,GER27,51.1318,-88.2434,1989,4800.0,Natural
Ontario,GER61,52.109,-86.6496,1989,2000.0,Natural
Ontario,GER64,52.2983,-87.1026,1989,800.0,Natural
Ontario,SIO30,52.55,-89.9203,1989,21000.0,Natural
Ontario,GER63,52.2709,-86.6776,1989,225.0,Natural
Ontario,GER55,51.9387,-86.9855,1989,2500.0,Natural
Ontario,GER54,51.9207,-87.1018,1989,1100.0,Natural
Ontario,GER34,51.3924,-88.2648,1989,945.0,Natural
Ontario,GER60,52.1005,-86.9854,1989,275.0,Natural
Ontario,GER65,52.3073,-87.044,1989,500.0,Natural
Ontario,GER51,51.8486,-87.2032,1989,1200.0,Natural
Ontario,SIO33,51.8579,-90.4878,1989,4000.0,Natural
Ontario,GER52,51.8577,-87.1307,1989,900.0,Natural
Ontario,SIO64,53.9735,-90.1945,1989,430.0,Natural
Ontario,GER62,52.1717,-86.576,1989,200.0,Natural
Ontario,GER46,52.1094,-87.1898,1989,2000.0,Natural
Ontario,GER59,52.0915,-87.073,1989,650.0,Natural
Ontario,GER36,51.3587,-88.0341,1989,3038.0,Natural
British Columbia,1989-R90008,58.696,-128.247,1989,3338.0,Natural
Quebec,1989-7042,54.79047,-73.29122,1989,3497.0,Natural
Ontario,SIO80,53.2851,-92.295,1989,9000.0,Natural
Manitoba,1-3-6-89,56.1167,-95.0333,1989,730.5,Human
Manitoba,1-7-18-89,53.8333,-94.2333,1989,373.1,Human
Manitoba,1-7-17-89,53.0833,-96.0667,1989,486.9,Natural
Yukon,1989DA037,65.8,-140.75,1989,245.35,Natural
Saskatchewan,COSBY,58.0781,-102.5521,1989,524.3385276,Natural
Manitoba,6-9-3-89,53.0668,-99.7128,1989,2251.9,Human
Manitoba,1-4-18-89,54.35,-97.8833,1989,260.3,Human
Saskatchewan,TRAIL1,59.151,-105.5521,1989,5817.775805,Human
British Columbia,1989-G90016,58.955,-122.776,1989,712.0,Natural
British Columbia,1989-G10033,54.42,-122.985,1989,250.0,Human
Alberta,JA4,52.9932,-118.0369,1989,500.0,Human
British Columbia,1989-G90012,58.0,-123.798,1989,480.0,Human
British Columbia,1989-G90013,58.161,-123.848,1989,700.0,Human
British Columbia,1989-G80032,56.688,-123.385,1989,3870.0,Human
British Columbia,1989-G30014,53.295,-120.671,1989,200.0,Human
Saskatchewan,ANT,56.31511422,-108.7724826,1989,821.0239345,Human
Manitoba,5-1-6-89,50.6223,-95.6457,1989,423.0,Human
Manitoba,1-3-3-89,56.0333,-93.5833,1989,42158.0,Natural
British Columbia,1989-G10027,54.304,-122.327,1989,391.0,Human
British Columbia,1989-R50018,56.438,-129.354,1989,228.0,Human
British Columbia,1989-G90014,58.598,-125.932,1989,1632.0,Human
Ontario,GER7,53.6516,-88.7702,1989,1430.0,Natural
Saskatchewan,TIGER,57.46358511,-106.1889073,1989,215.8674253,Natural
Ontario,SIO4,51.9122,-89.8526,1989,700.0,Natural
Ontario,SIO22,53.9742,-89.775,1989,380.0,Natural
Ontario,SIO12,53.3917,-91.2857,1989,600.0,Natural
Ontario,SIO19,52.2465,-89.8271,1989,330.0,Natural
Ontario,SIO16,52.4616,-89.8556,1989,545.0,Natural
Alberta,JA2,52.9905,-118.0428,1989,1550.0,Human
Manitoba,6-5-6-89,51.2171,-97.0715,1989,891.5,Human
Manitoba,1-4-10-89,53.8,-97.3667,1989,215.2,Human
Manitoba,6-6-40-89,51.9319,-97.5405,1989,2115.3,Natural
Manitoba,7-6-13-89,51.8118,-100.4513,1989,1045.6,Human
Manitoba,3-2-12-89,49.0184,-95.5366,1989,354.8,Human
Manitoba,6-9-1-89,53.0959,-99.8103,1989,238.3,Human
Manitoba,2-1-17-89,53.7943,-100.4441,1989,5085.3,Natural
Manitoba,7-2-17-89,51.9574,-100.2742,1989,503.0,Human
Manitoba,7-4-5-89,52.0192,-100.4925,1989,53704.0,Human
Manitoba,6-7-10-89,50.9518,-98.5467,1989,4385.2,Human
Manitoba,1-4-8-89,54.3,-97.5833,1989,2581.7,Human
Manitoba,1-4-7-89,53.0,-97.25,1989,2781.7,Human
Manitoba,7-2-18-89,51.4335,-95.6943,1989,1666.1,Human
Manitoba,5-4-5-89,50.9715,-96.167,1989,37008.0,Human
Saskatchewan,MURPHY,53.83300638,-101.784481,1989,5361.655698,Human
Saskatchewan,NORTHCABIN,53.05184924,-106.2227848,1989,16993.1721,Human
Saskatchewan,BRONS I,53.67218433,-105.7061952,1989,8629.0,Human
Saskatchewan,MUSKEG2,54.11661147,-105.8296698,1989,13218.58815,Human
Manitoba,2-1-13-89,53.6888,-101.0769,1989,1433.5,Human
Manitoba,7-5-26-89,52.8667,-101.4296,1989,518.7,Human
Manitoba,6-6-29-89,51.3789,-97.4227,1989,449694.0,Human
Manitoba,8-6-3-89,49.6997,-96.4237,1989,515.1,Human
Manitoba,1-4-2-89,53.7333,-96.9333,1989,32817.0,Human
Saskatchewan,BORDER1,54.3594,-109.9479,1989,885.0656361,Human
Saskatchewan,HENDERSON,53.17931639,-104.8368522,1989,11697.75797,Human
Saskatchewan,WINDROW,53.8698,-109.9896,1989,292.1811586,Human
Manitoba,7-2-15-89,51.8992,-99.5775,1989,338.0,Human
Saskatchewan,STURGEON1,53.3698,-106.0104,1989,432.8520693,Human
Manitoba,3-2-10-89,49.2098,-96.1434,1989,298.7,Human
Manitoba,5-3-7-89,50.5786,-96.3613,1989,272.7,Human
Manitoba,3-3-2-89,49.6592,-96.401,1989,1937.6,Human
British Columbia,1989-G70020,55.768,-120.81,1989,243.0,Human
British Columbia,1989-G70022,55.616,-121.368,1989,550.0,Human
Alberta,DS4-009-89,55.625,-116.5939,1989,680.0,Human
Alberta,DS4-010-89,55.2306,-116.7859,1989,475.6,Human
Alberta,DL2-032-89,54.6768,-111.8413,1989,553.3,Human
British Columbia,1989-R90001,57.92,-129.379,1989,315.0,Human
Manitoba,7-6-11-89,51.6517,-100.5221,1989,200.1,Human
Manitoba,6-5-3-89,51.1913,-97.0657,1989,375.3,Human
Manitoba,3-2-9-89,49.1216,-96.3432,1989,264.3,Human
Manitoba,7-4-4-89,51.9064,-100.5694,1989,249.6,Human
Alberta,DS4-008-89,55.3705,-116.2506,1989,1977.7,Human
Manitoba,7-6-8-89,51.8337,-100.4985,1989,350.0,Human
British Columbia,1989-V60008,48.554,-124.018,1989,380.0,Human
Manitoba,7-2-5-89,51.9791,-100.3557,1989,1092.3,Human
Manitoba,6-10-6-89,50.451,-97.4925,1989,200.0,Human
Manitoba,6-8-16-89,51.699,-99.1229,1989,477.3,Human
British Columbia,1989-G70005,55.625,-121.337,1989,1040.0,Human
Manitoba,6-7-5-89,50.9813,-97.8911,1989,1338.0,Human
Manitoba,3-2-5-89,49.1364,-96.2648,1989,675.3,Human
Manitoba,3-2-6-89,49.1548,-96.3712,1989,1494.7,Human
Manitoba,3-2-7-89,49.0995,-96.3544,1989,649.1,Human
Manitoba,6-8-3-89,51.8009,-99.1937,1989,207.6,Human
Manitoba,3-2-1-89,49.2835,-95.7598,1989,316.2,Human
Alberta,DS4-001-89,55.4069,-116.0327,1989,653.0,Human
Manitoba,7-2-1-89,52.0155,-100.2485,1989,637.8,Human
Manitoba,7-6-3-89,51.5791,-100.4167,1989,219.2,Human
Manitoba,6-8-26-89,51.6663,-99.1996,1989,1333.3,Human
Manitoba,7-2-4-89,51.9428,-99.5421,1989,1045.5,Human
Alberta,DG3-001-89,55.145,-118.1208,1989,399.6,Human
Manitoba,1-4-99-89,53.1833,-96.9833,1988,13216.0,Natural
Manitoba,1-4-100-89,53.3,-96.9,1988,2056.0,Natural
Alberta,DE1-020-88,53.0921,-117.4711,1988,829.9,Human
Saskatchewan,DAM,50.997,-106.4126,1988,1300.799316,Human
Manitoba,4-1-1-88,49.8029,-99.6967,1988,777.3,Human
Manitoba,3-3-12-88,49.2172,-96.3804,1988,372.2,Human
British Columbia,1988-G80017,56.696,-121.336,1988,308.0,Human
British Columbia,1988-G80013,56.161,-121.744,1988,204.0,Human
Alberta,DS4-033-88,54.9412,-116.956,1988,283.0,Human
British Columbia,1988-G70021,55.161,-120.906,1988,1280.0,Human
British Columbia,1988-N10084,49.107,-114.334,1988,225.0,Human
Saskatchewan,ASHLEY,59.151,-103.3646,1988,250.0,Human
Quebec,1988-5186,49.72512,-71.61519,1988,200.0,Human
Manitoba,1-7-73-88,53.9833,-94.7333,1988,250.9,Natural
Quebec,1988-7298,53.42926,-77.57126,1988,5070.0,Human
Manitoba,4-6-1-88,50.51,-98.6919,1988,547.2,Human
Ontario,RED406,52.9096,-92.9554,1988,752.5,Natural
Manitoba,1-3-12-88,56.0333,-96.0833,1988,10755.0,Natural
Manitoba,5-5-5-88,50.3184,-96.5929,1988,218.8,Human
Northwest Territories,EV045-88,68.1166,-129.7,1988,1308.0,Natural
British Columbia,1988-N10062,49.875,-115.28,1988,518.0,Natural
Saskatchewan,SKED,58.79734306,-103.9706388,1988,519.6833228,Natural
Saskatchewan,PHELPS,59.07905041,-103.3331811,1988,3639.314684,Natural
Ontario,RED397,52.7371,-93.6369,1988,247.0,Natural
Saskatchewan,WAPSPISON,58.57018917,-102.2199132,1988,461.2272751,Natural
Manitoba,5-2-166-88,52.3975,-95.1669,1988,39736.0,Natural
Manitoba,1-4-50-88,54.1167,-96.15,1988,1551.5,Natural
Quebec,1988-5187,49.53777,-73.5946,1988,577.0,Human
Ontario,RED390,50.9056,-94.9911,1988,202.0,Natural
Ontario,SIO179,52.6286,-89.9858,1988,588.0,Natural
Ontario,SIO208,52.5335,-89.8602,1988,640.0,Natural
Ontario,SIO196,52.4591,-90.4243,1988,450.0,Natural
Ontario,SIO209,52.5949,-89.9233,1988,800.0,Natural
Quebec,1988-7294,53.14808,-78.33183,1988,31375.0,Natural
Quebec,1988-7295,52.7554,-78.81253,1988,1452.0,Natural
Ontario,SIO159,53.2343,-89.0076,1988,1000.0,Natural
Manitoba,1-7-67-88,53.9667,-94.4,1988,224.8,Human
Ontario,GER41,52.4954,-87.4124,1988,230.0,Natural
Manitoba,1-7-68-88,53.5667,-94.2833,1988,229.1,Natural
Manitoba,6-9-20-88,53.0959,-99.6153,1988,478.7,Natural
Ontario,SIO139,53.745,-91.4837,1988,3073.0,Natural
Manitoba,1-7-62-88,54.2333,-93.3833,1988,2482.3,Natural
Ontario,RED364,53.395,-93.1053,1988,2015.0,Natural
Manitoba,1-6-24-88,54.3,-93.05,1988,415.1,Natural
Ontario,RED355,52.8197,-92.911,1988,1282.5,Natural
British Columbia,1988-C50074,52.08,-124.072,1988,227.0,Human
Ontario,RED352,53.979,-93.2592,1988,25088.0,Natural
Ontario,RED351,52.8093,-94.5726,1988,2595.0,Natural
British Columbia,1988-C40043,51.375,-120.915,1988,263.0,Human
Ontario,RED341,52.3883,-95.0572,1988,29362.0,Natural
Quebec,1988-7276,53.59682,-75.41817,1988,3412.0,Natural
Northwest Territories,VQ046-88,66.55,-131.6833,1988,23000.0,Natural
Northwest Territories,VQ039-88,65.8166,-122.2333,1988,1200.0,Natural
Ontario,MOO25,52.329,-82.1152,1988,300.0,Natural
Ontario,MOO21,53.4285,-83.2125,1988,200.0,Natural
Manitoba,1-3-15-88,55.8,-95.2333,1988,1699.7,Natural
Manitoba,1-7-56-88,54.1333,-94.0333,1988,19804.0,Natural
Northwest Territories,EV034-88,67.5833,-132.3666,1988,1200.0,Natural
Manitoba,1-6-21-88,54.65,-93.8667,1988,2611.1,Natural
Manitoba,1-7-54-88,53.3667,-95.9667,1988,762.0,Natural
Manitoba,1-7-51-88,53.55,-95.8833,1988,1264.8,Natural
Manitoba,1-7-52-88,52.9667,-95.5,1988,1109.7,Natural
Manitoba,1-7-53-88,53.2333,-96.05,1988,3374.8,Natural
Quebec,1988-7264,51.54047,-76.51393,1988,654.0,Natural
Ontario,MOO18,53.159,-84.8014,1988,1200.0,Natural
Manitoba,5-2-143-88,52.7758,-95.5597,1988,939.1,Natural
Quebec,1988-7254,53.57284,-75.0803,1988,270.0,Natural
Quebec,1988-7255,53.55576,-74.99849,1988,1249.0,Natural
Quebec,1988-7256,53.71523,-75.08181,1988,5592.0,Natural
Quebec,1988-7257,53.85402,-74.04674,1988,1461.0,Natural
Manitoba,1-7-50-88,53.7167,-95.8333,1988,6632.8,Natural
Quebec,1988-7259,54.24581,-77.23769,1988,18602.0,Natural
Quebec,1988-7262,54.51799,-76.77911,1988,6850.0,Natural
Quebec,1988-7263,54.30846,-76.84422,1988,4297.0,Natural
Quebec,1988-7249,53.41936,-75.65761,1988,6086.0,Natural
Quebec,1988-7250,53.14808,-75.97001,1988,522.0,Natural
Quebec,1988-7251,51.44634,-76.98268,1988,560.0,Natural
Quebec,1988-7252,51.34772,-76.96256,1988,4501.0,Natural
Manitoba,1-7-43-88,53.9333,-93.95,1988,868.5,Natural
Manitoba,1-7-45-88,54.2,-93.7167,1988,1780.3,Natural
Manitoba,1-4-34-88,53.5667,-96.8,1988,10749.0,Natural
Manitoba,1-4-35-88,53.15,-96.3,1988,1135.5,Natural
Manitoba,5-2-133-88,52.7467,-95.1486,1988,4173.9,Natural
Ontario,RED338,52.7461,-95.1629,1988,2730.0,Natural
Ontario,RED320,51.9774,-94.2084,1988,2250.0,Natural
Ontario,RED332,53.9699,-92.7104,1988,1812.5,Natural
Manitoba,1-5-13-88,57.95,-100.2667,1988,500.0,Natural
Manitoba,1-9-1-88,57.55,-94.2167,1988,385.0,Natural
Manitoba,1-5-9-88,57.3,-101.0,1988,1500.0,Natural
Manitoba,2-1-25-88,53.9544,-100.6671,1988,605.7,Natural
Manitoba,2-1-26-88,54.0708,-100.4942,1988,1387.3,Natural
Manitoba,5-2-131-88,52.6885,-96.0191,1988,7272.5,Natural
Northwest Territories,VQ035-88,66.1333,-122.5333,1988,500.0,Natural
Northwest Territories,VQ036-88,66.1333,-122.25,1988,28500.0,Natural
Ontario,RED324,52.2736,-94.2604,1988,22500.0,Natural
Ontario,MOO15,52.9188,-82.4427,1988,400.0,Natural
Alberta,DA2-006-88,57.3679,-110.1168,1988,351.8,Natural
Manitoba,1-3-5-88,57.1167,-94.45,1988,2481.0,Natural
Manitoba,1-3-6-88,56.6333,-93.9,1988,3317.8,Natural
Ontario,SIO125,52.0069,-90.7418,1988,5657.0,Natural
Manitoba,1-5-8-88,57.7833,-100.0167,1988,1000.0,Natural
Manitoba,1-2-4-88,57.7667,-97.85,1988,200.0,Natural
Manitoba,1-2-5-88,57.25,-99.3,1988,200.0,Natural
Manitoba,1-2-6-88,57.45,-97.7833,1988,713.5,Natural
Manitoba,1-3-4-88,56.0,-95.9667,1988,239.7,Natural
Ontario,MOO13,53.9659,-83.3171,1988,500.0,Natural
Northwest Territories,ZF034-88,64.9666,-117.1666,1988,475.0,Natural
Northwest Territories,ZF025-88,64.7,-116.6,1988,518.0,Natural
Northwest Territories,ZF027-88,64.8333,-117.85,1988,214.0,Natural
British Columbia,1988-G70006,54.5,-120.663,1988,1305.0,Human
Manitoba,1-6-14-88,54.8333,-95.5167,1988,427.8,Human
Northwest Territories,VQ030-88,66.1666,-125.4166,1988,800.0,Natural
Northwest Territories,VQ026-88,65.9333,-123.8833,1988,250.0,Natural
Northwest Territories,FS028-88,63.7666,-119.8333,1988,1200.0,Natural
Northwest Territories,ZF016-88,64.1166,-119.5,1988,511.0,Natural
Yukon,1988OC010,67.372371,-140.380743,1988,811.13,Natural
Quebec,1988-7221,52.21973,-76.36529,1988,300.0,Human
Northwest Territories,EV032-88,67.95,-127.4,1988,498.0,Natural
Ontario,SIO122,52.0992,-90.8685,1988,538.0,Natural
Ontario,SIO127,52.9902,-90.4524,1988,350.0,Natural
Manitoba,1-7-32-88,53.9667,-93.5167,1988,13009.0,Natural
Manitoba,1-7-33-88,53.55,-95.9667,1988,1593.0,Natural
Quebec,1988-7193,51.98322,-77.25594,1988,1540.0,Natural
Quebec,1988-7197,52.55396,-75.43344,1988,943.0,Natural
Quebec,1988-7198,52.79946,-75.04466,1988,216.0,Natural
Quebec,1988-7201,51.77698,-75.5499,1988,5466.0,Natural
British Columbia,1988-C10049,52.884,-123.97,1988,287.0,Human
Manitoba,1-4-28-88,53.4333,-97.6333,1988,728.5,Natural
Northwest Territories,EV014-88,68.5333,-128.6166,1988,1370.0,Natural
Northwest Territories,EV027-88,67.35,-126.65,1988,210.0,Natural
Manitoba,1-7-27-88,53.7833,-94.0,1988,246.6,Natural
Manitoba,1-7-28-88,53.8,-95.6333,1988,540.0,Natural
Manitoba,1-7-29-88,53.8833,-95.8167,1988,16246.0,Natural
Manitoba,6-9-11-88,53.0086,-98.679,1988,6829.3,Natural
Manitoba,1-6-9-88,55.2,-95.45,1988,3524.7,Natural
Newfoundland and Labrador,1988-604,54.553,-62.005,1988,560.0,Natural
Newfoundland and Labrador,1988-605,54.554,-61.575,1988,996.0,Natural
Ontario,RED309,53.5192,-93.6334,1988,300.0,Natural
Quebec,1988-7189,54.15438,-78.53573,1988,156450.0,Natural
Quebec,1988-7188,53.29047,-74.79873,1988,2918.0,Natural
Quebec,1988-5104,51.40708,-74.48558,1988,750.0,Natural
Ontario,GER28,53.8969,-88.5827,1988,700.0,Natural
Ontario,GER27,53.8954,-87.8522,1988,300.0,Natural
Ontario,GER26,53.7264,-87.5305,1988,450.0,Natural
Ontario,GER21,51.202,-88.4027,1988,1030.0,Natural
Ontario,SIO106,52.3273,-90.1678,1988,250.0,Natural
Manitoba,1-8-5-88,55.25,-97.0667,1988,8007.9,Natural
Ontario,RED289,52.2458,-94.3329,1988,461.0,Natural
Ontario,SIO98,53.1813,-90.5608,1988,1700.0,Natural
Manitoba,1-5-5-88,58.8333,-98.7333,1988,500.0,Natural
Ontario,SIO109,52.7065,-91.8752,1988,5700.0,Natural
Alberta,DL2-040-88,55.5935,-110.8683,1988,246.1,Natural
Manitoba,1-7-12-88,53.95,-95.45,1988,1766.6,Natural
Manitoba,6-8-3-88,51.9174,-97.9893,1988,264.9,Natural
Manitoba,1-7-16-88,53.6167,-94.1833,1988,35282.0,Natural
Manitoba,5-3-42-88,50.9134,-95.8073,1988,980.0,Natural
Manitoba,5-2-118-88,52.0483,-95.7799,1988,4269.9,Natural
Ontario,RED284,50.8369,-94.7894,1988,1112.0,Natural
Ontario,RED280,50.8444,-94.8891,1988,587.0,Natural
Manitoba,1-4-14-88,53.6333,-96.8167,1988,1793.4,Natural
Manitoba,5-2-117-88,51.3353,-96.2509,1988,1783.4,Natural
Manitoba,5-3-38-88,50.7096,-95.8073,1988,257.9,Natural
Manitoba,5-4-21-88,51.0006,-95.539,1988,1101.0,Natural
Yukon,1988OC004,66.388454,-134.042793,1988,485.73,Natural
Yukon,1988OC001,66.166667,-138.166667,1988,1936.01,Natural
Yukon,1988DA013,65.72886,-137.478891,1988,979.29,Natural
Ontario,RED208,50.9132,-94.4794,1988,9150.0,Natural
Ontario,RED230,50.7336,-94.4595,1988,200.0,Natural
Ontario,RED214,50.9007,-94.7349,1988,1069.0,Natural
Ontario,ESP17,46.8744,-82.4435,1988,209.0,Natural
Ontario,KEN186,50.6546,-94.6495,1988,6200.0,Natural
Ontario,ESP16,46.8848,-82.3256,1988,274.0,Natural
Ontario,NOR70,46.704,-79.6003,1988,659.0,Natural
Ontario,RED239,50.8487,-95.1592,1988,347.0,Natural
Ontario,RED232,50.9241,-94.9635,1988,337.0,Natural
Ontario,RED231,50.7747,-94.7445,1988,271.0,Natural
Ontario,RED213,50.9016,-94.6781,1988,322.0,Natural
Ontario,RED238,50.8405,-95.1162,1988,5271.0,Natural
Ontario,RED233,50.9962,-94.9523,1988,247.0,Natural
Ontario,RED219,50.916,-94.9062,1988,704.0,Natural
Ontario,RED235,50.9435,-94.8789,1988,522.0,Natural
Ontario,RED221,50.9728,-94.7234,1988,3165.0,Natural
Saskatchewan,CRAMPEAN,58.26830286,-102.9277216,1988,1730.879137,Natural
Saskatchewan,BESNARD,55.56151036,-105.6983166,1988,831.3587781,Natural
Saskatchewan,COBB,54.47404962,-104.9381224,1988,274.0856001,Natural
Saskatchewan,GOULD,54.4115,-103.4271,1988,650.6038331,Natural
Manitoba,6-9-6-88,53.5033,-99.6575,1988,1327.5,Natural
Manitoba,6-8-2-88,52.2666,-98.279,1988,871.7,Natural
Ontario,SUD63,47.0807,-80.5653,1988,1415.0,Natural
Ontario,THU109,49.9534,-90.198,1988,473.0,Natural
Ontario,SUD62,46.8293,-81.2098,1988,4600.0,Natural
British Columbia,1988-K10017,51.295,-119.258,1988,275.3,Human
Saskatchewan,TWIGGE,54.49023196,-103.2626604,1988,4942.797416,Natural
Saskatchewan,STROUD,58.53925493,-104.572412,1988,302.8222315,Natural
Saskatchewan,TIGER,57.8802,-106.7396,1988,900.5812946,Natural
Saskatchewan,HAULTAIN,56.4948,-106.3021,1988,950.2368463,Natural
Saskatchewan,GRAHAM,58.92580104,-104.34633,1988,405.865716,Natural
Manitoba,6-9-8-88,53.4451,-99.3626,1988,12522.0,Natural
Manitoba,2-1-18-88,54.1581,-101.044,1988,5029.1,Natural
Manitoba,5-2-93-88,51.9755,-95.6847,1988,4968.4,Natural
Manitoba,5-2-95-88,51.8591,-95.604,1988,133909.0,Natural
Quebec,1988-7174,53.79047,-77.60577,1988,365.0,Human
Saskatchewan,SEAGER,54.16107295,-103.3081591,1988,859.1971897,Natural
Saskatchewan,THORBURN,58.056566,-104.1157023,1988,3332.530197,Natural
Saskatchewan,UNKNOWN1,58.18103109,-104.790572,1988,1835.882015,Natural
Manitoba,1-6-2-88,55.1,-93.5,1988,2100.0,Natural
Manitoba,1-4-11-88,53.5167,-97.0833,1988,809.3,Natural
Northwest Territories,FS012-88,61.5666,-123.1166,1988,512.0,Natural
British Columbia,1988-C50056,51.89,-124.55,1988,266.6,Human
Quebec,1988-7169,49.68735,-75.88191,1988,759.0,Natural
Quebec,1988-7148,47.02518,-78.1682,1988,321.0,Natural
Northwest Territories,FS003-88,63.0333,-124.4833,1988,2600.0,Natural
Ontario,GOG13,47.522,-81.2922,1988,1002.0,Natural
Ontario,THU107,49.4517,-89.3041,1988,1195.0,Natural
Ontario,THU103,50.0419,-89.8631,1988,615.0,Natural
Saskatchewan,COFFEE,54.55763819,-104.5999093,1988,35481.25513,Natural
New Brunswick,1-6-005,47.4,-65.63,1988,1632.0,Human
Yukon,1988DA003,64.105963,-137.612801,1988,1459.87,Natural
Ontario,SIO100,52.8093,-92.4214,1988,12900.0,Natural
Ontario,NIP23,49.9251,-89.466,1988,1002.0,Natural
Ontario,COC3,49.6613,-80.2795,1988,605.0,Human
Manitoba,1-3-2-88,56.1,-95.5,1988,336.1,Human
Ontario,SIO71,51.4716,-89.4909,1988,680.0,Natural
Manitoba,1-2-2-88,56.5667,-100.2,1988,4279.8,Natural
Ontario,RED99,52.6186,-94.7134,1988,1340.0,Natural
Ontario,SIO66,52.5759,-90.875,1988,307.5,Natural
Manitoba,1-4-5-88,53.95,-97.65,1988,262.5,Natural
Ontario,RED120,52.5655,-94.6524,1988,3120.0,Natural
Quebec,1988-4025,49.56745,-68.97088,1988,800.0,Human
Ontario,TER6,48.8918,-85.7176,1988,270.0,Natural
Quebec,1988-5076,50.02788,-72.78434,1988,375.0,Natural
Manitoba,2-4-5-88,54.8565,-99.9873,1988,1080.1,Human
Ontario,TIM5,48.0349,-81.2817,1988,270.0,Human
Ontario,MOO3,52.9036,-82.8882,1988,350.0,Natural
Ontario,MOO4,52.9189,-83.0525,1988,7000.0,Natural
Ontario,RED36,52.4541,-94.192,1988,3665.0,Natural
Manitoba,6-8-1-88,51.8155,-97.8948,1988,249.7,Natural
Manitoba,5-2-35-88,52.2083,-96.4702,1988,13157.0,Natural
Ontario,RED77,51.9828,-92.5486,1988,1128.0,Natural
Manitoba,1-4-4-88,53.95,-96.3667,1988,14618.0,Natural
Saskatchewan,COWBOY,49.1383,-106.1447,1988,504.6264465,Natural
Ontario,RED35,52.3617,-92.6784,1988,14500.0,Natural
Ontario,RED27,52.0734,-93.2043,1988,120625.0,Natural
Ontario,RED33,52.2393,-92.6368,1988,590.0,Natural
Ontario,RED32,52.0632,-92.6733,1988,2200.0,Natural
Ontario,THU53,48.8925,-90.6262,1988,232.0,Natural
Ontario,RED19,52.4633,-94.8693,1988,4800.0,Natural
Ontario,SIO18,52.5178,-91.88,1988,25339.0,Natural
Alberta,DR6-019-88,52.6996,-115.3339,1988,7646.0,Human
Manitoba,5-2-6-88,52.2811,-95.5657,1988,21009.0,Natural
Manitoba,3-2-9-88,49.0037,-95.3126,1988,209.0,Natural
Saskatchewan,SNARE,58.1094,-107.3854,1988,12291.67246,Natural
Manitoba,1-5-1-88,57.3167,-100.0167,1988,200.0,Natural
Manitoba,5-2-5-88,52.3538,-95.4548,1988,237.6,Natural
Saskatchewan,DELTA,56.6094,-109.4167,1988,635.225604,Human
Saskatchewan,WEASEL,55.65112213,-108.2486306,1988,5216.062276,Human
Manitoba,2-1-1-88,54.1581,-100.5442,1988,704.4,Human
Saskatchewan,TOWER1,56.3177,-109.0938,1988,326.0135584,Human
British Columbia,1988-G70004,55.509,-120.544,1988,211.0,Human
British Columbia,1988-G70005,55.277,-120.297,1988,288.1,Human
Alberta,DL1-014-88,54.7349,-110.808,1988,412.4,Human
Quebec,1988-7081,50.7554,-75.78358,1988,6872.0,Human
Quebec,1988-5039,50.76709,-73.39249,1988,238.5,Human
Quebec,1988-7064,50.74491,-75.8177,1988,270.0,Human
Quebec,1988-7079,50.53867,-75.66242,1988,331.0,Human
Alberta,DW2-024-88,53.4227,-115.7305,1988,1277.5,Human
Manitoba,5-5-4-88,50.3442,-96.5237,1988,1421.6,Human
Manitoba,8-3-6-88,49.8619,-95.56,1988,440.8,Human
Manitoba,3-3-7-88,49.5781,-96.509,1988,1448.4,Human
Manitoba,5-3-16-88,50.4952,-96.2469,1988,205.7,Human
Ontario,KEN14,49.7215,-94.9104,1988,22700.0,Human
Manitoba,5-3-14-88,50.8297,-95.9285,1988,467.5,Human
Manitoba,5-3-10-88,50.6223,-96.2228,1988,845.0,Human
Manitoba,6-7-5-88,51.0034,-98.2248,1988,256.4,Human
Manitoba,6-5-3-88,50.4694,-97.4983,1988,526.1,Human
Manitoba,6-10-5-88,50.451,-97.9538,1988,7566.1,Human
Manitoba,8-6-3-88,49.6739,-96.4124,1988,376.9,Human
Manitoba,6-5-2-88,50.6977,-97.1965,1988,1643.0,Human
Alberta,DL2-014-88,54.6786,-111.9138,1988,426.8,Human
Manitoba,6-7-4-88,51.0844,-98.1252,1988,263.0,Human
Manitoba,5-6-1-88,49.8361,-96.418,1988,600.0,Human
Manitoba,6-6-3-88,51.3608,-97.7684,1988,621.2,Human
Alberta,DR6-003-88,52.5557,-114.5106,1988,200.0,Human
Manitoba,6-10-2-88,50.8046,-97.6322,1988,1097.3,Human
Manitoba,3-2-4-88,49.0405,-95.6823,1988,418.7,Human
Ontario,FOR4,48.7911,-94.4296,1988,200.0,Human
Manitoba,6-6-2-88,51.0402,-97.8677,1988,207.4,Human
Manitoba,3-2-2-88,49.1069,-96.2648,1988,806.5,Human
Manitoba,3-3-3-88,49.4678,-96.1999,1988,381.6,Human
Manitoba,6-10-3-88,50.7309,-97.6322,1988,2483.4,Human
Manitoba,6-10-1-88,50.7161,-97.5857,1988,2899.3,Human
British Columbia,1988-K50005,49.089,-119.714,1988,200.0,Human
Saskatchewan,RESERVE6,49.7639,-102.2145,1987,275.0,Human
Alberta,DS1-034-87,54.403,-114.3071,1987,671.8,Human
British Columbia,1987-K20228,50.571,-121.649,1987,292.0,Human
Alberta,DE3-015-87,53.8375,-119.3774,1987,1803.6,Human
Manitoba,3-2-5-87,49.1069,-96.3544,1987,3695.8,Human
Alberta,DS2-039-87,54.8449,-114.9066,1987,255.1,Human
Ontario,FOR79,48.8204,-94.6375,1987,1600.0,Human
Manitoba,5-3-16-87,50.5874,-96.2412,1987,201.6,Human
British Columbia,1987-G70033,54.491,-120.693,1987,7982.0,Human
British Columbia,1987-G30036,53.036,-119.792,1987,240.0,Human
Saskatchewan,BALLANTYNE,54.53967078,-103.77207,1987,233.4645,Human
Ontario,FOR78,48.789,-94.6125,1987,670.0,Human
British Columbia,1987-G20177,53.964,-120.591,1987,232.0,Human
British Columbia,1987-G20170,53.759,-121.668,1987,237.0,Human
British Columbia,1987-G20167,53.839,-121.744,1987,218.0,Human
British Columbia,1987-G30031,53.268,-120.285,1987,418.0,Human
British Columbia,1987-K50109,49.429,-119.616,1987,890.0,Human
Quebec,1987-1098,48.1265,-67.65724,1987,591.0,Human
Newfoundland and Labrador,1987-379,49.759,-56.242,1987,749.0,Human
Northwest Territories,ZF031-87,64.166,-113.65,1987,500.0,Natural
Ontario,MOO17,52.914,-83.9305,1987,200.0,Unknown
Northwest Territories,CR027-87,61.359,-110.497,1987,200.0,Natural
Northwest Territories,CR024-87,60.128,-109.597,1987,1400.0,Natural
Ontario,CHA32,47.9609,-82.2625,1987,220.0,Human
Saskatchewan,WARD,58.39572103,-104.9859531,1987,666.0801,Natural
Saskatchewan,SNARE,58.51481485,-107.8980816,1987,308.919,Natural
Northwest Territories,ZF072-87,62.787,-111.47,1987,2126.0,Natural
Saskatchewan,SWAN,57.50288414,-102.978289,1987,291.8362,Natural
Saskatchewan,PASFIELD,58.1406,-105.5417,1987,248.1355,Natural
Northwest Territories,CR013-87,61.201,-109.379,1987,675.0,Natural
Northwest Territories,VQ081-87,64.237,-120.469,1987,29867.0,Natural
Saskatchewan,CRAIG,57.50505972,-104.355683,1987,474.9216,Natural
Saskatchewan,COMBE,57.30751315,-103.8013201,1987,289.5572,Natural
Saskatchewan,PARDOE,57.1302,-104.0938,1987,244.7231,Natural
Saskatchewan,SUTEN,57.6198,-104.4479,1987,469.5084,Natural
Northwest Territories,CR006-87,61.937,-110.205,1987,350.0,Natural
Northwest Territories,CR008-87,60.869,-108.805,1987,1250.0,Natural
Northwest Territories,CR009-87,61.85,-108.995,1987,900.0,Natural
Northwest Territories,CR010-87,61.896,-109.073,1987,3500.0,Natural
Northwest Territories,VQ084-87,65.32,-120.65,1987,2016.0,Natural
Northwest Territories,SM015-87,61.175,-112.539,1987,2200.0,Natural
Northwest Territories,EV055-87,67.671,-126.223,1987,2205.0,Natural
Alberta,DP2-017-87,56.6997,-119.4514,1987,8636.2,Natural
Alberta,DS2-027-87,55.492,-114.5281,1987,266.0,Natural
Newfoundland and Labrador,1987-335,48.114,-56.257,1987,1465.0,Human
Newfoundland and Labrador,1987-336,48.085,-56.409,1987,1758.0,Human
Northwest Territories,VQ080-87,66.307,-130.736,1987,3000.0,Natural
British Columbia,1987-C50106,51.339,-124.829,1987,2286.4,Natural
Newfoundland and Labrador,1987-157,47.147,-53.512,1987,337.0,Human
Northwest Territories,EV046-87,67.489,-124.061,1987,1953.0,Natural
Northwest Territories,EV049-87,68.031,-126.04,1987,1000.0,Natural
Northwest Territories,EV052-87,67.112,-124.159,1987,945.0,Natural
Northwest Territories,EV053-87,67.061,-124.15,1987,1071.0,Natural
Northwest Territories,VQ076-87,66.878,-124.384,1987,945.0,Natural
Northwest Territories,VQ077-87,66.926,-124.154,1987,2200.0,Natural
Northwest Territories,VQ078-87,66.748,-123.212,1987,1197.0,Natural
Northwest Territories,EV047-87,67.868,-127.49,1987,567.0,Natural
Northwest Territories,EV048-87,67.888,-127.275,1987,567.0,Natural
Northwest Territories,EV050-87,67.832,-127.12,1987,819.0,Natural
Northwest Territories,EV054-87,67.627,-124.991,1987,252.0,Natural
Northwest Territories,ZF059-87,64.867,-117.217,1987,460.0,Natural
Northwest Territories,CR002-87,60.971,-106.271,1987,1000.0,Natural
Northwest Territories,VQ075-87,66.241,-125.556,1987,252.0,Natural
British Columbia,1987-R40017,55.688,-127.732,1987,334.0,Natural
Northwest Territories,VQ073-87,66.294,-124.657,1987,5545.0,Natural
Northwest Territories,VQ074-87,65.664,-123.286,1987,16948.0,Natural
Northwest Territories,ZF053-87,64.345,-119.431,1987,2915.0,Natural
Northwest Territories,ZF054-87,64.62,-119.534,1987,11511.0,Natural
Northwest Territories,ZF055-87,64.543,-119.74,1987,1535.0,Natural
Northwest Territories,ZF057-87,64.765,-119.483,1987,1480.0,Natural
Northwest Territories,VQ082-87,64.377,-120.244,1987,2250.0,Natural
Northwest Territories,ZF045-87,63.447,-116.251,1987,950.0,Natural
Northwest Territories,ZF046-87,64.755,-118.171,1987,7150.0,Natural
Northwest Territories,EV037-87,67.127,-127.289,1987,315.0,Natural
Northwest Territories,EV039-87,67.056,-127.001,1987,3276.0,Natural
Northwest Territories,EV044-87,67.225,-126.371,1987,315.0,Natural
Northwest Territories,EV035-87,67.144,-126.892,1987,1071.0,Natural
Northwest Territories,VQ069-87,64.139,-123.674,1987,2835.0,Natural
Northwest Territories,ZF048-87,64.38,-118.274,1987,410.0,Natural
Northwest Territories,ZF049-87,64.237,-118.742,1987,1535.0,Natural
Northwest Territories,EV032-87,68.537,-127.743,1987,252.0,Natural
Northwest Territories,ZF043-87,65.578,-115.945,1987,1476.0,Natural
Northwest Territories,ZF044-87,65.113,-116.225,1987,5064.0,Natural
Northwest Territories,VQ067-87,66.751,-124.638,1987,5040.0,Natural
Northwest Territories,VQ065-87,66.091,-126.544,1987,44420.0,Natural
Northwest Territories,VQ066-87,66.549,-126.676,1987,4851.0,Natural
Northwest Territories,VQ068-87,66.651,-124.318,1987,819.0,Natural
Northwest Territories,VQ061-87,65.862,-122.702,1987,37555.0,Natural
Yukon,1987OC015,67.133333,-137.199722,1987,433.33,Natural
Yukon,1987OC016,67.283333,-137.179722,1987,383.3,Natural
Yukon,1987OC020,67.766667,-137.619722,1987,464.55,Natural
Yukon,1987OC023,68.0,-138.8,1987,6568.13,Natural
Yukon,1987OC024,67.8,-138.066667,1987,460.84,Natural
Yukon,1987OC017,67.4486,-136.990706,1987,2398.23,Natural
Yukon,1987OC018,67.5,-137.0,1987,2745.17,Natural
Northwest Territories,EV029-87,67.047,-129.387,1987,540.0,Natural
Northwest Territories,VQ056-87,66.944,-127.847,1987,1200.0,Natural
Northwest Territories,VQ057-87,66.728,-131.344,1987,14100.0,Natural
Northwest Territories,VQ048-87,66.543,-130.679,1987,8100.0,Natural
Northwest Territories,VQ055-87,66.072,-125.327,1987,550.0,Natural
Northwest Territories,VQ053-87,65.755,-124.421,1987,5300.0,Natural
Northwest Territories,VQ054-87,65.944,-124.543,1987,10302.0,Natural
Northwest Territories,FS027-87,63.848,-122.495,1987,2200.0,Natural
Northwest Territories,ZF036-87,64.533,-119.5,1987,250.0,Natural
Manitoba,1-5-19-87,56.4,-101.6167,1987,1363.7,Natural
Northwest Territories,EV011-87,68.571,-128.289,1987,504.0,Natural
Northwest Territories,EV020-87,67.418,-129.88,1987,2800.0,Natural
Northwest Territories,EV027-87,67.746,-130.75,1987,12915.0,Natural
Northwest Territories,EV016-87,67.081,-128.83,1987,2835.0,Natural
Northwest Territories,EV017-87,67.173,-128.58,1987,2079.0,Natural
Northwest Territories,EV018-87,67.26,-128.503,1987,4284.0,Natural
Northwest Territories,EV019-87,67.381,-128.6,1987,5292.0,Natural
Northwest Territories,EV022-87,67.253,-131.278,1987,1198.0,Natural
Northwest Territories,EV023-87,67.039,-131.704,1987,4800.0,Natural
Northwest Territories,VQ042-87,65.554,-129.828,1987,2000.0,Natural
Northwest Territories,VQ044-87,65.958,-126.944,1987,12727.0,Natural
Northwest Territories,VQ047-87,65.849,-127.068,1987,9260.0,Natural
Manitoba,5-2-48-87,52.8485,-95.8015,1987,3295.8,Natural
Quebec,1987-4064,49.29856,-70.05437,1987,775.0,Natural
Northwest Territories,ZF026-87,64.165,-115.939,1987,2700.0,Natural
Northwest Territories,EV008-87,67.15,-126.76,1987,1575.0,Natural
Northwest Territories,VQ039-87,64.229,-123.627,1987,11833.0,Natural
Northwest Territories,VQ034-87,64.336,-124.084,1987,4900.0,Natural
Manitoba,1-5-22-87,57.05,-101.4167,1987,300.0,Natural
Northwest Territories,EV007-87,67.788,-125.388,1987,2457.0,Natural
Northwest Territories,VQ027-87,66.398,-131.247,1987,3200.0,Natural
Northwest Territories,VQ013-87,66.15,-127.306,1987,17200.0,Natural
Northwest Territories,FS024-87,63.151,-121.552,1987,26450.0,Natural
British Columbia,1987-G60006,56.884,-126.265,1987,608.0,Natural
Yukon,1987OC009,66.64368,-135.12686,1987,513.7,Natural
Yukon,1987OC010,66.666667,-135.183333,1987,896.33,Natural
Yukon,1987OC007,66.817316,-134.48012,1987,54354.41,Natural
Yukon,1987OC006,67.709047,-140.215098,1987,706.75,Natural
Quebec,1987-4054,52.84682,-67.09817,1987,300.0,Human
Quebec,1987-4056,52.88459,-67.57141,1987,250.0,Natural
Newfoundland and Labrador,1987-616,53.37,-60.905,1987,2000.0,Natural
Newfoundland and Labrador,1987-612,53.155,-63.72,1987,2000.0,Natural
Newfoundland and Labrador,1987-629,52.827,-62.555,1987,460.0,Natural
Quebec,1987-7127,54.22962,-70.67615,1987,321.0,Natural
Quebec,1987-7126,53.81385,-72.24391,1987,289.0,Natural
Newfoundland and Labrador,1987-609,53.479,-66.682,1987,1900.0,Natural
British Columbia,1987-G10018,53.473,-123.985,1987,1141.0,Natural
British Columbia,1987-C10060,52.634,-122.971,1987,418.2,Natural
British Columbia,1987-G40014,53.688,-124.128,1987,1195.0,Natural
Northwest Territories,FS019-87,63.55,-120.983,1987,560.0,Natural
British Columbia,1987-K50053,49.357,-119.603,1987,1908.0,Human
Saskatchewan,TIRED,56.34991646,-105.3395604,1987,1768.4505,Natural
Quebec,1987-5105,48.83603,-70.56284,1987,320.0,Human
Ontario,RED49,52.7422,-94.4306,1987,3081.0,Natural
Ontario,RED46,52.8047,-93.6806,1987,241.0,Natural
Quebec,1987-5102,50.71163,-74.77084,1987,3500.0,Human
Quebec,1987-5100,49.61931,-70.64446,1987,12260.0,Human
Ontario,GER30,51.3203,-86.9027,1987,211.0,Natural
Ontario,GER31,51.1328,-87.625,1987,215.0,Natural
Quebec,1987-4049,51.8756,-67.6084,1987,4790.0,Natural
Quebec,1987-4050,51.97872,-67.46642,1987,6000.0,Natural
Saskatchewan,HARRISON,57.81342224,-109.647693,1987,734.205,Natural
Ontario,RED21,53.1953,-94.375,1987,467.0,Natural
Ontario,RED22,53.2422,-94.0694,1987,1405.0,Natural
Ontario,RED28,52.0547,-93.4028,1987,1270.0,Natural
Saskatchewan,MIX2,55.73909112,-104.3052167,1987,5455.5583,Natural
Manitoba,1-3-9-87,55.9167,-96.2833,1987,331.3,Natural
Manitoba,1-6-12-87,54.75,-93.6667,1987,422.2,Human
Yukon,1987OC002,66.919722,-138.166667,1987,15646.18,Natural
Saskatchewan,LAWRENCE,56.59995986,-103.0520384,1987,477.7531,Natural
Saskatchewan,WAPUS,56.52540071,-102.4070654,1987,3235.6905,Natural
Manitoba,1-1-4-87,55.5333,-98.7167,1987,245.7,Natural
Saskatchewan,ROTHNIE,55.901,-103.9271,1987,3160.3526,Natural
Saskatchewan,RIVER,57.24499047,-104.8014283,1987,5507.7263,Natural
Saskatchewan,PRIEST,56.79143272,-102.6367186,1987,4123.2161,Natural
Ontario,HEA11,48.9453,-83.8374,1987,809.0,Natural
Ontario,COC15,50.2422,-80.8125,1987,375.0,Natural
Saskatchewan,MACOUN,56.55645293,-103.7572732,1987,16244.2524,Natural
Saskatchewan,SANDY2,55.526,-104.7813,1987,2296.4009,Natural
Saskatchewan,GONE,55.96208187,-104.6139563,1987,10561.9862,Natural
Saskatchewan,BEST,55.7604,-104.2292,1987,431.0,Natural
Saskatchewan,PETER2,56.7302385,-105.5494688,1987,7274.4956,Natural
Saskatchewan,CAULBACK,55.9115,-104.9271,1987,7005.2948,Natural
Saskatchewan,BORDER,56.17084176,-104.9520921,1987,6637.2451,Natural
Saskatchewan,ZONE,56.3073,-104.7188,1987,5210.6533,Natural
Saskatchewan,HUMP,56.20269318,-104.0307536,1987,2964.3483,Natural
Saskatchewan,DOBBIN,56.6424575,-105.0891453,1987,9320.138,Natural
Saskatchewan,NAGLE,56.1198,-105.3021,1987,1322.1106,Natural
Saskatchewan,SUCKER1,55.9948,-103.9479,1987,13457.5966,Natural
Ontario,SIO49,53.9141,-90.0972,1987,6205.0,Natural
Ontario,MOO9,51.0078,-82.8473,1987,250.0,Natural
Saskatchewan,MARCHEL,55.3802,-102.7396,1987,1410.106,Natural
Saskatchewan,GIEKIE,56.91569148,-105.4572326,1987,11093.809,Natural
Manitoba,1-5-11-87,56.3167,-101.7167,1987,207.8,Natural
Manitoba,1-5-5-87,56.45,-101.5833,1987,1653.5,Natural
Manitoba,1-5-10-87,57.05,-101.6667,1987,2350.0,Natural
Manitoba,1-5-6-87,56.8333,-100.9333,1987,5492.7,Natural
Manitoba,2-2-12-87,55.2784,-100.548,1987,582.5,Natural
Manitoba,2-2-10-87,55.3257,-101.2532,1987,23190.0,Natural
Manitoba,2-4-11-87,55.2333,-94.5,1987,365.7,Natural
Manitoba,1-8-9-87,54.7833,-98.5,1987,769.2,Natural
Manitoba,2-4-8-87,54.9667,-99.8,1987,228.2,Natural
Manitoba,2-4-12-87,55.0167,-99.7667,1987,280.7,Natural
Manitoba,2-4-5-87,54.7692,-99.9619,1987,595.3,Natural
Manitoba,2-2-17-87,55.2203,-100.4198,1987,1184.9,Natural
Manitoba,1-4-19-87,54.1667,-97.9833,1987,906.8,Natural
Yukon,1987MA001,65.817062,-133.783745,1987,2796.52,Natural
Ontario,GER21,52.8984,-87.4583,1987,1445.0,Natural
Manitoba,1-8-5-87,54.9667,-98.2833,1987,506.2,Human
Manitoba,1-7-26-87,54.1167,-93.4333,1987,253.4,Natural
Manitoba,1-4-16-87,53.95,-96.75,1987,3998.7,Natural
Manitoba,1-4-14-87,54.1,-97.4,1987,4225.8,Natural
Manitoba,1-6-10-87,54.9667,-93.6667,1987,2300.0,Natural
Newfoundland and Labrador,1987-607,52.815,-67.039,1987,875.0,Human
Ontario,GER25,51.7578,-86.8472,1987,1640.0,Natural
Ontario,GER20,52.6328,-86.875,1987,200.0,Natural
Ontario,SIO64,54.0859,-92.4584,1987,27063.0,Natural
Saskatchewan,PARK,56.5469,-109.3854,1987,733.6871,Human
Saskatchewan,SOUTHEND,56.32861093,-103.2279449,1987,18159.0584,Human
Quebec,1987-5089,51.81835,-71.16998,1987,701.0,Natural
Quebec,1987-7082,51.52608,-76.27407,1987,233.0,Natural
Quebec,1987-7083,51.52878,-76.33333,1987,258.0,Natural
Saskatchewan,LARS,53.3594,-104.8229,1987,200.0,Human
Quebec,1987-7077,52.28507,-78.26424,1987,2036.0,Natural
Quebec,1987-1051,48.13819,-67.7956,1987,1315.0,Human
Alberta,DS1-006-87,55.4737,-114.3696,1987,492.0,Natural
Saskatchewan,PETER1,58.6042,-105.7396,1987,1561.5458,Natural
Manitoba,1-6-8-87,54.3167,-94.05,1987,337.9,Natural
Manitoba,1-6-5-87,54.3167,-94.3333,1987,713.6,Natural
New Brunswick,5-2-008,47.18,-67.2,1987,273.0,Human
Ontario,KAP12,49.4141,-82.6376,1987,232.0,Human
Ontario,THU82,49.3047,-90.4375,1987,200.0,Natural
Ontario,HEA6,49.461,-83.8626,1987,461.0,Human
Manitoba,7-6-4-87,51.8155,-100.4454,1987,252.7,Human
Manitoba,6-5-1-87,51.1618,-97.0657,1987,841.7,Human
Manitoba,6-6-15-87,51.4517,-97.329,1987,778.2,Human
Manitoba,5-1-6-87,50.3331,-96.27,1987,360.0,Human
Ontario,IGN9,49.914,-90.5375,1987,3450.0,Natural
British Columbia,1987-K20043,50.67,-121.255,1987,385.0,Human
British Columbia,1987-N10010,50.232,-114.945,1987,268.0,Human
Ontario,CHA12,48.3515,-83.6626,1987,7500.0,Natural
Ontario,ATI10,48.3985,-91.5124,1987,250.0,Human
British Columbia,1987-C40020,51.438,-122.084,1987,584.0,Human
British Columbia,1987-N50003,49.268,-117.563,1987,424.0,Natural
Saskatchewan,MCLEAN,56.57658025,-109.2537115,1987,836.3053,Human
Manitoba,2-1-10-87,53.8343,-100.4007,1987,265.2,Human
Manitoba,3-3-1-87,49.383,-96.1942,1987,2369.1,Human
Ontario,FOR35,48.8516,-94.6375,1987,1680.0,Human
Ontario,THU71,48.8985,-90.6375,1987,2400.0,Unknown
British Columbia,1987-G70012,55.652,-121.148,1987,453.0,Human
British Columbia,1987-G70011,55.116,-120.736,1987,920.0,Human
Alberta,DS5-003-87,57.1282,-115.0575,1987,1264.2,Human
Alberta,DP2-003-87,56.3364,-118.266,1987,530.0,Human
Alberta,DS4-014-87,55.5613,-116.584,1987,2383.6,Human
Saskatchewan,WATCH2,53.95200224,-102.3020702,1987,200.0,Human
Saskatchewan,ELAN,54.401,-104.5938,1987,65812.5589,Natural
Ontario,SIO27,51.4297,-91.2917,1987,582.0,Natural
British Columbia,1987-G70010,55.411,-120.969,1987,296.5,Human
British Columbia,1987-C10027,52.946,-121.763,1987,216.0,Human
Alberta,DP1-005-87,55.8142,-116.9946,1987,13264.2,Human
Alberta,DL1-007-87,54.4094,-111.0855,1987,269.3,Human
Saskatchewan,MISTAWASIS,53.1458,-106.8646,1987,970.0,Human
Manitoba,6-6-13-87,51.2916,-97.4696,1987,430.6,Human
Manitoba,5-2-7-87,51.961,-95.9346,1987,21123.0,Natural
Manitoba,5-4-2-87,51.0297,-95.3704,1987,18647.0,Natural
Manitoba,6-7-2-87,51.328,-98.2547,1987,208.8,Human
Ontario,RED8,51.5859,-94.9305,1987,1157.0,Natural
Ontario,CHA9,48.1015,-82.1625,1987,500.0,Human
Ontario,GOG1,48.0391,-81.9626,1987,368.0,Human
Ontario,FOR33,49.3672,-92.5875,1987,1589.0,Human
Manitoba,1-7-1-87,53.9333,-95.1667,1987,481.6,Human
Manitoba,2-1-6-87,53.8816,-101.361,1987,480.8,Human
Alberta,DG1-004-87,55.8888,-118.0288,1987,513.9,Human
Saskatchewan,HAYLAND,53.93667741,-102.2981117,1987,1293.347,Human
Alberta,DP3-001-87,56.4826,-117.9195,1987,326.6,Human
Saskatchewan,JUNCTION1,53.56651931,-107.16672,1987,504.4362,Human
Manitoba,2-1-2-87,53.6052,-101.722,1987,212.6,Human
British Columbia,1987-C40017,51.304,-121.186,1987,1361.1,Human
Alberta,DE4-008-87,53.6482,-116.2149,1987,353.8,Human
Manitoba,6-10-1-87,50.7825,-97.4695,1987,373.2,Human
British Columbia,1987-G80001,56.259,-121.199,1987,337.0,Human
Ontario,FOR13,48.7422,-94.3625,1987,290.0,Human
British Columbia,1987-K20013,50.813,-120.366,1987,476.4,Human
Saskatchewan,TRAPPER1,53.7865,-102.4479,1987,250.0,Human
Saskatchewan,PEMMICAN,53.92261167,-102.244067,1987,210.0953,Human
Ontario,FOR8,48.6328,-93.4125,1987,500.0,Human
Ontario,FOR6,48.8203,-94.5625,1987,1915.900024,Human
Ontario,FOR12,48.7734,-94.1626,1987,298.0,Human
Alberta,DB1-001-87,50.3479,-114.2557,1987,2100.0,Human
Manitoba,1-4-22-87,54.0833,-96.6167,1986,3879.3,Natural
Manitoba,1-7-33-87,53.75,-95.95,1986,6689.8,Natural
Manitoba,1-4-12-87,54.9833,-96.5667,1986,548.1,Natural
Manitoba,1-4-5-87,53.75,-96.8,1986,45732.0,Natural
Manitoba,1-7-35-87,52.9,-95.5333,1986,470.0,Natural
British Columbia,1986-C50099,51.546,-124.22,1986,355.0,Human
British Columbia,1986-K70049,50.677,-123.003,1986,497.0,Human
British Columbia,1986-V50028,50.898,-123.959,1986,362.0,Natural
British Columbia,1986-V50030,50.847,-124.494,1986,325.8,Natural
British Columbia,1986-N60080,49.01,-118.26,1986,416.0,Human
British Columbia,1986-V50011,50.626,-124.925,1986,215.0,Human
British Columbia,1986-G80020,57.061,-123.607,1986,704.5,Human
Ontario,SIO91,53.8985,-91.4584,1986,230.0,Natural
British Columbia,1986-N30009,51.963,-117.782,1986,414.0,Human
British Columbia,1986-N10072,49.633,-115.61,1986,465.0,Human
Ontario,GER33,51.6641,-85.9305,1986,387.0,Human
Ontario,MOO18,50.9922,-80.4125,1986,400.0,Natural
British Columbia,1986-G10031,54.705,-123.205,1986,287.0,Human
British Columbia,1986-N70020,49.419,-116.483,1986,702.0,Human
Northwest Territories,EV026-86,67.517,-127.0,1986,2512.0,Natural
Quebec,1986-5116,50.6283,-72.60287,1986,325.0,Natural
British Columbia,1986-G50012,54.955,-124.104,1986,597.0,Human
Northwest Territories,CR014-86,60.933,-104.983,1986,570.0,Natural
Ontario,GER29,51.9765,-88.4027,1986,685.0,Natural
Saskatchewan,FOND-LAC,59.19327521,-104.9281846,1986,578.344,Natural
Saskatchewan,CARSON,58.724,-103.1771,1986,357.0594,Natural
British Columbia,1986-VA0006,52.869,-126.24,1986,1600.0,Natural
Yukon,1986DA065,65.759037,-138.96934,1986,291.66,Natural
Northwest Territories,CR011-86,61.683,-110.75,1986,1036.0,Natural
Ontario,MOO13,52.9141,-84.2639,1986,1495.0,Unknown
Quebec,1986-7162,52.76079,-75.91826,1986,270.0,Natural
Northwest Territories,JF008-86,60.867,-125.417,1986,10100.0,Natural
Newfoundland and Labrador,1986-616,53.983,-60.426,1986,1624.0,Natural
Newfoundland and Labrador,1986-617,52.862,-59.429,1986,460.0,Natural
Yukon,1986OC012,66.757022,-140.446712,1986,558.08,Natural
Ontario,MOO11,52.086,-82.0695,1986,405.0,Unknown
Newfoundland and Labrador,1986-610,52.178,-62.698,1986,305.0,Natural
Northwest Territories,JF006-86,62.317,-127.6,1986,201.0,Natural
Newfoundland and Labrador,1986-609,53.417,-63.949,1986,1437.0,Natural
Quebec,1986-5101,52.05396,-72.80116,1986,5988.0,Natural
Quebec,1986-7151,53.44275,-72.68357,1986,2950.0,Natural
Northwest Territories,EV023-86,68.067,-127.417,1986,304.0,Natural
Northwest Territories,EV024-86,67.5,-126.983,1986,1264.0,Natural
Northwest Territories,VQ021-86,66.167,-131.0,1986,45931.0,Natural
Northwest Territories,VQ023-86,65.317,-120.717,1986,1575.0,Natural
Yukon,1986OC005,66.155478,-136.457575,1986,411.4,Natural
Yukon,1986OC006,66.05,-138.25,1986,2304.43,Natural
Yukon,1986OC007,66.05,-138.529722,1986,1974.54,Natural
Yukon,1986OC010,66.393032,-137.425015,1986,9291.21,Natural
Northwest Territories,VQ015-86,65.933,-128.3,1986,8819.0,Natural
Northwest Territories,FS045-86,63.5,-125.25,1986,400.0,Natural
Yukon,1986RR009,63.716667,-131.833333,1986,1340.44,Natural
Yukon,1986MA023,63.824521,-132.338057,1986,1144.26,Natural
Yukon,1986DA057,63.25,-140.0,1986,896.9,Natural
Northwest Territories,EV022-86,67.8,-126.783,1986,8512.0,Natural
Yukon,1986RR005,62.2,-130.583333,1986,587.88,Natural
British Columbia,1986-K70025,50.669,-123.003,1986,226.4,Human
Yukon,1986MA016,64.05,-134.05,1986,3926.09,Natural
Yukon,1986MA013,65.973853,-134.067104,1986,204.25,Natural
Yukon,1986MA014,65.83,-134.466667,1986,1091.81,Natural
Yukon,1986MA015,65.320714,-134.234651,1986,3638.99,Natural
Yukon,1986MA034,65.581143,-133.466216,1986,1501.89,Natural
Northwest Territories,EV021-86,67.967,-130.95,1986,390.0,Natural
Yukon,1986DA040,64.090444,-138.361657,1986,543.86,Natural
Yukon,1986MA024,63.733333,-133.02,1986,561.7,Natural
Yukon,1986MA012,63.666667,-134.58,1986,12993.48,Natural
Northwest Territories,FS036-86,63.333,-125.167,1986,500.0,Natural
Yukon,1986DA038,63.683333,-140.083333,1986,483.77,Natural
Yukon,1986RR002,62.4,-131.583333,1986,3440.92,Natural
Yukon,1986RR003,62.866667,-133.116667,1986,1135.15,Natural
Northwest Territories,EV019-86,67.517,-131.933,1986,80000.0,Natural
Yukon,1986OC004,66.504762,-136.64002,1986,582.42,Natural
Yukon,1986DA034,63.856102,-139.655523,1986,4640.11,Natural
Yukon,1986DA037,63.8,-137.65,1986,4640.11,Natural
Yukon,1986MA004,63.619722,-136.533333,1986,3369.3,Natural
Yukon,1986MA010,63.633333,-134.38,1986,2620.35,Natural
Yukon,1986MA009,63.635844,-133.718814,1986,3884.62,Natural
Northwest Territories,EV009-86,68.017,-130.55,1986,9328.0,Natural
Northwest Territories,EV016-86,67.567,-130.833,1986,55670.0,Natural
Northwest Territories,EV018-86,67.55,-131.667,1986,12300.0,Natural
Northwest Territories,EV014-86,67.3,-130.867,1986,69747.0,Natural
Northwest Territories,VQ004-86,65.917,-133.333,1986,565.0,Natural
Manitoba,1-4-6-86,53.3833,-96.8667,1986,2881.1,Natural
Yukon,1986DA024,64.605636,-140.191201,1986,538.09,Natural
Yukon,1986DA027,63.833333,-140.666667,1986,1534.82,Natural
Saskatchewan,GILLESPIE,57.0156,-103.5104,1986,367.5231,Natural
Saskatchewan,HAMILTON,57.56507897,-104.5169155,1986,347.5678,Natural
Yukon,1986MA003,63.533333,-134.149722,1986,1603.25,Natural
Northwest Territories,EV008-86,68.017,-129.733,1986,8800.0,Natural
New Brunswick,2-4-001,46.85,-66.47,1986,600.0,Human
Yukon,1986DA025,65.72,-137.419722,1986,696.21,Natural
Ontario,SIO42,53.0703,-89.0139,1986,2447.0,Natural
Ontario,SIO45,53.1484,-89.1527,1986,1290.0,Natural
Manitoba,1-5-2-86,58.6167,-101.4833,1986,2500.0,Human
Manitoba,1-1-6-86,56.2833,-97.1667,1986,810.0,Natural
Ontario,GER13,51.4297,-88.2639,1986,270.0,Human
Ontario,GER14,52.6484,-88.2917,1986,715.0,Natural
Yukon,1986DA019,64.464076,-140.555226,1986,11764.43,Natural
Northwest Territories,CR004-86,61.95,-108.983,1986,300.0,Natural
Ontario,GER11,52.5078,-88.7916,1986,625.0,Natural
Ontario,GER12,52.7578,-88.6805,1986,587.0,Natural
Yukon,1986DA017,63.175778,-140.388995,1986,4328.51,Natural
Yukon,1986DA014,64.4,-139.5,1986,4273.27,Natural
Yukon,1986DA015,64.493284,-139.465052,1986,236.52,Natural
Yukon,1986HJ002,61.366667,-138.116667,1986,431.79,Human
Alberta,DA2-002-86,57.2171,-112.8836,1986,210.9,Natural
British Columbia,1986-G90013,58.963,-124.368,1986,2803.0,Natural
Alberta,DS3-012-86,55.0867,-115.7487,1986,246.7,Natural
Manitoba,1-2-2-86,56.8,-99.1,1986,394.5,Human
Ontario,RED24,53.4297,-93.7083,1986,312.5,Natural
Yukon,1986DA012,65.319964,-140.9281,1986,1761.14,Human
Yukon,1986DA008,64.504991,-139.371563,1986,476.68,Human
Yukon,1986DA011,65.333333,-140.966667,1986,4000.0,Human
Saskatchewan,PA2,54.238,-106.4498,1986,300.0,Natural
British Columbia,1986-V10005,49.561,-121.315,1986,345.0,Human
Saskatchewan,CHURCHILL,56.17712271,-107.8952447,1986,3034.0278,Natural
Saskatchewan,BARNEY,55.76212346,-109.9032278,1986,395.9312,Natural
Saskatchewan,GRIZZLY,56.0058685,-109.9885825,1986,341.1,Natural
Quebec,1986-7106,50.14719,-76.18264,1986,38600.0,Natural
Quebec,1986-7116,50.96073,-76.02908,1986,20300.0,Natural
Quebec,1986-7108,50.66247,-77.0858,1986,2890.0,Natural
Quebec,1986-7114,50.61211,-77.10998,1986,2000.0,Natural
Quebec,1986-7115,50.19544,-76.46347,1986,7102.0,Natural
Quebec,1986-6155,47.82914,-76.94106,1986,308.0,Natural
Quebec,1986-6154,47.37021,-74.90339,1986,305.0,Natural
Northwest Territories,CR001-86,60.867,-108.75,1986,750.0,Natural
Northwest Territories,CR002-86,61.267,-108.75,1986,325.0,Natural
Saskatchewan,POPLAR1,54.276,-109.0104,1986,278.2,Human
Quebec,1986-7090,49.99131,-75.58833,1986,8038.0,Natural
Quebec,1986-7101,50.05756,-75.97759,1986,57750.0,Natural
Quebec,1986-5056,50.69994,-71.79642,1986,17842.0,Natural
Quebec,1986-5064,51.35582,-72.06893,1986,707.0,Natural
Quebec,1986-7088,49.83513,-76.18307,1986,18531.0,Natural
Quebec,1986-7093,49.67926,-76.22915,1986,2058.0,Natural
Quebec,1986-7099,49.7518,-75.51652,1986,7080.0,Natural
Quebec,1986-7100,49.69544,-75.83055,1986,450.0,Natural
Quebec,1986-3066,48.76889,-74.38938,1986,819.0,Natural
Manitoba,1-7-3-86,53.8167,-94.5833,1986,2839.8,Human
Ontario,RED14,52.5547,-93.6528,1986,29458.0,Unknown
Ontario,COC11,49.7109,-81.5125,1986,915.0,Human
Ontario,MOO3,51.0391,-80.8194,1986,2350.0,Human
Ontario,KAP10,49.3047,-82.9626,1986,254.0,Human
Saskatchewan,ELANDER,54.75008428,-101.9120164,1986,1436.8649,Human
Ontario,RED11,53.0547,-93.0973,1986,6600.0,Unknown
Ontario,RED7,51.1485,-94.2917,1986,61200.0,Unknown
Ontario,TER7,48.7891,-87.0626,1986,200.0,Human
Alberta,DS6-006-86,55.6554,-113.8503,1986,475.2,Natural
Ontario,RED5,53.2578,-93.5972,1986,32100.0,Natural
Newfoundland and Labrador,1986-319,49.031,-56.095,1986,1399.0,Human
Newfoundland and Labrador,1986-320,48.014,-55.786,1986,1150.0,Human
Newfoundland and Labrador,1986-121,47.435,-52.693,1986,731.0,Human
Newfoundland and Labrador,1986-603,52.429,-55.94,1986,1163.0,Human
Newfoundland and Labrador,1986-317,49.196,-55.239,1986,2122.0,Human
Newfoundland and Labrador,1986-318,48.658,-55.487,1986,13898.0,Human
Newfoundland and Labrador,1986-130,46.95,-55.483,1986,456.0,Human
New Brunswick,2-2-016,46.92,-65.62,1986,764.0,Human
Newfoundland and Labrador,1986-313,49.826,-56.392,1986,5272.0,Human
Newfoundland and Labrador,1986-312,48.192,-55.33,1986,50730.0,Human
New Brunswick,2-2-014,47.02,-65.58,1986,3759.0,Human
New Brunswick,2-7-009,46.88,-65.7,1986,340.0,Human
New Brunswick,3-8-006,46.22,-65.48,1986,1900.0,Human
New Brunswick,3-7-004,45.92,-65.65,1986,3260.0,Human
New Brunswick,4-4-016,45.85,-66.23,1986,1147.0,Human
New Brunswick,4-5-013,45.6,-66.7,1986,342.0,Human
Newfoundland and Labrador,1986-601,53.316,-60.243,1986,660.0,Human
Newfoundland and Labrador,1986-308,49.002,-55.711,1986,19472.0,Human
New Brunswick,1-6-006,47.55,-65.3,1986,2140.0,Human
New Brunswick,2-1-008,47.28,-65.27,1986,23165.0,Human
Newfoundland and Labrador,1986-514,48.352,-58.67,1986,223.0,Human
Newfoundland and Labrador,1986-515,48.584,-58.606,1986,245.0,Human
Newfoundland and Labrador,1986-510,47.72,-59.261,1986,777.0,Human
British Columbia,1986-G80001,56.648,-121.031,1986,236.0,Human
Saskatchewan,FRAG,53.80121709,-102.4803242,1986,1645.4618,Human
Newfoundland and Labrador,1985-344,49.392,-54.017,1985,1200.0,Human
British Columbia,1985-K40136,50.068,-119.436,1985,1670.0,Human
Manitoba,1-3-19-85,55.7,-95.4167,1985,1260.0,Natural
British Columbia,1985-N70152,51.039,-117.244,1985,232.3,Human
Saskatchewan,MCLEAN,58.00959616,-102.2391226,1985,4466.2116,Natural
British Columbia,1985-K70063,50.669,-123.026,1985,247.4,Natural
British Columbia,1985-V50015,50.705,-124.709,1985,652.2,Human
Newfoundland and Labrador,1985-660,54.592,-61.952,1985,687.0,Natural
Manitoba,1-2-9-85,52.3167,-98.3333,1985,203.5,Natural
Newfoundland and Labrador,1985-654,52.569,-60.373,1985,650.0,Natural
Newfoundland and Labrador,1985-535,49.291,-56.603,1985,386.0,Human
Saskatchewan,DAVY,58.87577764,-107.9947974,1985,5112.436,Natural
Newfoundland and Labrador,1985-652,52.197,-57.936,1985,10678.0,Natural
Saskatchewan,AUGUST,58.5365,-108.0729,1985,397.283,Natural
Manitoba,1-3-6-85,56.2,-95.3333,1985,600.0,Natural
Manitoba,1-3-21-85,56.0278,-95.0302,1985,1443.0,Natural
Manitoba,1-2-8-85,57.0,-99.8667,1985,204.1,Natural
British Columbia,1985-N30040,51.886,-117.556,1985,219.0,Natural
Manitoba,1-3-4-85,55.4167,-95.2,1985,3977.0,Natural
Northwest Territories,1985EV-007,67.933,-129.8,1985,4095.4,Natural
Alberta,JA7,52.9371,-117.9776,1985,200.0,Natural
Northwest Territories,1985CR-037,61.033,-109.0,1985,1800.0,Natural
Northwest Territories,1985SM-016,60.217,-110.633,1985,600.0,Natural
British Columbia,1985-C50134,52.64,-124.195,1985,2152.0,Natural
British Columbia,1985-C20039,51.025,-122.4,1985,611.7,Natural
British Columbia,1985-V30045,49.977,-122.86,1985,292.0,Natural
British Columbia,1985-G20098,53.419,-121.669,1985,2399.3,Natural
Yukon,1985RR002,61.761944,-130.935534,1985,527.85,Natural
British Columbia,1985-G20097,54.068,-121.053,1985,270.0,Natural
Northwest Territories,1985JF-006,61.167,-126.133,1985,200.0,Natural
British Columbia,1985-K50097,49.441,-119.722,1985,498.5,Human
British Columbia,1985-K60071,50.325,-120.788,1985,453.0,Human
British Columbia,1985-V10036,49.677,-122.043,1985,1703.0,Natural
British Columbia,1985-V10042,49.854,-121.521,1985,3336.0,Natural
British Columbia,1985-N50175,50.405,-117.675,1985,290.0,Natural
British Columbia,1985-N60021,49.169,-118.96,1985,3557.0,Natural
British Columbia,1985-N50187,49.369,-118.233,1985,1360.0,Natural
British Columbia,1985-V10048,49.097,-121.021,1985,480.0,Natural
British Columbia,1985-K10035,52.626,-120.123,1985,2150.0,Natural
British Columbia,1985-V30016,50.162,-122.515,1985,724.6,Natural
British Columbia,1985-N70066,51.057,-117.244,1985,530.0,Natural
British Columbia,1985-C50107,51.665,-123.673,1985,248.5,Human
British Columbia,1985-N20062,50.376,-115.322,1985,3153.9,Natural
British Columbia,1985-N20061,49.919,-116.166,1985,945.0,Natural
British Columbia,1985-G70048,55.854,-122.35,1985,8013.6,Natural
Saskatchewan,CHARLIE,57.8594,-102.2188,1985,3734.2946,Natural
British Columbia,1985-C20027,51.927,-122.9,1985,208.0,Human
British Columbia,1985-N50099,49.898,-117.96,1985,1320.0,Natural
British Columbia,1985-N50106,50.59,-117.744,1985,535.0,Natural
British Columbia,1985-N50108,50.619,-117.618,1985,400.0,Natural
British Columbia,1985-N50114,50.554,-117.641,1985,665.0,Natural
British Columbia,1985-N50094,49.955,-117.96,1985,260.0,Natural
British Columbia,1985-G60019,56.003,-123.203,1985,382.0,Natural
British Columbia,1985-N50085,50.655,-117.664,1985,241.0,Natural
British Columbia,1985-G20075,53.662,-121.493,1985,264.0,Human
Quebec,1985-7166,54.52248,-77.50896,1985,244.0,Natural
Newfoundland and Labrador,1985-642,53.692,-63.506,1985,375.0,Natural
Northwest Territories,1985CR-028,60.383,-108.317,1985,11670.0,Natural
Northwest Territories,1985CR-027,60.733,-108.0,1985,200.0,Natural
Northwest Territories,1985CR-025,60.317,-104.733,1985,2040.0,Natural
Saskatchewan,JOE,57.9948,-109.5417,1985,8175.8305,Natural
Saskatchewan,ANDREW,58.31101754,-108.278837,1985,324.343,Natural
Saskatchewan,HAULTAIN,56.87302244,-106.4892877,1985,1062.411,Natural
Saskatchewan,DAN,58.224,-108.6979,1985,691.999,Natural
Newfoundland and Labrador,1985-643,53.142,-65.196,1985,4750.0,Natural
Newfoundland and Labrador,1985-648,52.483,-65.547,1985,1150.0,Natural
Northwest Territories,1985CR-023,60.25,-104.25,1985,1950.0,Natural
Northwest Territories,1985CR-024,60.083,-104.467,1985,2400.0,Natural
British Columbia,1985-N10080,49.554,-115.394,1985,208.0,Natural
British Columbia,1985-G70039,55.575,-122.717,1985,246.0,Natural
Alberta,DP1-024-85,56.8517,-116.596,1985,4757.9,Natural
Alberta,DP2-013-85,56.747,-119.1655,1985,1326.0,Natural
Quebec,1985-4041,52.01079,-66.25736,1985,1200.0,Natural
Quebec,1985-7165,53.61211,-75.59239,1985,230.0,Natural
British Columbia,1985-N20039,50.083,-115.971,1985,11194.0,Human
British Columbia,1985-G20064,54.003,-121.243,1985,1231.0,Natural
British Columbia,1985-G20067,53.705,-121.87,1985,702.0,Natural
British Columbia,1985-G20069,53.518,-121.595,1985,6332.0,Human
Newfoundland and Labrador,1985-633,55.922,-61.009,1985,1300.0,Natural
Newfoundland and Labrador,1985-637,53.831,-65.422,1985,700.0,Natural
Newfoundland and Labrador,1985-640,53.619,-65.775,1985,9000.0,Natural
Newfoundland and Labrador,1985-636,53.572,-64.792,1985,1100.0,Natural
British Columbia,1985-C30004,52.818,-121.252,1985,603.0,Human
British Columbia,1985-N20038,51.025,-116.782,1985,325.0,Natural
British Columbia,1985-N70028,50.09,-116.936,1985,1485.0,Human
Manitoba,1-5-5-85,57.1167,-101.5333,1985,717.1,Natural
Quebec,1985-4034,52.88819,-67.94932,1985,4950.0,Natural
Quebec,1985-4035,52.90348,-67.88088,1985,1250.0,Natural
Newfoundland and Labrador,1985-618,53.127,-60.898,1985,700.0,Natural
Newfoundland and Labrador,1985-615,53.831,-64.046,1985,800.0,Natural
Newfoundland and Labrador,1985-617,53.589,-61.346,1985,437.0,Natural
Northwest Territories,1985CR-007,61.533,-106.367,1985,1400.0,Natural
Northwest Territories,1985CR-021,60.333,-103.25,1985,12300.0,Natural
British Columbia,1985-N20035,50.046,-115.345,1985,2845.0,Natural
Saskatchewan,RIVER3,59.55786493,-105.0308901,1985,979.9852,Natural
Saskatchewan,PICEA,59.91357296,-106.6228966,1985,15590.0174,Natural
Saskatchewan,COWPAR,56.01047672,-109.9896337,1985,251.99,Human
Saskatchewan,BOMPAS,59.65096952,-104.8546411,1985,5026.735,Natural
Manitoba,1-2-7-85,56.8833,-100.05,1985,230.0,Natural
Manitoba,1-3-1-85,56.1167,-96.65,1985,251.0,Natural
Quebec,1985-5063,51.48502,-74.39067,1985,2400.0,Natural
Quebec,1985-5067,51.64359,-74.00363,1985,5860.0,Natural
Quebec,1985-7162,53.45354,-71.37438,1985,4163.0,Natural
Quebec,1985-7163,53.22153,-73.41739,1985,255.0,Natural
Northwest Territories,1985ZF-012,63.267,-112.667,1985,800.0,Natural
Northwest Territories,1985CR-009,60.983,-108.2,1985,37396.0,Natural
Northwest Territories,1985CR-010,61.167,-108.2,1985,49376.0,Natural
Northwest Territories,1985CR-020,61.217,-109.95,1985,7000.0,Natural
Northwest Territories,1985CR-011,61.017,-107.2,1985,7000.0,Natural
Northwest Territories,1985CR-015,60.583,-106.533,1985,10850.0,Natural
Northwest Territories,1985CR-016,61.2,-105.917,1985,12000.0,Natural
Northwest Territories,1985CR-017,61.133,-105.75,1985,12750.0,Natural
Northwest Territories,1985CR-012,60.35,-106.717,1985,14800.0,Natural
British Columbia,1985-N30028,51.861,-117.532,1985,356.0,Natural
Alberta,DF1-046-85,58.1044,-116.2719,1985,2462.5,Human
Saskatchewan,CARSON,58.67535086,-103.2068956,1985,12086.69,Natural
Saskatchewan,KERCHER,57.69308246,-106.4873962,1985,261.5438,Natural
Manitoba,1-5-2-85,59.75,-100.0833,1985,243.1,Natural
Northwest Territories,1985CR-004,61.433,-111.433,1985,1160.0,Natural
British Columbia,1985-G20070,53.525,-121.469,1985,3652.0,Natural
British Columbia,1985-N70023,50.64,-116.799,1985,2355.0,Natural
Alberta,DF1-040-85,58.9981,-115.3166,1985,5008.9,Natural
Alberta,DF1-043-85,58.9254,-116.1059,1985,420.1,Natural
Quebec,1985-4032,51.83094,-70.14047,1985,2200.0,Natural
British Columbia,1985-N10063,49.76,-115.51,1985,756.0,Natural
British Columbia,1985-N20027,50.018,-115.595,1985,16676.0,Natural
British Columbia,1985-N20023,50.318,-115.959,1985,1251.0,Human
British Columbia,1985-N10066,49.84,-116.46,1985,299.0,Natural
British Columbia,1985-N10067,49.705,-116.199,1985,2233.0,Natural
British Columbia,1985-G30016,53.568,-120.833,1985,382.0,Natural
British Columbia,1985-N30022,51.879,-117.579,1985,360.0,Natural
British Columbia,1985-N50047,49.883,-117.233,1985,225.0,Natural
British Columbia,1985-N50061,50.655,-117.753,1985,240.0,Natural
British Columbia,1985-N50065,50.318,-118.083,1985,280.0,Natural
British Columbia,1985-N50069,50.789,-117.833,1985,285.0,Natural
Newfoundland and Labrador,1985-611,53.538,-60.471,1985,35150.0,Human
Newfoundland and Labrador,1985-515,49.133,-57.366,1985,730.0,Human
Newfoundland and Labrador,1985-607,54.284,-66.072,1985,15987.0,Human
Newfoundland and Labrador,1985-609,54.004,-66.374,1985,14000.0,Human
Newfoundland and Labrador,1985-608,54.202,-65.655,1985,4700.0,Natural
Quebec,1985-7142,52.60132,-73.20558,1985,41775.0,Natural
Yukon,1985OC002,66.653451,-134.203435,1985,2392.21,Natural
Northwest Territories,1985EV-005,68.3,-132.867,1985,2676.0,Natural
Yukon,1985DA010,65.957472,-137.698372,1985,1074.19,Natural
Yukon,1985OC004,66.983333,-138.266667,1985,1823.13,Natural
British Columbia,1985-VA0003,52.018,-126.575,1985,1127.0,Human
Quebec,1985-7133,54.372,-76.77158,1985,400.0,Natural
Quebec,1985-7137,54.2527,-78.2423,1985,265.0,Natural
Quebec,1985-7129,53.97602,-74.51911,1985,17452.0,Natural
British Columbia,1985-G90055,58.39,-125.687,1985,6522.9,Human
Saskatchewan,DINNER,55.61515852,-109.2337333,1985,2770.07255,Natural
Saskatchewan,HARRY,55.53277397,-107.4834525,1985,345.687,Natural
British Columbia,1985-G90049,59.198,-125.379,1985,38028.102,Human
British Columbia,1985-G90050,59.198,-125.379,1985,38028.102,Human
British Columbia,1985-G90051,59.198,-125.379,1985,38028.102,Human
British Columbia,1985-G90045,58.799,-125.354,1985,541.9,Human
British Columbia,1985-G90048,58.662,-125.062,1985,2773.6,Human
Saskatchewan,BRIAN,58.24872855,-108.3656943,1985,424.819,Natural
British Columbia,1985-G50006,54.796,-125.028,1985,525.5,Human
Saskatchewan,OLIVE,56.599,-105.1979,1985,492.2333,Natural
Yukon,1985DA001,65.533333,-140.7,1985,462.12,Natural
Saskatchewan,GEIKE,57.5781,-104.1771,1985,2349.71,Human
Alberta,85WB022,58.0833,-112.2667,1985,4672.0,Natural
British Columbia,1985-G90042,57.789,-123.776,1985,232.5,Human
British Columbia,1985-G20007,53.89,-121.632,1985,254.2,Human
New Brunswick,1-8-009,47.48,-65.13,1985,280.0,Human
British Columbia,1985-G20006,53.532,-121.583,1985,776.0,Human
Yukon,1985CA003,62.466667,-134.133333,1985,6069.44,Human
British Columbia,1985-G90030,58.948,-125.451,1985,550.0,Human
British Columbia,1985-G90031,58.963,-125.479,1985,313.0,Human
British Columbia,1985-G90039,58.948,-125.451,1985,550.0,Human
Quebec,1985-7118,51.30486,-76.862,1985,426.0,Natural
Yukon,1985CA002,62.619722,-134.5,1985,5848.42,Human
Quebec,1985-7098,48.17116,-77.97303,1985,700.0,Human
Quebec,1985-7101,49.05306,-77.84256,1985,335.0,Human
British Columbia,1985-G90027,58.804,-124.979,1985,270.0,Human
British Columbia,1985-G90019,59.419,-125.629,1985,18884.5,Human
British Columbia,1985-G90024,58.941,-125.437,1985,221.0,Human
British Columbia,1985-G90025,58.883,-125.382,1985,303.0,Human
British Columbia,1985-G90015,59.333,-125.129,1985,2481.3,Human
British Columbia,1985-G60001,56.568,-125.084,1985,1636.2,Human
British Columbia,1985-G70011,55.934,-120.678,1985,1295.0,Human
British Columbia,1985-G70010,55.561,-121.234,1985,489.0,Human
Saskatchewan,BRUSTAD,57.5781,-107.5521,1985,20115.9956,Human
Saskatchewan,LAZY1,57.3802,-106.7188,1985,4535.5444,Human
British Columbia,1985-C50026,52.133,-123.921,1985,948.8,Human
Saskatchewan,TOWER,54.19293642,-105.8688576,1985,503.1798,Human
Alberta,JA3,52.2909,-117.522,1985,283.0,Natural
British Columbia,1985-R90007,58.883,-127.34,1985,28061.0,Human
British Columbia,1985-G90005,58.633,-122.701,1985,872.7,Human
British Columbia,1985-G90006,58.869,-122.785,1985,358.1,Human
British Columbia,1985-G80008,56.47,-122.294,1985,283.0,Human
British Columbia,1985-G70004,56.075,-121.953,1985,812.0,Human
British Columbia,1985-G70006,55.97,-121.243,1985,2078.0,Human
British Columbia,1985-R90003,59.155,-127.587,1985,14370.0,Human
British Columbia,1985-G80004,56.59,-121.743,1985,651.5,Human
British Columbia,1985-G80007,56.927,-122.677,1985,415.0,Human
Alberta,DP1-006-85,56.1754,-117.3894,1985,560.0,Human
New Brunswick,1-5-001,47.43,-66.55,1985,264.0,Human
British Columbia,1985-G80002,56.713,-122.807,1985,632.0,Human
Manitoba,6-5-3-85,51.1618,-97.0774,1985,254.7,Human
New Brunswick,3-2-029,45.88,-64.5,1985,282.0,Human
New Brunswick,3-2-015,45.88,-64.3,1985,400.0,Human
New Brunswick,3-2-006,45.98,-64.32,1985,475.0,Human
Manitoba,3-2-3-85,49.2282,-96.0927,1985,371.4,Human
Manitoba,5-3-50-84,50.4805,-96.2469,1984,290.9,Human
Alberta,DR3-034-84,51.9821,-115.9579,1984,250.2,Human
Ontario,KEN131,50.4453,-94.1375,1984,465.3999939,Natural
Manitoba,5-1-30-84,50.4296,-95.2122,1984,1040.1,Natural
Saskatchewan,OVERPASS,49.99620141,-109.6075146,1984,1538.353,Human
Manitoba,5-2-81-84,51.7864,-95.2497,1984,262.0,Natural
Manitoba,5-2-84-84,51.4808,-95.7822,1984,3540.5,Natural
Manitoba,2-1-31-84,53.416,-101.083,1984,21764.0,Natural
Saskatchewan,ARM,54.98320149,-109.3815742,1984,508.71,Natural
Saskatchewan,UNKNOWN8407,58.5885,-108.5521,1984,1165.9785,Natural
Manitoba,1-6-20-84,55.1875,-97.0861,1984,458.5,Natural
Northwest Territories,1984SM-023,61.867,-112.367,1984,210.0,Natural
Northwest Territories,1984CR-033,60.217,-103.367,1984,550.0,Natural
Ontario,MOO2,53.1953,-84.4584,1984,202.3000031,Natural
Saskatchewan,HORIZON,57.41039131,-106.2118674,1984,766.566,Natural
Saskatchewan,KEN,58.36775336,-102.3635173,1984,1289.275,Natural
Northwest Territories,1984JF-022,60.9,-126.733,1984,350.0,Natural
Manitoba,1-9-2-84,58.5376,-94.2089,1984,1549.4,Natural
Saskatchewan,UNSEEN,56.125,-107.9271,1984,705.847,Natural
British Columbia,1984-G30042,53.532,-120.07,1984,244.4,Natural
Yukon,1984MA010,63.351501,-132.449146,1984,485.38,Natural
Yukon,1984WL010,60.666667,-125.083333,1984,2872.49,Natural
Northwest Territories,84WB050,60.4,-115.05,1984,11783.0,Natural
Ontario,SIO53,53.5391,-91.7084,1984,404.7000122,Natural
Alberta,DF1-072-84,58.8091,-114.9935,1984,470.7,Natural
Alberta,DF1-074-84,59.0271,-114.8329,1984,753.2,Natural
Northwest Territories,1984ZF-045,64.533,-118.283,1984,227.0,Natural
Saskatchewan,BAILEY,59.8906,-103.0313,1984,3417.595,Natural
Alberta,84WB038,59.4833,-114.4333,1984,463.0,Natural
Ontario,RED59,52.6172,-95.1527,1984,50529.10156,Unknown
Alberta,DF2-037-84,58.8672,-116.1904,1984,334.5,Natural
Saskatchewan,SMITH2,58.10493677,-103.5812047,1984,865.4594,Human
Saskatchewan,SARUK,59.849,-102.9167,1984,2969.36,Natural
Manitoba,1-9-1-84,58.756,-98.4015,1984,9708.4,Natural
Northwest Territories,1984CR-026,61.567,-109.0,1984,1100.0,Natural
Northwest Territories,1984CR-027,61.717,-108.133,1984,3100.0,Natural
Alberta,84WB035,59.6167,-114.8667,1984,1986.0,Natural
Saskatchewan,FLETT,58.92186104,-103.9607779,1984,2195.81,Natural
Saskatchewan,PLYPOW,56.4948,-105.8854,1984,12234.165,Natural
Northwest Territories,1984CR-021,60.6,-106.233,1984,4915.0,Natural
Northwest Territories,1984CR-022,60.55,-106.4,1984,475.0,Natural
Northwest Territories,1984CR-023,60.333,-106.45,1984,4250.0,Natural
Northwest Territories,1984CR-029,60.267,-104.717,1984,290.0,Natural
Northwest Territories,1984CR-019,60.05,-104.317,1984,420.0,Natural
Saskatchewan,WOLF2,57.28771614,-109.7976871,1984,350.0,Natural
Saskatchewan,ROWAN,55.8021,-104.6042,1984,5462.064,Natural
Manitoba,1-3-14-84,56.5735,-95.4241,1984,425.1,Natural
Manitoba,1-3-15-84,56.5298,-95.557,1984,723.1,Natural
Manitoba,1-3-11-84,56.5298,-94.8126,1984,1259.1,Natural
Manitoba,1-3-12-84,56.0932,-96.0091,1984,4070.6,Natural
Manitoba,1-3-13-84,56.5006,-95.6008,1984,15300.0,Natural
Newfoundland and Labrador,1984-68,54.367,-58.173,1984,424.0,Natural
Northwest Territories,1984CR-015,61.117,-104.533,1984,514.0,Natural
Northwest Territories,1984CR-020,60.5,-105.217,1984,780.0,Natural
Northwest Territories,1984CR-016,60.683,-103.8,1984,250.0,Natural
Northwest Territories,1984CR-018,60.5,-103.683,1984,390.0,Natural
Northwest Territories,1984JF-016,60.65,-123.9,1984,560.0,Natural
Saskatchewan,LAKE,56.4115,-106.4583,1984,1741.568,Natural
Saskatchewan,IVAN,59.0052,-103.2188,1984,11517.224,Natural
Saskatchewan,ENS,59.02441634,-108.2834367,1984,29169.504,Natural
Saskatchewan,NORWOOD,58.85000007,-107.5369765,1984,68691.522,Natural
Saskatchewan,GUTHRIE,58.9635,-107.9271,1984,13553.233,Natural
Saskatchewan,KALLN,58.349,-108.2396,1984,27970.802,Natural
Saskatchewan,ARCHIBALD2,59.026,-108.3854,1984,400.0,Natural
Saskatchewan,VIRGIN,57.51535389,-107.8376276,1984,6426.2684,Natural
Saskatchewan,PANTHER,57.63853811,-107.9060434,1984,2745.227,Natural
Saskatchewan,RABBIT2,57.4531,-107.9688,1984,200.0,Natural
Saskatchewan,SQUIRREL1,58.83702869,-107.3847486,1984,1444.0,Natural
Saskatchewan,END,57.13233188,-108.0796021,1984,8743.639,Natural
Saskatchewan,ORPHAN,56.4323,-106.6563,1984,27436.633,Natural
Northwest Territories,1984CR-009,62.3,-109.733,1984,1100.0,Natural
Alberta,84WB030,59.55,-115.3333,1984,1954.8,Natural
Ontario,SIO45,52.8985,-90.6251,1984,1011.700012,Natural
Ontario,RED34,53.1484,-93.375,1984,6615.399902,Natural
British Columbia,1984-G70020,54.76,-121.265,1984,1096.0,Natural
British Columbia,1984-R20032,54.003,-126.905,1984,354.0,Human
Alberta,DF1-051-84,58.7672,-114.9337,1984,309.1,Natural
Alberta,DF1-046-84,59.2597,-115.4588,1984,800.0,Natural
Alberta,DF1-048-84,59.376,-114.3528,1984,12264.1,Natural
Alberta,DF1-054-84,59.4051,-114.669,1984,13799.6,Natural
Alberta,DA2-032-84,57.2534,-110.3368,1984,8868.1,Natural
Saskatchewan,OTTER,57.3073,-109.4479,1984,38137.324,Natural
Saskatchewan,BLEASDELL,56.5573,-102.3646,1984,731.333,Natural
Manitoba,5-2-43-84,52.6449,-95.5987,1984,6536.2,Natural
Newfoundland and Labrador,1984-65,55.864,-61.724,1984,1890.0,Natural
Northwest Territories,1984EV-012,67.9,-129.5,1984,315.0,Natural
Northwest Territories,1984EV-013,67.883,-129.317,1984,441.0,Natural
Northwest Territories,1984EV-014,67.917,-129.283,1984,252.0,Natural
Northwest Territories,1984EV-015,67.8,-129.183,1984,260.0,Natural
Alberta,DF1-045-84,58.9254,-114.2894,1984,10233.9,Natural
Saskatchewan,PRIMEAU,55.9792,-107.1771,1984,17151.851,Human
Manitoba,5-2-42-84,52.2375,-95.1611,1984,4655.8,Natural
Ontario,RED36,52.2578,-95.125,1984,34061.60156,Unknown
British Columbia,1984-G90028,59.705,-124.478,1984,960.0,Natural
British Columbia,1984-G30010,52.854,-119.659,1984,388.0,Human
Alberta,DF1-044-84,59.3179,-115.0139,1984,5812.0,Natural
British Columbia,1984-G60007,57.198,-126.776,1984,586.0,Natural
Quebec,1984-7134,54.04497,-74.7981,1984,462.0,Natural
British Columbia,1984-K60029,49.025,-120.565,1984,2228.1,Human
Newfoundland and Labrador,1984-C047,49.798,-55.956,1984,5093.0,Human
Ontario,GER18,52.4922,-87.3473,1984,445.2000122,Natural
Manitoba,5-2-25-84,52.5284,-95.2389,1984,6121.9,Natural
Ontario,SIO37,53.3203,-89.2084,1984,1133.099976,Natural
Ontario,GER14,52.1172,-88.8472,1984,242.8000031,Natural
Saskatchewan,SMITH,58.02586583,-103.5086852,1984,1185.7566,Human
Manitoba,5-2-24-84,52.3102,-95.5181,1984,416.3,Natural
Quebec,1984-5048,50.71163,-71.60134,1984,1250.0,Natural
Saskatchewan,HOLIDAY,54.73150481,-104.5172817,1984,2797.406,Natural
Saskatchewan,DEERING,58.48000441,-102.0495823,1984,523.113,Natural
Ontario,SIO27,53.1641,-91.9306,1984,242.8000031,Natural
Saskatchewan,REIMER,57.33216923,-106.4275741,1984,2435.975,Natural
Ontario,GER11,52.6797,-88.6528,1984,202.3000031,Natural
Yukon,1984OC015,66.410312,-134.139581,1984,420.63,Natural
Yukon,1984OC016,66.056511,-134.239963,1984,392.45,Natural
Yukon,1984OC017,66.066667,-134.4,1984,411.86,Natural
Northwest Territories,1984EV-009,67.117,-129.2,1984,5799.0,Natural
Northwest Territories,1984ZF-035,64.7,-118.383,1984,300.0,Natural
Yukon,1984MA008,65.815907,-134.637173,1984,2353.56,Natural
Yukon,1984RR003,63.0,-132.649722,1984,397.76,Natural
Northwest Territories,1984VQ-027,64.767,-125.5,1984,320.0,Natural
Yukon,1984MA005,63.33096,-134.713053,1984,347.08,Natural
Northwest Territories,1984VQ-022,66.75,-126.45,1984,624.0,Natural
Northwest Territories,1984ZF-023,62.667,-117.5,1984,300.0,Natural
Northwest Territories,1984ZF-019,64.267,-117.7,1984,850.0,Natural
Northwest Territories,1984VQ-011,65.733,-123.467,1984,1498.0,Natural
Northwest Territories,1984VQ-013,65.733,-122.467,1984,4035.0,Natural
Saskatchewan,HIGGINSON,59.4014083,-104.7168235,1984,930.1829,Natural
Yukon,1984CA003,62.166494,-136.571531,1984,444.64,Natural
Yukon,1984CA004,62.34521,-137.028046,1984,4627.55,Natural
Yukon,1984OC011,67.099722,-137.35,1984,994.14,Natural
Northwest Territories,1984ZF-014,64.783,-116.217,1984,320.0,Natural
Northwest Territories,1984ZF-015,64.783,-116.5,1984,720.0,Natural
Northwest Territories,1984EV-003,68.017,-130.483,1984,378.0,Natural
Yukon,1984OC010,67.949722,-138.83,1984,5621.82,Natural
Saskatchewan,HORSE,56.77961688,-109.316572,1984,205.791,Natural
Saskatchewan,THORSON,56.0677,-104.5313,1984,265.1488,Natural
Saskatchewan,LARD,55.86169344,-103.8627207,1984,474.642,Natural
Saskatchewan,COCHRANE,58.77622388,-102.9754497,1984,323.619,Natural
Alberta,DA2-015-84,57.1752,-110.2363,1984,203.0,Natural
Saskatchewan,RON2,56.49677435,-106.1187999,1984,12150.0,Natural
Alberta,DF1-032-84,58.8326,-115.004,1984,246.7,Natural
Alberta,DS6-005-84,56.1063,-114.3175,1984,212.4,Natural
Yukon,1984DA003,65.730543,-137.214726,1984,565.83,Natural
Northwest Territories,1984HY-010,60.75,-118.7,1984,1700.0,Natural
Ontario,RED16,51.2266,-93.625,1984,667.7000122,Natural
Saskatchewan,PISEW,55.19958815,-106.1040361,1984,251.672,Natural
Saskatchewan,WALKER,55.5729,-104.8125,1984,1075.937,Natural
Manitoba,1-7-7-84,53.8962,-94.6018,1984,255.5,Human
Saskatchewan,WEYAKWIN,54.81252427,-105.8383548,1984,5193.725,Natural
Manitoba,5-1-14-84,50.3479,-96.2008,1984,200.0,Human
Ontario,GER8,52.8515,-88.5139,1984,1511.5,Human
Manitoba,1-6-1-84,54.2272,-95.0151,1984,229.9,Natural
Northwest Territories,84WB007,60.5,-113.75,1984,2800.0,Natural
British Columbia,1984-G90012,60.165,-123.865,1984,5956.0,Natural
Yukon,1984WL001,60.009735,-123.862807,1984,1317.38,Natural
Ontario,GER7,52.9297,-88.9306,1984,7486.700195,Natural
Manitoba,3-8-21-84,50.0017,-96.3589,1984,554.0,Human
Ontario,THU29,48.6172,-89.3625,1984,202.3000031,Human
Ontario,THU31,48.6485,-90.2125,1984,1985.400024,Human
Ontario,SIO17,52.4766,-91.125,1984,3257.300049,Natural
Ontario,THU30,49.6797,-90.2125,1984,2428.100098,Human
Manitoba,5-1-8-84,50.0975,-96.3475,1984,400.0,Human
Manitoba,5-1-10-84,50.3626,-96.27,1984,463.8,Human
Manitoba,3-8-24-84,49.8766,-96.3783,1984,1826.2,Human
Manitoba,5-3-15-84,50.9751,-96.26,1984,1794.7,Human
Manitoba,3-8-26-84,49.685,-96.3101,1984,205.4,Human
British Columbia,1984-G70002,55.97,-121.467,1984,220.0,Human
Alberta,84WB001,58.7333,-111.2667,1984,400.0,Human
Alberta,DL1-002-84,54.4821,-110.2504,1984,200.0,Human
Ontario,KLK5,48.4922,-79.8626,1984,2144.800049,Human
Manitoba,6-10-4-84,50.7898,-97.4463,1984,231.0,Human
Manitoba,6-7-9-84,51.0844,-98.1252,1984,2852.5,Human
Manitoba,6-5-4-84,51.2281,-97.253,1984,320.0,Human
Manitoba,7-1-10-84,50.9886,-99.0736,1984,529.9,Human
Ontario,KEN23,50.211,-94.9125,1984,2074.399902,Human
Saskatchewan,JACKFISH,54.3087364,-108.374222,1984,1344.298,Human
Manitoba,6-8-6-84,51.7391,-98.5856,1984,204.4,Human
British Columbia,1984-G90002,59.412,-125.95,1984,1034.0,Human
Saskatchewan,ELM,53.9499229,-102.4333109,1984,238.4847,Human
Manitoba,7-2-8-84,51.4954,-99.2039,1984,202.5,Human
Manitoba,6-8-3-84,51.7718,-99.2409,1984,710.3,Human
Manitoba,7-2-10-84,51.5027,-99.2976,1984,1313.4,Human
Manitoba,6-8-4-84,51.7573,-98.5088,1984,303.5,Human
Manitoba,6-8-2-84,51.7282,-98.3435,1984,813.8,Human
Manitoba,5-6-1-84,49.9206,-96.4161,1984,428.3,Human
Manitoba,7-1-8-84,50.9665,-99.2551,1984,1178.7,Human
Manitoba,6-10-3-84,50.7456,-97.7484,1984,702.0,Human
Ontario,FOR7,48.7453,-94.4963,1984,259.0,Human
Manitoba,6-7-5-84,51.0881,-98.2774,1984,786.6,Human
Manitoba,6-6-3-84,51.1876,-97.9145,1984,1662.2,Human
Ontario,KEN17,50.1797,-94.9125,1984,404.7000122,Human
Saskatchewan,VANSCOY,52.0119,-106.7854,1984,202.0,Human
Saskatchewan,ACREAGE,51.90129986,-106.8353837,1984,202.0,Human
Manitoba,6-7-3-84,51.1139,-98.055,1984,4138.0,Human
Manitoba,6-6-1-84,51.2539,-97.8091,1984,2798.6,Human
Manitoba,4-6-2-84,50.7014,-99.166,1984,953.9,Human
Manitoba,7-1-7-84,50.7714,-99.195,1984,3035.3,Human
Saskatchewan,JOHNSON,54.18415764,-108.2141756,1984,924.815,Human
Manitoba,6-7-4-84,51.0992,-97.7974,1984,1526.0,Human
Manitoba,6-5-2-84,51.0955,-97.0481,1984,850.1,Human
Manitoba,3-8-14-84,49.7439,-96.401,1984,3955.9,Human
British Columbia,1984-G80006,56.818,-122.163,1984,204.0,Natural
Alberta,DF1-004-84,58.4619,-114.3946,1984,617.6,Human
Alberta,DF1-007-84,58.491,-115.0777,1984,592.2,Human
Alberta,DS2-003-84,55.3048,-114.8536,1984,291.7,Human
Alberta,DL4-002-84,55.0729,-112.8614,1984,235.7,Human
Manitoba,3-8-20-84,50.0513,-95.8825,1984,1939.3,Human
British Columbia,1984-C50003,51.948,-123.15,1984,308.1,Human
Alberta,DF3-003-84,58.7014,-118.9887,1984,1501.0,Human
Alberta,DF3-002-84,58.8068,-118.7915,1984,9876.6,Human
Manitoba,4-6-1-84,50.6424,-98.98,1984,916.7,Human
Manitoba,7-1-5-84,50.7714,-99.0904,1984,766.2,Human
Manitoba,7-1-4-84,51.0918,-99.0911,1984,457.4,Human
Manitoba,7-1-3-84,51.0365,-99.0794,1984,870.7,Human
Manitoba,7-2-3-84,51.83,-99.4771,1984,219.0,Human
Manitoba,7-1-2-84,50.9923,-99.0326,1984,1317.2,Human
Manitoba,7-1-1-84,51.0071,-99.2258,1984,3273.0,Human
Alberta,DS4-005-84,55.1814,-116.4557,1983,200.7,Human
Manitoba,5-3-41-83,50.4215,-96.1086,1983,307.7,Human
Ontario,RED184,51.3985,-95.125,1983,274.7999878,Natural
Manitoba,5-2-92-83,51.7864,-95.7221,1983,3327.9,Natural
Manitoba,5-4-46-83,51.2044,-95.8879,1983,8234.0,Natural
Manitoba,5-2-91-83,51.3644,-95.7119,1983,15116.0,Natural
Ontario,NIP73,50.0703,-89.9624,1983,546.2999878,Natural
Ontario,RED166,50.7578,-95.0375,1983,24281.19922,Natural
Ontario,RED162,50.6172,-93.9376,1983,404.7000122,Natural
Ontario,RED157,50.5547,-94.2626,1983,2565.699951,Natural
Manitoba,5-3-34-83,50.666,-95.9919,1983,10255.0,Natural
Manitoba,5-4-48-83,50.797,-95.5995,1983,25419.0,Natural
Manitoba,5-1-42-83,50.4769,-95.1778,1983,1098.9,Natural
Manitoba,5-2-89-83,52.0628,-95.6133,1983,3684.6,Natural
Manitoba,5-1-40-83,50.5642,-95.6132,1983,13591.0,Natural
Quebec,1983-6276,47.19634,-75.8148,1983,280.0,Human
Ontario,SIO155,52.0234,-91.6528,1983,259.0,Natural
Ontario,SIO157,52.1953,-89.9305,1983,242.8000031,Natural
Ontario,RED169,51.5703,-94.0694,1983,1274.800049,Natural
Ontario,RED149,50.7578,-94.3375,1983,21596.5,Natural
Ontario,SIO156,52.1641,-92.3472,1983,1214.099976,Natural
Ontario,RED173,52.4453,-93.3472,1983,6070.299805,Natural
Ontario,SIO159,52.4453,-92.375,1983,712.2000122,Natural
Ontario,RED139,52.4609,-94.6527,1983,4856.200195,Natural
Ontario,RED152,52.1484,-95.0695,1983,323.7000122,Natural
Ontario,RED142,52.4765,-93.0972,1983,809.4000244,Natural
Ontario,RED140,52.461,-92.625,1983,890.2999878,Natural
Ontario,RED151,51.9922,-95.0416,1983,242.8000031,Natural
Alberta,83WB030,59.7833,-114.4833,1983,632.8,Natural
Ontario,RED150,51.8203,-95.0972,1983,132975.0,Natural
Ontario,RED147,51.3359,-94.7084,1983,2428.100098,Natural
Ontario,SIO125,52.211,-92.0972,1983,3480.300049,Natural
Ontario,RED125,52.4922,-94.3472,1983,404.7000122,Natural
Ontario,RED115,52.4765,-93.5972,1983,748.7000122,Natural
Northwest Territories,1983CR-013,60.45,-103.217,1983,4300.0,Natural
Ontario,GER75,49.3985,-86.6625,1983,1416.400024,Human
Ontario,SIO123,52.1328,-90.8472,1983,259.0,Natural
Ontario,KEN73,50.3984,-94.9625,1983,84977.29688,Natural
Ontario,GER65,52.3203,-87.5139,1983,4046.899902,Natural
Manitoba,6-9-6-83,53.998,-99.5024,1983,828.9,Natural
Saskatchewan,STONE,58.3906,-107.4479,1983,949.0,Natural
Saskatchewan,RIVER,58.5573,-107.8021,1983,5622.319,Natural
Saskatchewan,LIVING,58.3594,-107.6146,1983,13376.274,Natural
Saskatchewan,BUSH,58.474,-106.1563,1983,494.0,Natural
Saskatchewan,BESNARD,55.4583,-106.0938,1983,468.1529,Natural
Ontario,RED82,50.6797,-95.1376,1983,693.5999756,Natural
Saskatchewan,COW,57.4479,-108.2292,1983,1002.379,Natural
Manitoba,5-2-39-83,51.4226,-96.2509,1983,358.5,Natural
Manitoba,5-2-40-83,52.7758,-96.1158,1983,7744.3,Natural
Ontario,RED95,52.1172,-92.5138,1983,3399.399902,Natural
Ontario,RED79,51.3203,-94.625,1983,890.2999878,Natural
Saskatchewan,CYRIL,56.8177,-105.1979,1983,2024.29,Natural
Ontario,RED64,53.7266,-92.9306,1983,202.3000031,Natural
Ontario,SIO101,52.4765,-92.2083,1983,210.3999939,Natural
Ontario,SIO93,52.6328,-89.9306,1983,1133.099976,Natural
Ontario,GER39,52.9922,-87.4028,1983,465.3999939,Natural
Ontario,SIO85,53.0234,-91.4305,1983,679.9000244,Natural
Ontario,SIO96,52.836,-89.0416,1983,768.9000244,Natural
Ontario,SIO81,53.961,-90.3472,1983,5470.100098,Natural
Ontario,SIO89,53.0859,-91.9583,1983,1157.400024,Natural
Ontario,RED65,53.7734,-93.0973,1983,8303.299805,Natural
Ontario,SIO92,52.7109,-89.9583,1983,6960.600098,Natural
Ontario,SIO100,52.539,-92.0972,1983,315.7000122,Natural
Ontario,GER38,52.0547,-87.2083,1983,688.0,Natural
Ontario,SIO83,53.9766,-90.8749,1983,526.0999756,Natural
Ontario,SIO99,53.5547,-91.875,1983,1651.099976,Natural
Ontario,SIO102,52.3672,-89.9861,1983,429.0,Natural
Ontario,GER47,53.1016,-88.8471,1983,10708.0,Natural
Ontario,SIO94,52.5391,-89.8472,1983,344.0,Natural
Ontario,RED50,52.6172,-93.2083,1983,4046.899902,Natural
Saskatchewan,MCLEOD,58.5247033,-106.303415,1983,618.051,Natural
Saskatchewan,KENNY,58.06348812,-104.0883937,1983,201.927,Natural
Saskatchewan,KALLIN,58.474,-108.1563,1983,578.0,Natural
Saskatchewan,SNARE,58.38011891,-107.8175158,1983,230.0,Natural
Saskatchewan,SHERRY,58.46324874,-107.9790423,1983,2257.635,Natural
Northwest Territories,1983FS-101,63.5,-125.5,1983,6050.0,Natural
Northwest Territories,1983FS-102,63.433,-125.667,1983,6750.0,Natural
Ontario,GER32,53.0547,-88.0417,1983,2140.800049,Natural
Northwest Territories,1983VQ-058,65.683,-122.667,1983,1100.0,Natural
Yukon,1983DA029,64.222398,-138.586447,1983,414.6,Natural
Northwest Territories,1983EV-031,66.35,-135.2,1983,933.0,Natural
Northwest Territories,1983EV-035,66.6,-133.467,1983,315.0,Natural
Northwest Territories,1983EV-029,67.067,-132.2,1983,2084.0,Natural
Northwest Territories,1983EV-030,67.05,-132.183,1983,226.0,Natural
Northwest Territories,1983EV-032,66.5,-133.333,1983,693.0,Natural
Northwest Territories,1983EV-033,66.367,-133.417,1983,226.0,Natural
Northwest Territories,1983EV-034,66.467,-133.517,1983,2053.0,Natural
Northwest Territories,1983EV-022,67.067,-135.083,1983,277.0,Natural
Northwest Territories,1983EV-023,67.25,-134.667,1983,895.0,Natural
Northwest Territories,1983VQ-052,64.9,-124.25,1983,4360.2,Natural
Saskatchewan,ZEBRA,58.09271211,-108.4805393,1983,716.922,Natural
Northwest Territories,1983FS-084,63.083,-124.967,1983,2142.0,Natural
Ontario,SIO78,52.711,-91.125,1983,323.7000122,Natural
Ontario,RED20,53.086,-94.7084,1983,8093.700195,Natural
Ontario,RED19,53.086,-94.0695,1983,752.7000122,Natural
Ontario,SIO70,52.1328,-91.3194,1983,655.5999756,Natural
Ontario,SIO68,52.1172,-92.4861,1983,6280.700195,Natural
Yukon,1983MA048,63.126225,-137.641077,1983,1026.38,Natural
Northwest Territories,1983FS-080,60.167,-119.017,1983,660.0,Natural
Ontario,GER24,52.9141,-87.7639,1983,890.2999878,Natural
Ontario,GER23,52.6016,-88.8194,1983,364.2000122,Natural
Ontario,SIO52,51.9922,-90.5138,1983,607.0,Natural
Ontario,SIO50,51.1953,-91.9861,1983,202.3000031,Natural
Ontario,SIO51,52.3828,-89.625,1983,364.2000122,Natural
Newfoundland and Labrador,1983-117,54.453,-59.377,1983,1625.0,Natural
Saskatchewan,PINE,58.71251405,-105.864659,1983,2367.067,Natural
Saskatchewan,LYLE,57.40474454,-104.642721,1983,1010.916,Natural
Yukon,1983OC004,67.3,-137.35,1983,800.0,Natural
Northwest Territories,1983VQ-045,66.267,-130.067,1983,595.0,Natural
Northwest Territories,1983HY-017,60.583,-115.167,1983,450.0,Natural
Saskatchewan,BLAIR,57.2680645,-105.0067788,1983,500.0,Natural
Saskatchewan,GUNN,57.27923786,-104.9024106,1983,2078.337,Natural
Northwest Territories,1983JF-028,61.867,-125.5,1983,600.0,Natural
Northwest Territories,1983VQ-042,64.75,-123.1,1983,203.75,Natural
Yukon,1983MA045,63.119722,-137.58,1983,1303.28,Natural
Ontario,SIO47,50.8047,-91.6375,1983,404.7000122,Natural
Quebec,1983-5117,51.131,-74.80037,1983,112500.0,Natural
Saskatchewan,TIM,56.4047996,-103.1329767,1983,830.054,Human
Yukon,1983MA044,64.079282,-136.709517,1983,824.79,Natural
Northwest Territories,1983FS-074,63.083,-120.083,1983,930.0,Natural
Quebec,1983-7302,50.84233,-76.37394,1983,915.0,Natural
Quebec,1983-5107,49.99761,-74.97901,1983,260.0,Natural
Yukon,1983DA022,63.349868,-139.1259,1983,599.33,Natural
Yukon,1983WL032,60.7,-125.483333,1983,260.58,Natural
Northwest Territories,1983FS-072,62.3,-124.85,1983,570.0,Natural
Northwest Territories,1983ZF-019,64.717,-119.367,1983,2124.0,Natural
Yukon,1983MA035,64.059722,-133.05,1983,436.17,Natural
Yukon,1983MA036,63.953381,-133.097415,1983,1343.82,Natural
Yukon,1983WL024,60.133333,-126.25,1983,7331.54,Natural
Northwest Territories,1983FS-071,62.183,-124.267,1983,840.0,Natural
Yukon,1983MA034,63.165754,-135.657536,1983,265.85,Natural
Yukon,1983RR018,62.592095,-131.360719,1983,1225.88,Natural
Northwest Territories,1983ZF-014,64.95,-119.217,1983,379.0,Natural
Northwest Territories,1983FS-065,63.667,-121.75,1983,12840.0,Natural
Northwest Territories,1983NP-001,61.883,-126.967,1983,560.0,Natural
Northwest Territories,1983NP-003,61.533,-125.75,1983,440.0,Natural
Northwest Territories,1983JF-022,61.283,-125.667,1983,240.0,Natural
Northwest Territories,1983NP-002,61.617,-125.5,1983,1960.0,Natural
Saskatchewan,HARA,59.1302,-102.0104,1983,1467.044,Human
Northwest Territories,1983ZF-013,65.417,-119.317,1983,842.0,Natural
Northwest Territories,1983VQ-031,64.65,-124.233,1983,441.21,Natural
Northwest Territories,1983FS-056,63.283,-125.15,1983,2475.0,Natural
Northwest Territories,1983FS-057,63.117,-124.533,1983,6600.0,Natural
Northwest Territories,1983FS-059,63.5,-124.833,1983,5180.0,Natural
Northwest Territories,1983FS-061,63.883,-124.933,1983,25000.0,Natural
Northwest Territories,1983FS-062,63.75,-124.75,1983,28320.0,Natural
Northwest Territories,1983FS-058,62.533,-124.883,1983,345.0,Natural
Northwest Territories,1983FS-060,63.483,-124.867,1983,315.0,Natural
Northwest Territories,1983FS-052,62.783,-120.05,1983,800.0,Natural
Northwest Territories,1983FS-063,62.617,-119.367,1983,300.0,Natural
Northwest Territories,1983JF-023,62.45,-128.667,1983,5118.0,Natural
Quebec,1983-7432,51.70444,-76.46953,1983,500.0,Natural
Yukon,1983CA007,62.983333,-136.22,1983,968.35,Natural
Northwest Territories,1983ZF-010,65.267,-117.95,1983,708.0,Natural
Northwest Territories,1983CR-003,60.8,-108.217,1983,200.0,Natural
Northwest Territories,1983VQ-015,64.8,-126.617,1983,285.25,Natural
Northwest Territories,1983VQ-022,65.917,-126.5,1983,416.0,Natural
Northwest Territories,1983FS-040,63.833,-123.667,1983,4300.0,Natural
Northwest Territories,1983FS-042,63.883,-123.283,1983,10080.0,Natural
Northwest Territories,1983ZF-009,64.033,-119.383,1983,2556.0,Natural
Northwest Territories,1983FS-044,63.75,-122.167,1983,8020.0,Natural
Northwest Territories,1983FS-045,63.65,-122.083,1983,6000.0,Natural
Saskatchewan,LINNELL,59.9948,-108.3021,1983,4711.425,Natural
Newfoundland and Labrador,1983-W78,49.226,-57.226,1983,203.0,Human
Northwest Territories,1983VQ-005,64.817,-126.5,1983,2756.9,Natural
Northwest Territories,1983VQ-008,65.2,-126.0,1983,529.0,Natural
Northwest Territories,1983VQ-013,64.317,-123.433,1983,1948.5,Natural
Northwest Territories,1983FS-032,63.2,-124.25,1983,3500.0,Natural
Northwest Territories,1983FS-033,64.0,-125.267,1983,220.0,Natural
Northwest Territories,1983FS-037,63.55,-125.333,1983,5450.0,Natural
Northwest Territories,1983FS-038,63.3,-124.967,1983,1263.0,Natural
Northwest Territories,1983ZF-008,64.383,-118.7,1983,809.0,Natural
Northwest Territories,1983FS-026,63.317,-124.183,1983,11000.0,Natural
Northwest Territories,1983FS-036,63.133,-125.583,1983,2072.0,Natural
Northwest Territories,1983FS-031,62.233,-120.133,1983,3000.0,Natural
Northwest Territories,1983FS-029,60.25,-119.05,1983,24240.0,Natural
Northwest Territories,1983FS-024,60.05,-119.383,1983,1400.0,Natural
Northwest Territories,1983HY-009,61.45,-116.2,1983,1350.0,Natural
Northwest Territories,1983FS-020,62.467,-119.4,1983,1920.0,Natural
Yukon,1983DA012,64.383333,-139.416667,1983,1058.3,Natural
Yukon,1983WL008,60.429024,-125.438741,1983,9098.11,Natural
Yukon,1983BC003,62.88,-141.0,1983,356.95,Natural
Northwest Territories,1983JF-007,61.117,-125.067,1983,1040.0,Natural
Northwest Territories,1983NP-005,61.5,-125.917,1983,1240.0,Natural
Yukon,1983RR004,62.805404,-131.167934,1983,520.83,Natural
Yukon,1983WL005,61.321941,-128.309039,1983,1806.65,Natural
Yukon,1983MA010,63.140662,-134.633235,1983,686.76,Natural
Yukon,1983RR002,62.698454,-132.397922,1983,3202.75,Natural
Yukon,1983RR003,62.697016,-132.77963,1983,467.38,Natural
Yukon,1983CA004,62.472914,-136.977359,1983,875.58,Natural
Yukon,1983CA006,62.779722,-136.283333,1983,3047.58,Natural
Yukon,1983RR011,62.029722,-131.5,1983,300.02,Natural
Yukon,1983WL010,60.266667,-124.8,1983,9266.37,Natural
Yukon,1983DA011,64.73843,-140.572329,1983,717.67,Natural
Yukon,1983DA010,64.176895,-137.126134,1983,379.27,Natural
Yukon,1983DA005,64.149921,-137.232806,1983,969.96,Natural
Yukon,1983MA009,63.566667,-134.85,1983,1705.0,Natural
Quebec,1983-5085,49.04676,-72.87276,1983,260.0,Natural
Yukon,1983MA003,63.68,-135.166667,1983,851.74,Natural
Quebec,1983-4045,51.82284,-67.44617,1983,1900.0,Natural
Quebec,1983-5077,49.51799,-73.53485,1983,44750.0,Natural
Quebec,1983-4036,49.24131,-62.70868,1983,6300.0,Natural
Quebec,1983-5081,48.38639,-72.95937,1983,2495.0,Natural
Quebec,1983-7268,53.55486,-77.65153,1983,1087.0,Human
Ontario,CHA5,47.8672,-83.1125,1983,955.0999756,Human
Saskatchewan,MAGRATH,59.87676595,-108.2051868,1983,4198.628,Natural
Quebec,1983-5123,51.40978,-73.84025,1983,237.0,Natural
Newfoundland and Labrador,1983-63,54.296,-67.466,1983,3700.0,Natural
Newfoundland and Labrador,1983-57,53.87,-66.98,1983,6562.0,Natural
Newfoundland and Labrador,1993-616,53.287,-63.351,1993,1300.0,Natural
Ontario,SIO37,53.3203,-91.6528,1983,222.6000061,Natural
Ontario,MOO6,50.711,-81.0875,1983,283.2999878,Natural
Ontario,GER16,52.539,-87.0972,1983,3150.100098,Natural
Quebec,1983-7263,52.20354,-75.8304,1983,13520.0,Natural
Quebec,1983-7292,52.2536,-75.31864,1983,700.0,Natural
Quebec,1983-5070,50.68016,-71.43613,1983,17975.0,Natural
Ontario,SIO35,52.6797,-89.514,1983,5260.899902,Natural
Quebec,1983-7240,55.32195,-71.13505,1983,8650.0,Natural
Quebec,1983-7252,54.40978,-70.80243,1983,2900.0,Natural
Quebec,1983-7230,52.55846,-74.58827,1983,17300.0,Natural
Quebec,1983-5067,50.03597,-73.53993,1983,220.0,Natural
Quebec,1983-5069,49.74581,-73.69015,1983,252.0,Natural
Quebec,1983-3045,48.76349,-74.99864,1983,14535.1,Natural
New Brunswick,1-2-008,47.67,-66.47,1983,590.0,Human
Ontario,SIO33,52.9922,-91.4583,1983,242.8000031,Natural
Alberta,DL9-003-83,54.9894,-111.0249,1983,298.1,Human
Saskatchewan,ELK,56.62537007,-109.3091115,1983,7314.104,Human
Quebec,1983-7241,51.50899,-77.98411,1983,7840.0,Natural
Quebec,1983-7260,52.06205,-77.85962,1983,328.0,Natural
Quebec,1983-7261,52.08513,-77.7865,1983,34930.0,Natural
Quebec,1983-7244,54.46523,-74.44894,1983,22237.0,Natural
Quebec,1983-7246,54.41427,-74.73764,1983,14163.0,Natural
Quebec,1983-7247,54.51079,-74.81474,1983,45090.0,Natural
Quebec,1983-7248,54.88729,-75.22029,1983,26000.0,Natural
Quebec,1983-7265,54.23951,-75.32872,1983,18532.0,Natural
Quebec,1983-7242,54.34952,-73.77161,1983,9116.0,Natural
Quebec,1983-7258,54.93375,-72.82864,1983,6819.0,Natural
Quebec,1983-7259,53.23502,-74.86859,1983,13556.0,Natural
Quebec,1983-5105,50.36481,-75.13847,1983,6100.0,Natural
Quebec,1983-7229,51.59862,-75.65074,1983,65690.0,Natural
Quebec,1983-7235,51.13819,-75.1726,1983,30000.0,Natural
Quebec,1983-7236,51.19185,-75.66523,1983,650.0,Natural
Quebec,1983-7237,51.58513,-75.24711,1983,260.0,Natural
Quebec,1983-5063,50.56835,-71.57484,1983,87475.0,Natural
Quebec,1983-7209,49.39089,-76.54465,1983,1804.0,Human
Quebec,1983-3030,48.32734,-74.0414,1983,24595.6,Natural
Quebec,1983-3032,48.10582,-73.93266,1983,33601.0,Natural
Northwest Territories,1983FS-016,60.483,-119.5,1983,460.0,Natural
Ontario,MOO4,50.8828,-80.7625,1983,1214.099976,Natural
Quebec,1983-7224,52.01259,-76.231,1983,15180.0,Natural
Quebec,1983-7262,54.82374,-77.63545,1983,35000.0,Natural
Quebec,1983-7311,54.92926,-77.62597,1983,4450.0,Natural
Quebec,1983-7215,53.1301,-77.94304,1983,5850.0,Natural
Quebec,1983-7232,53.1211,-77.0099,1983,2500.0,Natural
Quebec,1983-7233,52.90078,-75.88685,1983,19200.0,Natural
Quebec,1983-7234,52.60312,-75.72631,1983,35100.0,Natural
Quebec,1983-7212,50.54676,-75.50549,1983,570.0,Natural
Quebec,1983-3027,47.20444,-73.68778,1983,330.0,Natural
Newfoundland and Labrador,1983-54,53.597,-66.294,1983,500.0,Natural
Newfoundland and Labrador,1983-45,53.107,-66.9,1983,1130.0,Natural
Ontario,GER12,53.2266,-88.3194,1983,48157.60156,Natural
Quebec,1983-7195,51.40708,-78.52422,1983,1900.0,Human
Northwest Territories,1983EV-005,67.083,-133.767,1983,949.23,Natural
Ontario,MOO3,52.3828,-84.2639,1983,202.3000031,Natural
Quebec,1983-7176,52.20714,-77.16226,1983,515.0,Natural
Quebec,1983-7184,52.12021,-76.93409,1983,4210.0,Natural
Quebec,1983-7185,52.0036,-76.69595,1983,220.0,Natural
Quebec,1983-7187,51.55396,-77.51969,1983,200.0,Natural
Quebec,1983-7188,51.71613,-77.47968,1983,25555.0,Natural
Quebec,1983-7192,51.33094,-78.53008,1983,328.0,Natural
Quebec,1983-7219,52.25809,-77.36818,1983,2660.0,Natural
Quebec,1983-7220,52.33963,-77.48528,1983,4240.0,Natural
Quebec,1983-7221,52.36931,-77.40341,1983,2520.0,Natural
Quebec,1983-7200,52.94005,-75.77364,1983,320.0,Natural
Quebec,1983-7206,52.10851,-75.84931,1983,2260.0,Natural
Quebec,1983-5041,50.58783,-74.99717,1983,236.0,Natural
Quebec,1983-7186,51.52338,-77.45953,1983,62500.0,Natural
Quebec,1983-7191,51.63819,-76.78117,1983,15382.0,Natural
Quebec,1983-7197,52.10312,-75.97511,1983,10800.0,Natural
Quebec,1983-7201,51.69634,-76.46953,1983,35640.0,Natural
Quebec,1983-7211,50.26079,-75.54535,1983,48215.0,Natural
Ontario,SIO28,52.4766,-90.9028,1983,3844.5,Natural
Ontario,GOG2,47.4922,-81.3375,1983,323.2999878,Human
Ontario,SIO25,52.5079,-91.0417,1983,2832.800049,Natural
Ontario,GER9,52.3203,-88.7638,1983,374.2999878,Natural
Ontario,SIO27,52.9141,-89.8195,1983,242.8000031,Natural
Ontario,SIO24,52.9297,-91.5695,1983,2428.100098,Natural
Ontario,RED10,52.2422,-92.5139,1983,283.2999878,Natural
Ontario,GER10,51.6172,-85.9861,1983,323.7000122,Natural
Alberta,DW4-009-83,54.6994,-115.4029,1983,945.1,Human
British Columbia,1983-G80004,56.977,-122.294,1983,8728.0,Human
British Columbia,1983-G90022,58.47,-124.187,1983,1131.0,Human
British Columbia,1983-G90023,58.398,-124.382,1983,1468.0,Human
British Columbia,1983-G90024,58.47,-124.437,1983,297.0,Human
British Columbia,1983-G90025,58.51,-124.298,1983,1106.0,Human
British Columbia,1983-G90026,58.611,-124.298,1983,264.0,Human
British Columbia,1983-C10024,53.177,-123.533,1983,2432.6,Human
British Columbia,1983-R20011,54.177,-126.642,1983,18208.0,Human
British Columbia,1983-G60009,57.575,-124.816,1983,8242.0,Human
British Columbia,1983-G70013,55.883,-120.863,1983,1062.0,Human
Saskatchewan,PORTER,56.276,-107.4063,1983,1520.203,Natural
British Columbia,1983-G90012,57.912,-123.884,1983,3443.0,Human
Saskatchewan,MACALLUM,55.05093762,-108.3348369,1983,2906.792,Human
British Columbia,1983-G90015,58.361,-124.951,1983,2458.0,Human
British Columbia,1983-G90016,58.412,-125.132,1983,891.0,Human
British Columbia,1983-G90013,58.097,-123.798,1983,6819.0,Human
British Columbia,1983-G90014,58.539,-124.437,1983,2145.0,Human
Saskatchewan,SANDY LAKE,53.349,-106.9688,1983,202.0,Human
British Columbia,1983-G70006,48.205,-122.386,1983,2658.1,Human
British Columbia,1983-G70015,56.201,-121.062,1983,292.0,Human
British Columbia,1983-G40012,53.898,-124.182,1983,268.8,Human
Saskatchewan,SHEASBY,54.11248933,-109.8554306,1983,815.64,Human
British Columbia,1983-R90007,57.919,-131.216,1983,370.0,Human
Ontario,FOR10,48.789,-94.5125,1983,607.0,Human
Manitoba,6-6-6-83,51.3062,-97.7977,1983,816.9,Human
Manitoba,7-1-2-83,50.834,-99.1601,1983,3694.8,Human
British Columbia,1983-G90002,58.76,-124.965,1983,351.0,Human
Manitoba,3-2-3-83,49.2246,-96.0814,1983,217.8,Human
Manitoba,5-6-1-83,49.8471,-96.3783,1983,355.1,Human
Alberta,DS4-001-83,55.4142,-116.084,1983,735.6,Human
Manitoba,6-6-11-82,51.3062,-97.704,1982,552.9,Human
British Columbia,1982-V80054,49.662,-125.565,1982,396.0,Human
Yukon,1982DA030,63.054499,-140.423686,1982,2062.0,Natural
Northwest Territories,1982CR-030,60.616,-104.832,1982,4424.0,Natural
British Columbia,1982-R90046,59.386,-132.879,1982,264.0,Human
Manitoba,6-9-8-82,53.0668,-99.1521,1982,330.2,Natural
Northwest Territories,1982CR-032,61.755,-110.691,1982,519.0,Natural
Quebec,1982-4043,51.95714,-68.32604,1982,216.0,Natural
Newfoundland and Labrador,1982-126,52.541,-61.458,1982,234.0,Natural
Northwest Territories,1982CR-037,60.586,-108.037,1982,389.0,Natural
Ontario,COC8,49.4297,-80.8875,1982,263.0,Natural
British Columbia,1982-R90041,59.941,-128.45,1982,1200.0,Human
Saskatchewan,PAT2,56.29603694,-103.0209109,1982,2204.162,Human
British Columbia,1982-R90039,59.075,-129.714,1982,9631.4,Human
Quebec,1982-7214,54.22512,-75.25,1982,1065.0,Natural
Quebec,1982-7215,54.26709,-74.89049,1982,972.0,Natural
Yukon,1982RR011,62.7,-137.166667,1982,543.04,Natural
Alberta,DP3-012-82,56.6997,-119.4383,1982,1401.66919,Natural
Quebec,1982-7211,55.03957,-77.04096,1982,11450.0,Natural
Quebec,1982-7212,55.05576,-76.80664,1982,1100.0,Natural
Northwest Territories,1982CR-029,60.8,-106.85,1982,259.0,Natural
British Columbia,1982-G60027,58.463,-126.923,1982,873.0,Human
British Columbia,1982-G80062,57.861,-120.121,1982,6616.0,Natural
British Columbia,1982-G80070,57.977,-120.012,1982,1920.0,Natural
Alberta,DF2-048-82,59.3669,-117.5401,1982,3306.828023,Natural
Alberta,DF2-058-82,59.4577,-116.9148,1982,3082.632177,Natural
Alberta,DP4-043-82,57.8787,-119.9752,1982,1506.968395,Natural
Alberta,DP4-045-82,57.9514,-119.9945,1982,5414.281114,Natural
Alberta,DP4-047-82,57.8206,-120.0026,1982,202.3954303,Natural
Northwest Territories,1982CR-026,62.967,-108.817,1982,2592.0,Natural
British Columbia,1982-R90038,59.705,-132.28,1982,1473.0,Natural
Alberta,DA3-015-82,59.1287,-111.3779,1982,287.7921945,Natural
Northwest Territories,1982JF-033,61.55,-127.083,1982,21625.0,Natural
Northwest Territories,1982NP-004,61.417,-125.833,1982,1060.0,Natural
Northwest Territories,1982JF-031,61.133,-126.0,1982,17460.0,Natural
Yukon,1982WL018,60.2,-126.5,1982,5750.12,Natural
Northwest Territories,1982VQ-041,67.083,-127.633,1982,5463.0,Natural
Northwest Territories,1982VQ-040,66.883,-126.667,1982,2081.0,Natural
Northwest Territories,1982VQ-042,67.2,-126.667,1982,8325.0,Natural
British Columbia,1982-R90037,59.72,-127.45,1982,275.0,Natural
Northwest Territories,1982ZF-036,64.3,-117.05,1982,550.0,Human
Northwest Territories,1982ZF-037,64.217,-117.083,1982,400.0,Human
Saskatchewan,DODGE,59.79399126,-105.4689855,1982,3976.28,Natural
Northwest Territories,1982JF-027,60.95,-126.417,1982,16650.0,Natural
Northwest Territories,1982VQ-038,64.417,-120.417,1982,12487.0,Natural
Alberta,DP2-013-82,56.7179,-118.5475,1982,279.8927307,Natural
New Brunswick,2-6-011,46.47,-66.28,1982,364.0,Human
Northwest Territories,1982VQ-037,65.917,-127.167,1982,4079.0,Natural
Northwest Territories,1982FS-038,63.1,-124.483,1982,429.0,Natural
Alberta,DP4-031-82,57.2245,-119.0625,1982,370.7932197,Natural
Saskatchewan,TOE,59.99791481,-102.3416483,1982,404.5788,Natural
Newfoundland and Labrador,1982-E118,48.394,-54.098,1982,409.0,Human
Yukon,1982WL017,60.279722,-127.5,1982,204.08,Natural
Northwest Territories,1982CR-021,60.667,-105.5,1982,7443.0,Natural
Northwest Territories,1982JF-024,61.217,-126.9,1982,28400.0,Natural
Saskatchewan,KERR,54.53171658,-102.560512,1982,241.82,Natural
Saskatchewan,SPRUCE,57.21830132,-106.315449,1982,8876.555,Natural
Saskatchewan,LEEANNE,56.8385,-106.5104,1982,250.282,Natural
Saskatchewan,LARRY,55.81495218,-103.5097062,1982,289.974,Natural
Saskatchewan,PETE,56.8281,-106.2813,1982,768.337,Natural
Northwest Territories,1982ZF-028,62.967,-112.133,1982,12900.0,Natural
Northwest Territories,1982CR-018,61.0,-107.983,1982,4662.0,Natural
Northwest Territories,1982CR-019,60.083,-102.333,1982,3404.0,Natural
Northwest Territories,1982VQ-035,65.65,-130.85,1982,230.0,Natural
Northwest Territories,1982VQ-036,65.367,-130.867,1982,200.0,Natural
Ontario,RED24,50.9453,-94.0125,1982,240.8000031,Natural
British Columbia,1982-G90080,59.97,-126.157,1982,1456.0,Natural
Alberta,DF3-037-82,59.3519,-119.3252,1982,6134.168309,Natural
Saskatchewan,PAT1,56.29675515,-103.0220505,1982,700.0,Natural
Saskatchewan,CLOSE1,57.91175287,-105.3689086,1982,966.832,Natural
Saskatchewan,CLOSE2,57.87519676,-105.3485575,1982,983.839,Natural
Saskatchewan,OHOO,55.3854,-102.4792,1982,1491.002,Natural
Manitoba,1-5-20-82,57.0826,-101.4964,1982,337.9,Natural
Northwest Territories,1982CR-015,62.517,-108.35,1982,6179.0,Natural
Northwest Territories,1982CR-016,61.783,-106.85,1982,605.0,Natural
Northwest Territories,1982CR-014,61.117,-108.967,1982,11980.0,Natural
Northwest Territories,1982VQ-034,66.35,-124.65,1982,260.0,Natural
Saskatchewan,WATHMAN,56.8634726,-104.5166691,1982,725.096,Natural
Saskatchewan,NIPEKAMEW,54.53279006,-104.965625,1982,470.378,Natural
Manitoba,1-5-9-82,56.6026,-101.14,1982,394.7,Natural
Manitoba,1-5-8-82,56.6462,-101.1931,1982,638.9,Natural
Manitoba,1-5-13-82,56.486,-101.0273,1982,937.6,Natural
Manitoba,2-2-8-82,55.1839,-100.9904,1982,273.8,Natural
Yukon,1982DA029,63.728567,-140.746428,1982,245.63,Natural
Northwest Territories,1982CR-011,62.967,-111.717,1982,6216.0,Natural
Northwest Territories,1982CR-012,60.517,-109.45,1982,9107.0,Natural
Northwest Territories,1982FS-026,63.517,-124.767,1982,360.0,Natural
Northwest Territories,1982SM-022,60.583,-113.783,1982,800.0,Natural
British Columbia,1982-G90066,59.948,-120.992,1982,4707.0,Natural
Saskatchewan,CHRIS,59.8177,-105.9063,1982,4274.876,Natural
Saskatchewan,PAUL,59.84830359,-106.0181792,1982,2471.418,Natural
Saskatchewan,JEAN,59.8803503,-105.8648686,1982,1562.5377,Natural
Manitoba,1-2-4-82,56.3842,-100.2106,1982,314.7,Natural
Yukon,1982MA018,63.33355,-136.788478,1982,4855.41,Natural
Yukon,1982MA020,63.275282,-134.610277,1982,680.65,Natural
Yukon,1982BC008,62.233333,-140.35,1982,4194.81,Natural
Northwest Territories,1982ZF-023,63.25,-112.3,1982,7500.0,Natural
Northwest Territories,1982VQ-027,66.333,-126.917,1982,486.0,Natural
Northwest Territories,1982FS-022,63.883,-122.533,1982,1900.0,Natural
Northwest Territories,1982JF-023,61.383,-126.167,1982,12850.0,Natural
Yukon,1982DA006,64.05,-138.449722,1982,1538.42,Natural
Yukon,1982MA016,63.755022,-137.482829,1982,1279.46,Natural
Yukon,1982MA017,63.229722,-137.1,1982,18276.36,Natural
Northwest Territories,1982CR-006,61.783,-107.867,1982,1604.3,Human
Northwest Territories,1982VQ-026,65.883,-131.067,1982,240.0,Natural
Northwest Territories,1982FS-020,63.533,-124.3,1982,1777.0,Natural
Northwest Territories,1982VQ-022,65.59,-130.877,1982,220.0,Natural
Northwest Territories,1982EV-011,68.083,-131.333,1982,18731.0,Natural
Northwest Territories,1982VQ-030,66.067,-126.8,1982,7770.0,Natural
Northwest Territories,1982ZF-015,66.167,-117.25,1982,480.0,Natural
Northwest Territories,1982VQ-019,64.883,-127.217,1982,731.0,Natural
Northwest Territories,1982VQ-020,64.333,-125.95,1982,819.0,Natural
Northwest Territories,1982VQ-018,66.683,-126.483,1982,585.0,Natural
British Columbia,1982-G90053,59.789,-124.228,1982,8701.4,Natural
British Columbia,1982-G90050,59.184,-125.45,1982,275.0,Natural
British Columbia,1982-G60025,58.155,-125.84,1982,304.8,Natural
Yukon,1982BC006,62.066667,-138.083333,1982,7574.29,Natural
Yukon,1982WL015,60.049722,-126.33,1982,12216.3,Natural
Northwest Territories,1982ZF-008,63.667,-115.5,1982,5000.0,Natural
Northwest Territories,1982ZF-010,63.467,-117.767,1982,2500.0,Natural
Northwest Territories,1982FS-013,62.75,-119.5,1982,700.0,Natural
Northwest Territories,1982JF-011,61.533,-125.0,1982,400.0,Natural
Ontario,SIO11,53.9766,-90.625,1982,930.7999878,Natural
British Columbia,1982-G60018,57.811,-125.911,1982,345.0,Natural
British Columbia,1982-R90031,59.111,-129.742,1982,1204.0,Human
Alberta,DA2-030-82,57.3024,-110.0827,1982,1252.473735,Natural
Saskatchewan,PINE,57.02715089,-106.5088158,1982,756.002,Natural
Northwest Territories,1982ZF-007,64.5,-116.667,1982,5000.0,Natural
Northwest Territories,1982VQ-009,65.933,-125.767,1982,25100.0,Natural
Saskatchewan,FRANK,56.51891922,-107.1122863,1982,1175.525,Natural
Yukon,1982HJ008,61.366667,-137.13,1982,911.16,Natural
Yukon,1982WL013,60.22,-128.919722,1982,7716.64,Natural
Northwest Territories,1982JF-010,62.283,-127.65,1982,735.0,Natural
Yukon,1982WL012,60.22,-128.029722,1982,137836.56,Natural
Northwest Territories,1982VQ-003,65.75,-130.05,1982,410.0,Natural
British Columbia,1982-G80040,57.655,-120.066,1982,4120.0,Natural
Saskatchewan,CUMINES,57.8177,-102.1563,1982,4873.523,Human
Manitoba,1-6-11-82,54.5473,-94.4398,1982,2836.0,Human
Yukon,1982MA007,63.766667,-134.583333,1982,2931.06,Natural
Yukon,1982MA008,63.733333,-134.55,1982,2349.59,Natural
British Columbia,1982-R80003,55.597,-129.497,1982,389.0,Human
Newfoundland and Labrador,1982-108,53.67,-64.78,1982,2330.0,Natural
Yukon,1982OC005,66.55,-138.279722,1982,1391.55,Natural
Yukon,1982DA005,65.7,-137.65,1982,370.89,Natural
Yukon,1982MA003,64.129722,-134.72,1982,985.54,Natural
Yukon,1982RR004,62.029722,-131.229722,1982,5884.92,Natural
Northwest Territories,1982EV-003,68.283,-132.867,1982,4000.0,Natural
British Columbia,1982-R90026,59.753,-127.865,1982,15022.0,Natural
British Columbia,1982-R90024,57.64,-131.553,1982,826.0,Natural
British Columbia,1982-R90023,57.677,-130.33,1982,7947.0,Natural
Saskatchewan,PEAK LAKE,56.2135,-106.9271,1982,18328.253,Natural
Saskatchewan,THYME HILL,57.64699783,-102.7800854,1982,15762.303,Human
Yukon,1982OC003,67.04685,-137.037776,1982,2103.92,Natural
Yukon,1982BC003,62.166667,-138.566667,1982,10942.26,Natural
Yukon,1982RR002,62.590634,-131.68877,1982,459.9,Natural
British Columbia,1982-G90034,59.963,-126.436,1982,38188.0,Natural
British Columbia,1982-G90029,59.133,-121.464,1982,797.5,Natural
Alberta,DA1-046-82,56.059,-111.8288,1982,3639.621261,Natural
Northwest Territories,1982NP-001,61.7,-125.967,1982,3468.0,Natural
Alberta,DS5-035-82,57.3028,-115.4059,1982,369.3889605,Natural
Alberta,DS6-038-82,55.957,-113.4469,1982,506.5895338,Natural
Alberta,DS6-039-82,56.0754,-114.0075,1982,256.8944457,Natural
Alberta,DS6-042-82,56.2626,-113.2083,1982,353.7923759,Natural
Northwest Territories,1982JF-006,61.4,-126.283,1982,7752.0,Natural
British Columbia,1982-R90015,59.948,-127.742,1982,182725.0,Natural
British Columbia,1982-G90024,57.782,-124.452,1982,10808.1,Natural
British Columbia,1982-C10025,53.383,-124.259,1982,1345.3,Natural
British Columbia,1982-C10026,53.398,-123.845,1982,2741.0,Natural
Quebec,1982-5147,52.07914,-71.0248,1982,200.0,Natural
British Columbia,1982-G80027,57.477,-120.066,1982,308.0,Natural
British Columbia,1982-G10023,54.532,-122.354,1982,806.2,Human
British Columbia,1982-R20034,54.575,-126.468,1982,1010.5,Human
Alberta,DG2-013-82,54.2194,-119.8015,1982,1346.769536,Natural
British Columbia,1982-G20033,53.633,-122.219,1982,306.0,Human
Alberta,DA1-040-82,56.4334,-112.5695,1982,347.0907816,Natural
Alberta,DS6-032-82,55.799,-113.2974,1982,596.2962001,Natural
Alberta,DS4-024-82,54.8375,-116.3173,1982,388.6924657,Natural
Northwest Territories,1982HY-004,60.217,-118.967,1982,372.32,Natural
Alberta,82WB015,59.8167,-114.1667,1982,200.0,Natural
British Columbia,1982-G80010,57.318,-121.398,1982,14270.0,Natural
British Columbia,1982-G90018,58.455,-121.395,1982,4500.0,Natural
British Columbia,1982-G80017,56.51,-120.004,1982,12336.0,Natural
Alberta,DF3-014-82,58.5034,-118.4525,1982,5136.88934,Natural
Alberta,DF1-040-82,59.2452,-114.6337,1982,1958.957742,Natural
Alberta,DS5-003-82,56.4536,-115.1929,1982,20477.1542,Natural
Alberta,DS5-015-82,57.0991,-114.8965,1982,4530.601452,Natural
Alberta,DS5-016-82,56.5135,-115.9515,1982,13811.99786,Natural
Alberta,DS5-020-82,57.2683,-114.9829,1982,45371.0475,Natural
Alberta,DP5-008-82,57.0065,-116.2077,1982,63079.9698,Natural
Alberta,DP2-004-82,56.5979,-118.6207,1982,1059.175638,Natural
Alberta,DP3-009-82,56.6725,-119.8935,1982,60893.65562,Natural
Alberta,DS5-008-82,56.4681,-114.9032,1982,898.1795487,Natural
Alberta,DS5-009-82,56.4245,-114.8241,1982,1222.875027,Natural
Alberta,DS5-017-82,56.5899,-114.7086,1982,6291.060886,Natural
Alberta,DS6-026-82,56.4554,-114.2872,1982,3443.126147,Natural
Alberta,DS6-019-82,55.7099,-114.0119,1982,422.5929819,Natural
Alberta,DS6-022-82,56.0463,-114.1902,1982,21013.909,Natural
Alberta,DS6-029-82,55.8224,-113.036,1982,806.3806576,Natural
Alberta,DS4-022-82,55.8142,-116.0941,1982,1557.56624,Natural
Alberta,DL2-043-82,55.7171,-111.7157,1982,1165.373244,Natural
Alberta,DS2-028-82,55.7174,-114.858,1982,8120.62444,Natural
Alberta,DS6-015-82,55.8627,-115.0352,1982,433.3899948,Natural
Alberta,DL3-019-82,55.5226,-113.4526,1982,1530.966253,Natural
Alberta,DS2-019-82,54.9686,-114.449,1982,1958.455931,Natural
Alberta,DF3-009-82,59.679,-119.0267,1982,238.396265,Natural
Alberta,DF2-014-82,59.2833,-116.5576,1982,232867.2879,Natural
Alberta,DF1-027-82,58.8527,-114.8527,1982,10514.27122,Natural
Alberta,DF1-034-82,59.0126,-114.5199,1982,10695.06857,Natural
Alberta,DF1-038-82,59.0417,-115.2881,1982,829.2818181,Natural
Alberta,DF1-035-82,57.6464,-114.9648,1982,61912.44767,Natural
Alberta,DF1-039-82,57.4573,-114.3057,1982,730.182398,Natural
Alberta,DA1-018-82,56.8298,-112.2075,1982,1377.270693,Natural
Alberta,DA1-024-82,56.8516,-110.3205,1982,47635.83023,Natural
Alberta,DA1-023-82,56.3226,-111.8818,1982,12560.92838,Natural
Alberta,DL4-007-82,55.639,-112.7282,1982,930.8781486,Natural
Alberta,DL4-017-82,55.5372,-112.366,1982,28774.88931,Natural
Saskatchewan,APEX,54.39086047,-103.0379374,1982,361.564,Natural
Saskatchewan,CLIFF,56.50271986,-107.1602696,1982,862.285,Natural
Saskatchewan,QUIT,56.7497997,-109.9884343,1982,4257.764,Natural
Yukon,1982BC001,61.863821,-138.050664,1982,3523.35,Natural
British Columbia,1982-G40017,53.032,-124.996,1982,245.0,Human
Quebec,1982-5132,49.86751,-70.11644,1982,528.0,Natural
Quebec,1982-7156,53.80306,-73.91929,1982,315.0,Natural
Quebec,1982-7164,53.63909,-75.42871,1982,602.0,Natural
Quebec,1982-7155,53.02428,-78.4701,1982,550.0,Natural
Quebec,1982-5118,51.19455,-73.89945,1982,1795.0,Natural
Quebec,1982-7140,53.29137,-73.08183,1982,651.0,Natural
Quebec,1982-7147,54.02878,-72.0175,1982,656.0,Natural
Quebec,1982-7148,53.46613,-72.60322,1982,1014.0,Natural
Quebec,1982-7150,54.27698,-71.39972,1982,1500.0,Natural
Quebec,1982-7153,55.00899,-71.07549,1982,2700.0,Natural
British Columbia,1982-G50004,55.01,-124.941,1982,409.9,Human
Quebec,1982-7135,52.1211,-75.79379,1982,1128.0,Natural
Quebec,1982-7133,51.43106,-76.56314,1982,2076.0,Natural
Quebec,1982-3098,48.32195,-73.54952,1982,4351.0,Human
Quebec,1982-7102,51.53327,-77.27261,1982,1630.0,Natural
Quebec,1982-7103,51.38819,-76.89361,1982,392.0,Natural
British Columbia,1982-R90004,58.296,-127.062,1982,2980.0,Human
Alberta,DF2-006-82,58.5419,-116.9746,1982,211.9945737,Unknown
Manitoba,2-1-10-82,53.838,-101.3362,1982,356.5,Human
Quebec,1982-3058,47.74131,-72.20052,1982,375.0,Human
New Brunswick,2-1-002,47.28,-65.1,1982,560.0,Human
Quebec,1982-5040,49.92026,-74.41108,1982,226.0,Human
New Brunswick,4-1-003,46.72,-66.92,1982,4414.7,Human
British Columbia,1982-G80002,56.369,-121.15,1982,260.1,Human
Manitoba,1-3-1-82,56.115,-95.0302,1982,1611.1,Human
British Columbia,1982-G70007,55.919,-121.454,1982,450.0,Human
British Columbia,1982-G70014,56.046,-121.44,1982,210.0,Human
Saskatchewan,INLAND2,53.31979421,-104.7105771,1982,202.5,Human
Saskatchewan,MINIRESERV,55.07120586,-109.7741951,1982,914.366,Human
Alberta,DP5-001-82,56.1918,-117.3533,1982,206.5960672,Human
Saskatchewan,SMITH,53.66490082,-106.9378679,1982,435.577,Human
Saskatchewan,RESERVE,54.51011563,-108.3529623,1982,262.468,Human
Manitoba,6-6-2-82,51.2907,-97.7974,1982,1171.3,Human
Alberta,DB6-001-82,49.9259,-113.9647,1982,348.490994,Human
Saskatchewan,JUNCTION,53.74977114,-102.3628483,1982,500.0,Human
Manitoba,5-3-10-82,50.4805,-96.3161,1982,289.8,Human
Manitoba,7-2-3-82,52.6158,-101.0203,1982,552.9,Human
Manitoba,6-10-1-82,50.7861,-97.6089,1982,279.1,Human
Manitoba,5-1-2-82,50.2876,-95.934,1982,464.0,Human
Manitoba,5-3-8-82,50.4478,-96.0257,1982,472.8,Human
British Columbia,1982-N10006,49.191,-115.166,1982,340.2,Human
British Columbia,1982-N10014,49.111,-115.188,1982,309.0,Human
British Columbia,1982-K20006,50.811,-121.595,1982,240.0,Human
Saskatchewan,BEAR HEAD,54.00959347,-102.8162553,1982,777.368,Human
Ontario,FOR1,48.7422,-94.5375,1982,202.3000031,Human
Ontario,FOR49,48.8203,-94.5875,1981,2428.100098,Human
Saskatchewan,NOVEMBER,57.05673875,-109.9796809,1981,19044.45665,Natural
Saskatchewan,OCTOBER,57.76559993,-109.9896001,1981,49449.00623,Natural
Saskatchewan,LAURIER,57.53649994,-106.3646001,1981,1752.409623,Human
Alberta,DS3-031-81,55.0704,-115.8347,1981,1018.476403,Natural
Saskatchewan,KOCH,54.39059994,-108.5521001,1981,420.0,Human
British Columbia,1981-G20292,53.626,-121.37,1981,660.0,Human
British Columbia,1981-G20293,53.455,-121.607,1981,230.0,Human
Northwest Territories,1981FS-061,60.233,-119.733,1981,1718.0,Natural
British Columbia,1981-G20289,53.705,-122.033,1981,401.0,Human
British Columbia,1981-G20294,53.419,-121.759,1981,1196.0,Human
British Columbia,1981-C10070,52.854,-121.743,1981,440.0,Human
British Columbia,1981-G20304,54.27,-122.142,1981,322.0,Human
Saskatchewan,FINAL,56.28550658,-106.4910559,1981,950.4887786,Natural
British Columbia,1981-C10069,53.018,-121.243,1981,791.0,Human
Saskatchewan,OLSON2,56.90099994,-108.7188001,1981,3429.92834,Natural
British Columbia,1981-G20284,53.84,-121.969,1981,305.0,Human
Saskatchewan,DIFFERENT,56.78649994,-107.4271001,1981,486.0,Natural
British Columbia,1981-G20282,53.597,-121.969,1981,919.4,Human
Alberta,DL2-083-81,56.3244,-110.061,1981,277.8935837,Human
Alberta,DA1-062-81,56.928,-110.612,1981,98082.16177,Natural
Alberta,81WB093,58.25,-112.7,1981,27904.0,Natural
Manitoba,1-4-23-81,53.9835,-98.1889,1981,738.6,Natural
Northwest Territories,1981SM-047,60.433,-112.9,1981,16630.0,Natural
Saskatchewan,HULL,58.17472098,-102.4060741,1981,1483.96903,Natural
British Columbia,1981-G30059,53.275,-120.308,1981,226.0,Natural
Saskatchewan,KREHBIEL,56.67189994,-107.5313001,1981,676.0,Natural
Saskatchewan,SANDRA,56.524536,-107.5315521,1981,9164.0,Natural
Northwest Territories,1981ZF-047,63.1,-110.967,1981,354.0,Natural
British Columbia,1981-G20128,54.039,-121.028,1981,800.0,Natural
British Columbia,1981-G20153,54.083,-121.468,1981,642.1,Natural
British Columbia,1981-G20164,54.169,-121.243,1981,315.0,Natural
British Columbia,1981-G20297,54.104,-121.142,1981,1617.2,Natural
British Columbia,1981-G20301,54.184,-121.253,1981,232.0,Natural
British Columbia,1981-G20180,53.727,-121.231,1981,273.0,Natural
Northwest Territories,1981FS-058,62.783,-119.333,1981,1200.0,Natural
Northwest Territories,1981FS-059,60.433,-120.583,1981,950.0,Natural
Alberta,81WB089,58.5167,-113.7667,1981,55040.0,Natural
Saskatchewan,SIXTY,54.80592888,-109.3225767,1981,442.126824,Natural
Northwest Territories,1981CR-031,62.733,-111.583,1981,260.0,Natural
Saskatchewan,VERMILLION1,56.81769994,-107.2917001,1981,222855.0,Natural
Saskatchewan,KELHAM,56.99479994,-105.6979001,1981,13183.93552,Natural
Saskatchewan,THREE TON,56.91365473,-106.7781127,1981,689.0,Natural
Saskatchewan,MUSKEG06,56.91149994,-106.8854001,1981,506.0,Natural
Northwest Territories,1981CR-030,62.983,-110.567,1981,2080.0,Unknown
Alberta,81WB085,58.1667,-112.25,1981,29000.0,Natural
Alberta,81WB086,58.1667,-112.3,1981,350.0,Natural
Saskatchewan,SHARON,57.03649994,-109.6771001,1981,397.0521935,Natural
Northwest Territories,1981JF-012,61.167,-125.3,1981,1100.0,Natural
Northwest Territories,1981SM-043,60.517,-112.133,1981,8192.0,Natural
Alberta,81WB080,59.5167,-115.1667,1981,5940.0,Natural
Alberta,81WB081,59.55,-115.1667,1981,200.0,Natural
Alberta,81WB082,59.6333,-114.9167,1981,3328.0,Natural
Alberta,81WB079,58.0833,-111.8167,1981,52992.0,Natural
British Columbia,1981-G70051,55.691,-121.941,1981,878.0,Human
Alberta,DF2-048-81,59.2651,-116.7427,1981,38588.56875,Natural
Alberta,DF1-093-81,59.2307,-115.7434,1981,17051.83017,Natural
Alberta,DF1-092-81,57.6173,-116.2774,1981,112598.5595,Natural
Saskatchewan,ALFRED,56.30808317,-108.1460062,1981,1765.427991,Human
Saskatchewan,WOOD FIRE,56.91149994,-105.3021001,1981,280.0,Natural
British Columbia,1981-G60031,57.419,-126.134,1981,620.0,Natural
British Columbia,1981-N70016,50.948,-117.345,1981,247.0,Natural
Saskatchewan,CHICHU,57.06769994,-107.5833001,1981,5500.0,Natural
Saskatchewan,NATTRILIA,56.59899994,-107.7188001,1981,653.0,Natural
Saskatchewan,CHABBIE,56.86057945,-107.8002139,1981,372.5158274,Natural
Saskatchewan,MAURICE,57.00519994,-107.4271001,1981,2694.0,Natural
Saskatchewan,PARKER BAY,56.83668995,-108.5721359,1981,2574.332296,Natural
British Columbia,1981-G90101,58.927,-120.729,1981,623.2,Natural
Alberta,DA2-054-81,57.8641,-112.6104,1981,134581.6906,Natural
Alberta,DL4-040-81,55.9388,-112.5854,1981,477.9903995,Natural
Saskatchewan,MADDEN,56.18764256,-104.6778003,1981,959.5467944,Natural
Saskatchewan,DARCY,56.69269994,-107.5417001,1981,410.0,Natural
Saskatchewan,TIC-TIC,56.94269994,-108.1563001,1981,2018.066637,Natural
Saskatchewan,MONROE,56.83329994,-107.7396001,1981,820.0,Natural
Saskatchewan,UNKNOWN,56.30017836,-106.5723507,1981,16186.71832,Natural
Saskatchewan,MURIEL,56.83329994,-107.3021001,1981,10000.0,Natural
Saskatchewan,BARKER BAY,56.81769994,-108.6250001,1981,3020.0,Natural
Saskatchewan,COLEMAN,56.64819815,-107.6289311,1981,13792.79622,Natural
Saskatchewan,ROSE1,56.96970149,-107.9394078,1981,203028.5838,Natural
Saskatchewan,BARB,57.03129994,-107.8958001,1981,510.0,Natural
Northwest Territories,81WB073,60.15,-112.7833,1981,470.0,Natural
Northwest Territories,81WB071,60.35,-114.55,1981,300.0,Natural
Alberta,81WB067,58.7833,-112.7667,1981,512.0,Natural
Alberta,81WB069,58.7333,-112.7833,1981,5376.0,Natural
Saskatchewan,PETER1,57.29983561,-109.5318408,1981,792.3313491,Natural
Saskatchewan,FONTAINE2,57.68395763,-109.3179363,1981,364.2,Natural
Saskatchewan,BIGFISH,57.32809994,-109.1563001,1981,48040.47435,Natural
Saskatchewan,PRESTON1,57.40099994,-109.0938001,1981,809.4,Natural
Saskatchewan,KEN,57.39735761,-108.9491761,1981,231.1177334,Natural
Saskatchewan,LLOYD1,57.37808875,-109.0461383,1981,404.0,Natural
Saskatchewan,DEPPER,57.55431538,-108.9861752,1981,404.7,Natural
Northwest Territories,81WB058,60.0667,-113.1333,1981,158464.0,Natural
Alberta,81WB064,59.5,-114.66,1981,3072.0,Natural
Alberta,81WB061,58.6167,-113.8,1981,256.0,Natural
Alberta,81WB060,58.7333,-113.0333,1981,1024.0,Natural
Northwest Territories,1981FS-054,60.467,-119.417,1981,1500.0,Natural
Northwest Territories,1981FS-052,60.183,-119.233,1981,2500.0,Natural
British Columbia,1981-G90095,58.768,-123.132,1981,211.0,Natural
Saskatchewan,MACKENZIE,57.41149994,-106.9271001,1981,1287.306489,Natural
Northwest Territories,1981FS-048,60.983,-119.667,1981,61210.0,Natural
Northwest Territories,1981FS-050,60.983,-119.767,1981,400.0,Natural
Alberta,81WB053,59.2667,-112.5833,1981,181248.0,Natural
Alberta,81WB055,59.1333,-112.8833,1981,8190.0,Natural
British Columbia,1981-R20027,54.934,-126.515,1981,486.0,Human
British Columbia,1981-R60019,52.869,-126.075,1981,4755.0,Natural
British Columbia,1981-R60018,51.857,-126.52,1981,306.3,Natural
Alberta,DP4-027-81,56.932,-117.3715,1981,325.6910049,Human
Alberta,DA2-066-81,58.0658,-111.1475,1981,409144.9947,Natural
Alberta,DA2-082-81,57.6151,-111.2391,1981,9712.487789,Natural
Alberta,DA2-057-81,57.4425,-112.4773,1981,68505.73184,Natural
Alberta,DA2-071-81,57.5823,-113.6051,1981,187008.5132,Natural
Alberta,81WB047,58.8,-111.7833,1981,512.0,Natural
Alberta,81WB048,58.5,-111.5167,1981,6400.0,Natural
Alberta,81WB038,58.4167,-112.4667,1981,513.0,Natural
Alberta,81WB039,58.4667,-112.4333,1981,896.0,Natural
Alberta,81WB044,58.2667,-113.1833,1981,22036.0,Natural
Alberta,81WB046,58.3,-113.0833,1981,200.0,Natural
British Columbia,1981-G90087,58.554,-120.59,1981,7889.0,Natural
British Columbia,1981-R90016,57.434,-128.553,1981,3968.0,Human
Alberta,DF2-043-81,59.4191,-118.2077,1981,117002.4701,Natural
Saskatchewan,HENRY,55.59379994,-104.1875001,1981,15615.45164,Natural
Northwest Territories,81WB036,60.2833,-115.5,1981,54258.0,Natural
Northwest Territories,81WB037,60.0833,-115.5333,1981,32000.0,Natural
British Columbia,1981-K10018,52.546,-119.433,1981,260.0,Human
Alberta,DS3-023-81,54.8976,-115.7361,1981,14201.98937,Natural
Quebec,1981-7330,54.76439,-77.62302,1981,265.0,Natural
Quebec,1981-7342,54.66847,-77.52268,1981,335.0,Natural
British Columbia,1981-R60016,52.977,-127.002,1981,240.0,Natural
Quebec,1981-7320,54.48771,-78.8439,1981,880.0,Natural
Quebec,1981-7321,54.31745,-78.77166,1981,320.0,Natural
Saskatchewan,SOMEWHERE,55.31769994,-107.1771001,1981,488.0,Human
Saskatchewan,BIRCH1,56.88019994,-107.6146001,1981,1960.0,Natural
Saskatchewan,BUGSY1,55.82862622,-105.0827676,1981,6784.994445,Natural
Saskatchewan,MCDONELL,58.37499994,-102.9479002,1981,1318.463498,Natural
Saskatchewan,HAMILTON,57.33329994,-104.2396002,1981,240.0,Natural
Saskatchewan,NOAH1,57.25519994,-103.4271002,1981,350.0,Natural
Saskatchewan,MCRAE,58.33849994,-102.8854002,1981,1890.5652,Natural
Saskatchewan,LANGLEY,57.24479994,-108.9583001,1981,67602.76332,Natural
Saskatchewan,MIDWEST,57.94269994,-104.5521002,1981,960.0,Natural
Saskatchewan,SERV,57.91128081,-104.4291041,1981,300.0,Natural
Saskatchewan,FLOYD,57.90204685,-104.808564,1981,6081.22349,Natural
Saskatchewan,HALS,57.26627394,-105.2223751,1981,39978.93058,Natural
Saskatchewan,BARRON,57.73405451,-104.5269974,1981,497.3780615,Natural
Manitoba,1-5-47-81,55.5913,-101.261,1981,15534.0,Natural
Northwest Territories,1981CR-022,60.117,-106.617,1981,82240.0,Unknown
Ontario,MOO12,50.8047,-85.0124,1981,2242.0,Natural
Ontario,MOO13,50.8359,-84.5125,1981,2326.899902,Natural
British Columbia,1981-G90074,58.561,-123.173,1981,37700.898,Natural
Saskatchewan,NARROWS1,57.96190348,-102.9757844,1981,724.1957795,Natural
Saskatchewan,BUFFALO,57.18229994,-108.6146001,1981,18211.3,Natural
Saskatchewan,WEST ZENTNER,57.53338326,-103.8720027,1981,16453.67619,Natural
Saskatchewan,COPP,56.48959994,-103.9375001,1981,5193.844785,Natural
Saskatchewan,ESKER1,57.87999055,-104.3683465,1981,1045.186184,Natural
Saskatchewan,NAGLE,56.11459994,-105.1042001,1981,20349.00781,Natural
Saskatchewan,NOAH2,56.70498663,-103.5672406,1981,238.2341027,Natural
Manitoba,1-5-57-81,57.0754,-101.5635,1981,5728.2,Natural
Quebec,1981-5092,51.72063,-74.94048,1981,1185.0,Natural
Saskatchewan,SALLY,57.7217178,-109.0987207,1981,78124.13834,Natural
Saskatchewan,CINDY,57.76559993,-109.1146001,1981,302.0,Natural
Saskatchewan,GOOSE,59.40388496,-105.1797348,1981,1136.502039,Natural
Saskatchewan,POST,58.00534265,-103.1870874,1981,10275.67604,Natural
Saskatchewan,CLOSE,57.94157567,-104.9874052,1981,94006.00251,Natural
Saskatchewan,TOWER1,57.82809994,-103.9063002,1981,8906.769789,Natural
Saskatchewan,TIM,56.14579994,-109.3021001,1981,32980.8364,Natural
Saskatchewan,FIDLER,58.14645263,-102.8323381,1981,18487.08164,Natural
Saskatchewan,VOLHOFFER,57.8090845,-104.6398513,1981,10667.20459,Natural
Manitoba,2-1-21-81,54.3763,-100.8191,1981,1040.5,Natural
Manitoba,1-5-59-81,56.4642,-100.856,1981,1021.0,Natural
Saskatchewan,WOOD,57.95829994,-104.4896002,1981,22931.78692,Natural
Saskatchewan,ISSAC,56.51559994,-103.4271002,1981,10309.02246,Natural
Manitoba,1-5-49-81,56.9009,-101.8855,1981,3296.7,Natural
Manitoba,1-5-50-81,56.8134,-102.004,1981,3611.7,Natural
Manitoba,1-5-51-81,56.9009,-102.0465,1981,5135.6,Natural
Manitoba,1-5-40-81,56.9009,-101.2415,1981,383.9,Natural
Yukon,1981WL004,60.845514,-127.679009,1981,9767.48,Natural
Saskatchewan,WESTRAY,59.78649993,-107.7396002,1981,8182.370065,Natural
Saskatchewan,SUTHERLAND,59.70350808,-107.7237308,1981,9897.06862,Natural
Quebec,1981-7255,51.28777,-77.95974,1981,250.0,Natural
Quebec,1981-7257,51.6229,-77.62321,1981,8960.0,Natural
Quebec,1981-7280,50.80756,-79.06483,1981,10700.0,Natural
Northwest Territories,1981CR-020,62.5,-108.283,1981,10400.0,Natural
Ontario,GER55,51.5547,-86.4861,1981,323.7000122,Natural
Alberta,DS4-024-81,55.2324,-116.3661,1981,234.2967994,Human
Northwest Territories,1981JF-008,61.2,-124.75,1981,61258.0,Natural
Saskatchewan,PETERSEN,58.08872854,-104.388359,1981,620.0152758,Human
Saskatchewan,BILL,58.89378677,-106.5575887,1981,31746.26291,Natural
Saskatchewan,CARTER,57.78129994,-108.9375001,1981,283.3,Natural
Saskatchewan,CROSS,55.44999994,-107.8833001,1981,377.0,Natural
Manitoba,1-7-32-81,53.8962,-96.2064,1981,283.7,Natural
Northwest Territories,1981VQ-010,64.617,-124.833,1981,11244.0,Human
Alberta,DF2-033-81,59.912,-116.0956,1981,100304.2137,Natural
Northwest Territories,1981FS-039,63.783,-122.95,1981,900.0,Natural
Ontario,CHA22,47.8984,-83.1875,1981,3520.800049,Human
Quebec,1981-7185,52.34053,-76.38134,1981,14000.0,Natural
Quebec,1981-7187,52.1256,-74.99854,1981,700.0,Natural
Quebec,1981-7193,51.48591,-76.81745,1981,23220.0,Natural
Quebec,1981-7189,50.44634,-79.04944,1981,280.0,Natural
Ontario,SIO60,52.7266,-91.8749,1981,4851.399902,Natural
Ontario,RED31,52.7422,-92.875,1981,1284.900024,Natural
Ontario,SIO59,52.5391,-91.7639,1981,5482.700195,Natural
British Columbia,1981-R90013,57.59,-127.012,1981,1915.0,Natural
Quebec,1981-7174,52.86571,-74.91518,1981,6000.0,Human
Ontario,RED28,52.2578,-93.7639,1981,1375.900024,Natural
British Columbia,1981-G80013,56.604,-120.137,1981,590.0,Natural
British Columbia,1981-G90044,57.934,-123.762,1981,256.2,Natural
British Columbia,1981-G90051,58.018,-123.771,1981,224.6,Natural
Saskatchewan,FOSTER,56.84899994,-105.2188001,1981,2288.542522,Natural
Saskatchewan,ANGELINA,54.77599994,-105.8646001,1981,340.2,Natural
Saskatchewan,ELVIN,57.00519994,-104.1771002,1981,2000.0,Natural
Saskatchewan,BURBIDGE,56.77915216,-105.077651,1981,10000.0,Natural
Yukon,1981WL001,60.2,-126.833333,1981,2400.46,Natural
British Columbia,1981-G60019,57.662,-125.357,1981,20137.0,Natural
Saskatchewan,SIMPSON,57.69269994,-103.5313002,1981,22346.06792,Natural
Saskatchewan,IGORS,55.88019994,-103.3646001,1981,10603.06764,Natural
Saskatchewan,BLAIR,57.25941807,-104.6410492,1981,1200.0,Natural
Saskatchewan,DALE1,57.25519994,-104.2604002,1981,435005.2789,Natural
Saskatchewan,IRA,56.53665078,-103.4613489,1981,10309.02246,Natural
Saskatchewan,MORWICK,57.47399994,-103.3646002,1981,23466.0,Natural
Saskatchewan,SANDY1,57.00519994,-105.0104001,1981,5160.0,Natural
Ontario,RED24,52.8359,-93.2362,1981,4370.600098,Natural
Saskatchewan,HEINZ,58.21349994,-102.5729002,1981,1047.802554,Natural
Saskatchewan,WESTGATE,57.640921,-107.796752,1981,50194.76627,Natural
Saskatchewan,DAVIN DARREN,56.74999994,-103.8854001,1981,4726.615044,Natural
Manitoba,1-5-35-81,56.8134,-101.0469,1981,3990.6,Natural
Manitoba,1-5-34-81,56.9881,-101.0805,1981,4154.5,Natural
Newfoundland and Labrador,1981-86,53.93,-66.53,1981,3812.0,Human
Ontario,MOO8,52.039,-82.1528,1981,2428.100098,Natural
Saskatchewan,ISLAND09,58.37762189,-102.8154334,1981,251.0385504,Human
Northwest Territories,1981FS-037,63.383,-122.7,1981,900.0,Natural
Northwest Territories,1981ZF-017,62.233,-115.733,1981,78911.0,Natural
Ontario,GER36,52.8984,-87.875,1981,485.6000061,Natural
Ontario,MOO7,52.0546,-82.0417,1981,607.0,Natural
Saskatchewan,DUNCAN,57.38485378,-105.5821801,1981,89359.40497,Natural
Ontario,MOO6,52.0235,-82.0694,1981,202.3000031,Natural
Ontario,GER32,51.4297,-87.014,1981,404.7000122,Natural
Alberta,DA2-013-81,58.0658,-110.0497,1981,2543.546386,Natural
Quebec,1981-7153,52.61031,-77.67891,1981,4740.0,Natural
Quebec,1981-7145,53.23502,-77.70492,1981,4650.0,Natural
Quebec,1981-7146,53.20534,-77.75976,1981,270.0,Natural
Quebec,1981-7149,52.96883,-77.01763,1981,5250.0,Natural
Quebec,1981-7151,53.02788,-76.72607,1981,1350.0,Natural
Quebec,1981-7156,53.25719,-78.15765,1981,17250.0,Natural
Ontario,SIO46,52.6328,-91.0417,1981,18901.30078,Natural
British Columbia,1981-G90030,59.525,-126.337,1981,1639.0,Natural
Alberta,DP2-001-81,56.7306,-118.8035,1981,414.4911754,Natural
Northwest Territories,1981FS-036,61.133,-123.783,1981,1500.0,Natural
Northwest Territories,1981HY-049,60.1,-116.167,1981,624883.0,Natural
Ontario,SIO42,53.3515,-89.0139,1981,8674.400391,Natural
Ontario,SIO43,52.7578,-89.4583,1981,692.7999878,Natural
Ontario,SIO40,51.539,-92.2916,1981,6353.600098,Human
Ontario,GER27,52.4453,-87.9028,1981,8943.599609,Natural
Ontario,SIO45,53.4609,-91.5694,1981,1511.900024,Natural
British Columbia,1981-R90005,58.525,-133.007,1981,6657.0,Human
Quebec,1981-7163,51.41247,-76.46972,1981,13220.0,Natural
Quebec,1981-7161,51.58513,-79.33851,1981,10575.0,Natural
Ontario,GER31,53.1485,-87.7639,1981,3844.5,Natural
Ontario,GER22,51.1641,-85.3472,1981,2549.5,Natural
Ontario,RED19,52.8203,-92.7639,1981,3480.300049,Natural
Ontario,GER23,52.4297,-88.9584,1981,18615.59961,Natural
Manitoba,1-4-9-81,54.6964,-97.2689,1981,1769.6,Natural
Manitoba,1-4-8-81,54.6382,-97.1933,1981,11058.0,Natural
Northwest Territories,1981CR-016,60.017,-108.05,1981,1560.0,Natural
Ontario,SIO34,51.9453,-89.2917,1981,5260.899902,Natural
Ontario,SIO33,50.539,-91.5876,1981,2185.300049,Human
Ontario,GER28,51.8359,-88.1528,1981,809.4000244,Natural
Manitoba,1-3-8-81,56.2024,-95.0081,1981,2168.8,Natural
Manitoba,1-1-31-81,55.253,-96.3744,1981,265.9,Natural
Manitoba,1-8-3-81,54.6091,-98.3022,1981,327.4,Human
Manitoba,1-4-6-81,54.7546,-96.8656,1981,906.6,Natural
Manitoba,1-4-7-81,54.8565,-96.8605,1981,1071.5,Natural
Manitoba,1-4-15-81,54.9292,-96.4537,1981,4405.7,Natural
Ontario,SIO31,53.1016,-92.3194,1981,252.8999939,Natural
Ontario,NIP9,50.6328,-89.9376,1981,1699.699951,Natural
Ontario,NIP8,50.4297,-89.6125,1981,4653.899902,Natural
Saskatchewan,WILEY,57.61979994,-102.6979002,1981,3466.525772,Natural
Saskatchewan,FONTAINE1,57.72399994,-102.5521002,1981,2455.755469,Natural
Manitoba,1-6-28-81,55.0456,-95.2081,1981,364.1,Natural
Manitoba,1-6-27-81,55.0347,-94.7124,1981,3186.7,Natural
Manitoba,1-6-26-81,54.5182,-95.9646,1981,5058.3,Natural
Manitoba,1-6-30-81,54.7546,-94.5217,1981,1064.4,Natural
Manitoba,1-6-25-81,54.2999,-94.8964,1981,1440.8,Natural
Manitoba,1-7-14-81,53.3869,-95.7989,1981,352.9,Natural
Ontario,GER30,52.3985,-87.2917,1981,11735.90039,Unknown
Ontario,SIO28,53.2422,-90.1249,1981,2298.600098,Natural
Ontario,SIO29,53.4453,-92.3472,1981,242.8000031,Natural
Ontario,SIO18,52.9766,-91.375,1981,2142.0,Natural
Saskatchewan,BABICHE,58.98298765,-103.490692,1981,1973.037466,Natural
Quebec,1981-7115,52.35582,-78.07744,1981,294.0,Natural
Quebec,1981-7127,55.20983,-73.35204,1981,500.0,Natural
Quebec,1981-7118,53.34862,-74.42015,1981,17200.0,Natural
Saskatchewan,LATE,57.57809994,-109.0104001,1981,300.0,Natural
Manitoba,1-7-12-81,53.9835,-94.7939,1981,1366.8,Natural
Ontario,SIO14,53.6484,-91.1806,1981,3276.300049,Natural
Ontario,SIO21,53.5078,-92.125,1981,627.2999878,Natural
Ontario,RED7,52.5391,-92.7917,1981,3783.800049,Natural
Ontario,SIO22,53.5234,-91.9583,1981,323.7000122,Natural
Ontario,SIO15,53.8359,-90.9584,1981,3936.800049,Natural
Ontario,RED10,52.4297,-92.625,1981,404.7000122,Natural
Ontario,SIO17,53.7734,-89.3473,1981,930.7999878,Natural
Ontario,RED11,53.3672,-92.5694,1981,252.8999939,Natural
Saskatchewan,PETER2,58.01565416,-106.3804103,1981,2202.688889,Natural
Saskatchewan,CHANNEL1,55.69789994,-108.2292001,1981,2461.562274,Human
Saskatchewan,BEN2,58.23148436,-106.1969017,1981,809.4,Natural
Saskatchewan,LITTLE FISH,57.21310418,-109.3783257,1981,1182.062933,Natural
Saskatchewan,DENNIS1,57.63019993,-109.1250001,1981,11000.0,Natural
Saskatchewan,ON THE ROAD AGA*,56.55209994,-108.7708001,1981,1861.27818,Human
Saskatchewan,LYNX,55.3819024,-104.9219189,1981,1432.652668,Natural
Manitoba,1-5-27-81,55.9405,-101.1386,1981,11533.0,Natural
Manitoba,1-1-25-81,55.4166,-96.4578,1981,4341.4,Natural
Manitoba,1-4-4-81,54.7546,-96.916,1981,1485.7,Natural
Manitoba,1-6-21-81,54.2745,-95.6211,1981,3175.9,Natural
Manitoba,1-6-23-81,54.2745,-95.3712,1981,8141.7,Natural
Ontario,RED8,52.2734,-92.5417,1981,870.0999756,Natural
Alberta,DL4-014-81,55.9445,-112.0215,1981,14156.29226,Natural
Alberta,DL4-016-81,55.8154,-111.9203,1981,4238.908088,Natural
Saskatchewan,FORK,54.9558469,-106.2569315,1981,1862.065542,Natural
Saskatchewan,JIM1,57.33849993,-109.8229001,1981,7566.192057,Natural
Manitoba,1-6-20-81,54.7692,-93.7077,1981,3404.3,Natural
Manitoba,5-2-13-81,52.6594,-96.5103,1981,3625.3,Natural
Manitoba,5-2-15-81,52.4702,-95.4548,1981,2214.4,Natural
Newfoundland and Labrador,1981-C102,49.334,-56.219,1981,4843.0,Human
Northwest Territories,1981CR-012,60.85,-105.433,1981,258.0,Natural
Northwest Territories,1981CR-014,60.233,-106.083,1981,7280.0,Natural
Northwest Territories,1981HY-036,60.75,-115.7,1981,1205.0,Natural
Ontario,SIO16,53.9453,-90.1251,1981,1942.5,Natural
Ontario,SIO13,53.9141,-92.1528,1981,2699.300049,Natural
Saskatchewan,BROOK1,55.49479994,-104.0729001,1981,41693.82012,Natural
Manitoba,1-5-15-81,55.9405,-101.9217,1981,346.7,Natural
Manitoba,1-5-21-81,56.0278,-101.6085,1981,886.6,Natural
Manitoba,1-5-13-81,56.5517,-101.2064,1981,5188.9,Natural
Manitoba,1-5-26-81,55.9405,-101.6085,1981,36387.0,Natural
Manitoba,1-5-19-81,56.6389,-100.7279,1981,7363.4,Natural
Manitoba,1-5-24-81,55.7658,-101.7267,1981,681.9,Natural
Manitoba,1-1-29-81,55.8278,-98.7305,1981,21710.0,Natural
Manitoba,2-4-6-81,55.3075,-99.83,1981,3666.5,Natural
Saskatchewan,JAMES1,57.23081962,-103.8162644,1981,202429.0,Natural
Saskatchewan,FOX1,57.66149994,-103.0833002,1981,20744.08205,Natural
Saskatchewan,PORKY1,55.68229995,-103.4479001,1981,29007.23789,Natural
Manitoba,1-1-22-81,55.9187,-99.6115,1981,6854.9,Natural
Saskatchewan,BIRD DOG2,54.96667915,-104.5066469,1981,360.0,Natural
Saskatchewan,HAULTAINE,56.55757946,-106.3267194,1981,5969.022789,Natural
Manitoba,1-3-5-81,56.2024,-96.1144,1981,14694.0,Natural
Alberta,DS2-006-81,55.5374,-115.1975,1981,491.8913513,Natural
British Columbia,1981-V40001,49.655,-123.722,1981,316.0,Human
Alberta,DF1-034-81,57.5446,-115.8768,1981,13998.995,Natural
Saskatchewan,AHENAKEW,58.017693,-104.2782275,1981,874.5,Natural
Saskatchewan,MACBETH,56.66032223,-109.0941186,1981,15884.25912,Human
Quebec,1981-5052,50.47063,-74.56214,1981,926.0,Natural
Manitoba,1-2-3-81,56.6425,-99.618,1981,1022.2,Natural
Manitoba,1-1-14-81,56.377,-97.2208,1981,94963.0,Natural
Ontario,GER13,51.4453,-85.9584,1981,505.8999939,Unknown
Saskatchewan,ORPHAN,56.60419994,-106.6771001,1981,13339.05636,Natural
Saskatchewan,COMPULSION,57.70829994,-103.4479002,1981,291.0,Natural
Manitoba,1-1-13-81,56.588,-98.9334,1981,40977.0,Natural
Newfoundland and Labrador,1981-65,52.878,-57.803,1981,275.0,Human
Alberta,DA2-006-81,57.9385,-110.0981,1981,4500.703276,Natural
Saskatchewan,REINDEER,57.0221681,-102.6021964,1981,2545.223167,Human
Manitoba,3-8-17-81,49.8766,-96.0998,1981,3645.7,Human
Yukon,1981DA006,63.570623,-138.097439,1981,1023.14,Natural
Northwest Territories,1981CR-010,60.367,-105.95,1981,300.0,Natural
Quebec,1981-7094,50.67476,-75.46452,1981,45600.0,Natural
British Columbia,1981-G70036,55.919,-120.825,1981,245.0,Human
Northwest Territories,1981VQ-009,64.767,-122.0,1981,200.0,Natural
Saskatchewan,PIZZA,59.3502053,-107.1536805,1981,15480.62984,Human
Manitoba,1-5-5-81,56.8791,-100.9866,1981,347.2,Human
Northwest Territories,1981VQ-007,64.717,-123.183,1981,254.0,Natural
Saskatchewan,TOWER ISLAND,54.95093824,-103.2690931,1981,1105.793189,Human
Saskatchewan,ENA,59.95309993,-108.0313002,1981,10676.97612,Natural
Saskatchewan,FISHERMANS,57.11764677,-102.9011694,1981,1255.431959,Human
Manitoba,1-5-3-81,55.7658,-101.261,1981,206.1,Human
Northwest Territories,1981CR-002,60.683,-109.617,1981,670.0,Natural
Northwest Territories,1981CR-005,60.767,-109.05,1981,1100.0,Natural
Saskatchewan,BEAVERPOIN,59.32809993,-107.2188002,1981,320.0,Human
Manitoba,1-7-7-81,53.9107,-96.256,1981,3062.2,Natural
Ontario,RED6,53.2891,-93.3473,1981,3439.800049,Natural
Saskatchewan,MCINTOSH,55.80207644,-105.0680179,1981,659.0294026,Natural
Saskatchewan,MUSKEG04,55.48959994,-104.0625001,1981,250.0,Natural
Saskatchewan,BARTLETT,55.49668309,-105.0056738,1981,468.4269675,Natural
Saskatchewan,CONTEST2,55.29689995,-103.2396001,1981,1431.692665,Natural
Saskatchewan,TOM1,55.36459994,-104.1875001,1981,11512.51692,Natural
Saskatchewan,JONAS1,56.68229994,-107.2604001,1981,95519.0,Natural
Saskatchewan,BARRY,56.35939994,-106.9688001,1981,8847.897384,Natural
Saskatchewan,FLANAGAN,55.55077018,-102.4337182,1981,12058.31429,Natural
Saskatchewan,FONDULAC2,59.32809993,-107.1563001,1981,400.0,Human
Alberta,DA1-008-81,56.3681,-110.0541,1981,1497.765843,Human
Saskatchewan,DILLON,55.73439994,-109.5729001,1981,6782.516895,Human
Saskatchewan,ROSE2,59.46349993,-107.5521002,1981,7000.0,Natural
Ontario,GOG4,47.4765,-81.7125,1981,379.2000122,Human
Saskatchewan,CUTLINE,56.53239241,-109.2765746,1981,452.0968497,Human
Ontario,ATI5,48.7422,-92.1375,1981,647.5,Human
Ontario,RED2,51.1328,-92.6806,1981,354.8999939,Human
Alberta,DF2-009-81,58.9545,-117.109,1981,1106.576467,Natural
Manitoba,5-1-7-81,50.3184,-96.2008,1981,281.8,Human
Manitoba,5-6-8-81,49.9943,-96.3932,1981,778.4,Human
Ontario,FOR9,48.9922,-93.1375,1981,13665.0,Human
Saskatchewan,KOPP,54.04689994,-109.7500001,1981,282.5161036,Human
Manitoba,7-2-32-81,51.9428,-99.4948,1981,711.2,Human
Alberta,DS4-012-81,55.2615,-116.6995,1981,360.6922661,Human
Manitoba,5-3-7-81,50.6332,-96.269,1981,837.2,Human
Saskatchewan,SHOAL LAKE,53.48261159,-102.6408542,1981,321.9204627,Human
Saskatchewan,CAVIN,52.8413492,-102.3074597,1981,2729.340707,Human
Manitoba,5-5-5-81,50.3921,-96.5929,1981,336.9,Human
Manitoba,6-10-4-81,50.613,-97.8413,1981,323.6,Human
Manitoba,3-3-2-81,49.7292,-96.3499,1981,1566.8,Human
Manitoba,3-3-3-81,49.6776,-96.3669,1981,986.4,Human
Saskatchewan,ANGLING,53.94995886,-102.7890434,1981,2978.908531,Human
Northwest Territories,1981VQ-003,64.733,-124.8,1981,302.0,Human
Manitoba,6-10-3-81,50.6277,-97.7019,1981,1056.0,Human
Manitoba,6-10-2-81,50.8083,-97.5799,1981,582.4,Human
Manitoba,5-5-4-81,50.37,-96.5583,1981,268.8,Human
Manitoba,3-8-7-81,49.9675,-95.928,1981,366.8,Human
Manitoba,5-6-3-81,50.3036,-96.5929,1981,492.8,Human
Manitoba,3-8-6-81,50.127,-96.2616,1981,260.2,Human
Manitoba,7-2-1-81,51.5536,-99.7195,1981,279.1,Human
Manitoba,3-2-2-81,49.1803,-96.3296,1981,202.7,Human
Manitoba,3-3-1-81,49.3535,-96.4312,1981,541.5,Human
Manitoba,5-6-2-81,50.3479,-96.6391,1981,394.4,Human
Manitoba,3-8-1-81,49.8803,-96.2589,1981,942.8,Human
Northwest Territories,1980CR-027,60.017,-107.617,1980,981.0,Natural
Saskatchewan,TURNBERRY,53.55,-101.769,1980,2806.0,Natural
Quebec,1980-4064,50.24311,-60.65964,1980,320.0,Human
Northwest Territories,1980FS-068,62.233,-121.383,1980,20800.0,Natural
Northwest Territories,1980FS-070,63.0,-122.55,1980,300.0,Natural
Northwest Territories,1980CR-026,62.783,-111.417,1980,1038.0,Natural
Saskatchewan,JEAN LAKE-607,59.602,-108.702,1980,5938.0,Human
Manitoba,1-4-85-80,54.1945,-97.3142,1980,201.5,Natural
Northwest Territories,1980CR-025,61.25,-109.85,1980,3176.0,Natural
Quebec,1980-7234,51.40798,-76.00836,1980,216.0,Natural
Saskatchewan,ABITAU,59.855,-109.105,1980,5480.0,Natural
Manitoba,1-4-86-80,53.496,-95.9095,1980,7657.4,Natural
Quebec,1980-7187,51.81295,-76.56006,1980,1560.0,Natural
Quebec,1980-7194,54.32195,-78.31791,1980,7000.0,Natural
Quebec,1980-7211,54.66337,-78.73912,1980,408.0,Natural
Quebec,1980-7223,55.04856,-76.368,1980,484.0,Natural
Quebec,1980-7227,55.08184,-77.21386,1980,250.0,Natural
Northwest Territories,1980CR-024,61.8,-107.067,1980,36327.0,Natural
Northwest Territories,1980CR-021,60.083,-108.083,1980,1500.0,Natural
Northwest Territories,1980CR-023,61.7,-108.8,1980,24391.0,Natural
British Columbia,1980-R90010,57.39,-131.026,1980,522.3,Human
Manitoba,1-4-77-80,53.4269,-96.868,1980,1850.3,Natural
Northwest Territories,1980CR-020,62.833,-110.667,1980,2958.0,Natural
Northwest Territories,1980CR-019,61.95,-110.533,1980,2076.0,Natural
Alberta,DF3-034-80,59.4046,-119.0126,1980,695.0840123,Natural
Manitoba,1-4-80-80,53.5833,-96.7943,1980,5857.4,Natural
Manitoba,1-8-20-80,55.1475,-97.0861,1980,484.2,Natural
Manitoba,1-8-21-80,55.2057,-96.7014,1980,485.2,Natural
Saskatchewan,PATRICK,59.953,-108.723,1980,14842.0,Natural
Northwest Territories,1980CR-016,61.783,-109.917,1980,10995.0,Natural
Northwest Territories,1980CR-017,61.45,-110.467,1980,252.12,Natural
Quebec,1980-4043,51.14179,-61.595,1980,1612.0,Natural
Manitoba,1-8-18-80,54.3472,-98.445,1980,638.0,Natural
Manitoba,5-2-66-80,51.4226,-96.3447,1980,4119.8,Natural
Manitoba,5-2-91-80,51.4226,-95.6182,1980,353.4,Natural
Manitoba,5-2-72-80,51.3207,-95.5478,1980,354.3,Natural
Manitoba,5-2-81-80,51.5099,-95.4541,1980,290.4,Natural
Manitoba,5-2-106-80,51.3935,-95.2901,1980,416.8,Natural
Manitoba,5-2-75-80,51.3207,-95.4775,1980,1162.4,Natural
Manitoba,5-2-93-80,51.4954,-95.3604,1980,1286.2,Natural
Manitoba,5-2-69-80,51.3498,-95.3135,1980,1829.6,Natural
Northwest Territories,1980CR-015,61.85,-108.55,1980,27245.0,Natural
Saskatchewan,MUSKEG-354,53.63,-102.98,1980,283.0,Natural
Manitoba,1-3-18-80,56.2024,-95.9564,1980,809.3,Natural
Manitoba,1-7-48-80,54.0198,-96.194,1980,985.9,Natural
Manitoba,1-6-40-80,54.3399,-95.7211,1980,1412.4,Natural
Manitoba,1-7-47-80,54.1072,-96.1834,1980,2422.5,Natural
Manitoba,1-7-46-80,53.3214,-95.9221,1980,202.3,Natural
Manitoba,2-4-27-80,54.54,-99.4112,1980,1253.2,Natural
Manitoba,1-3-17-80,56.2243,-94.7842,1980,8093.5,Natural
Northwest Territories,1980CR-011,62.75,-108.0,1980,260.0,Natural
Manitoba,1-6-36-80,54.7364,-95.3345,1980,1612.3,Natural
Northwest Territories,1980CR-009,62.883,-108.733,1980,519.0,Natural
Northwest Territories,1980CR-010,62.983,-109.883,1980,20691.0,Natural
Northwest Territories,1980CR-013,60.383,-102.667,1980,300.0,Natural
Northwest Territories,80WB053,60.2333,-114.65,1980,57856.0,Natural
Saskatchewan,DAVY,58.956,-108.313,1980,8907.0,Natural
Northwest Territories,1980CR-008,61.917,-107.833,1980,18163.0,Natural
Northwest Territories,1980HY-075,60.667,-115.167,1980,400.0,Natural
Northwest Territories,1980FS-057,62.733,-122.433,1980,68500.0,Natural
Northwest Territories,1980CR-006,62.617,-108.867,1980,4411.0,Natural
Ontario,GER57,50.8672,-85.9125,1980,323.7000122,Natural
Manitoba,1-4-54-80,53.5833,-96.057,1980,6104.4,Natural
Northwest Territories,1980CR-007,62.05,-111.167,1980,260.0,Natural
Saskatchewan,GUNCOAT,55.63,-104.32,1980,283.0,Natural
Saskatchewan,MADDEN,55.479,-103.446,1980,1182.0,Natural
Saskatchewan,DEBBIE,55.089,-106.39,1980,1012.0,Natural
Saskatchewan,SAUNDERS,54.364,-103.266,1980,1984.0,Natural
Manitoba,1-8-11-80,54.0126,-98.4863,1980,404.6,Natural
Alberta,80WB045,59.5,-113.0833,1980,230.0,Natural
Ontario,SIO107,51.0391,-89.4583,1980,202.3000031,Natural
Ontario,RED45,50.7266,-95.0375,1980,518.0,Natural
Alberta,DA1-046-80,56.1481,-111.5777,1980,935.7788917,Natural
Saskatchewan,BLAIR,55.67,-103.27,1980,222.0,Natural
Saskatchewan,CHACHUKEW,55.218,-102.949,1980,2551.0,Natural
Saskatchewan,GEIKIE #2,55.92,-104.77,1980,607.0,Natural
Saskatchewan,MARCHEL,55.367,-102.684,1980,1296.0,Natural
Saskatchewan,JONAS,56.2,-106.95,1980,589.0,Natural
Northwest Territories,1980FS-055,60.8,-119.1,1980,202.3,Natural
Ontario,SIO104,52.1953,-90.1806,1980,1320.5,Natural
Ontario,SIO105,52.0391,-89.9305,1980,1679.400024,Natural
Saskatchewan,PAGATO,56.054,-102.426,1980,1619.0,Natural
Saskatchewan,PRINEAU LAKE,55.98,-107.03,1980,752.0,Natural
Yukon,1980OC005,68.047323,-138.649252,1980,2414.69,Natural
Alberta,DA2-061-80,57.8641,-112.7471,1980,479.2894404,Natural
Saskatchewan,MACDONALD,59.687,-107.336,1980,7462.0,Natural
Saskatchewan,SMITH,59.538,-107.011,1980,49884.0,Natural
Saskatchewan,DAY OFF,56.93,-109.38,1980,607.0,Natural
Saskatchewan,HIGHWAY,55.702,-102.649,1980,1619.0,Natural
Manitoba,2-2-26-80,55.2421,-101.3814,1980,6265.9,Natural
Manitoba,1-5-10-80,55.4166,-100.9198,1980,8159.3,Natural
Manitoba,1-1-34-80,55.5404,-96.229,1980,5451.8,Natural
Yukon,1980WL006,60.733333,-129.833333,1980,2139.12,Natural
Northwest Territories,1980HY-070,61.817,-117.333,1980,48300.0,Natural
Northwest Territories,1980HY-065,60.117,-116.333,1980,8100.0,Natural
Northwest Territories,1980HY-067,60.883,-117.367,1980,2266.0,Natural
Northwest Territories,80WB043,60.0833,-114.6,1980,6100.0,Natural
Alberta,80WB044,59.2,-112.9667,1980,3300.0,Natural
Alberta,DF2-081-80,59.376,-116.48,1980,643.6848888,Natural
Alberta,DF2-083-80,59.3197,-116.4332,1980,934.4798508,Natural
Alberta,DA2-049-80,57.5152,-112.2606,1980,2783.937751,Natural
Saskatchewan,HARRY LAKE,55.45,-107.2,1980,7393.0,Natural
Manitoba,1-5-9-80,55.7658,-101.261,1980,436.9,Human
Alberta,80WB042,58.7667,-112.8333,1980,13300.0,Natural
Saskatchewan,COREEN,57.036,-107.991,1980,10122.0,Natural
Saskatchewan,DESCHARME,57.08,-109.211,1980,2429.0,Natural
Manitoba,1-4-38-80,53.6634,-96.9049,1980,1008.6,Natural
Northwest Territories,1980CR-004,60.133,-108.667,1980,58642.0,Natural
Northwest Territories,1980CR-003,60.017,-109.667,1980,11936.0,Natural
Alberta,80WB041,59.6333,-113.5833,1980,8100.0,Natural
Alberta,DP3-023-80,56.6288,-119.9733,1980,1728.46094,Natural
Yukon,1980BC005,62.383333,-140.399722,1980,365.56,Natural
Alberta,80WB040,59.4667,-112.9,1980,29448.0,Natural
Saskatchewan,DONNA,58.05,-107.93,1980,222.0,Natural
Saskatchewan,NORSEMAN,57.92,-107.73,1980,222.0,Natural
Northwest Territories,1980FS-048,60.367,-120.65,1980,4400.0,Natural
Yukon,1980BC004,62.049722,-138.699722,1980,2152.28,Natural
Northwest Territories,1980FS-039,61.533,-120.367,1980,3350.0,Natural
Alberta,80WB034,59.7,-113.2333,1980,19100.0,Natural
Alberta,80WB035,58.6167,-113.0,1980,11700.0,Natural
Yukon,1980CA019,62.779722,-137.929722,1980,685.02,Natural
Yukon,1980MA012,63.814722,-137.470207,1980,411.92,Natural
Yukon,1980CA015,62.406058,-136.192574,1980,12510.89,Natural
Yukon,1980CA016,62.619722,-137.25,1980,7235.95,Natural
Yukon,1980CA018,62.029722,-134.919722,1980,10424.56,Natural
Yukon,1980CA020,62.502863,-135.41708,1980,2146.09,Natural
Northwest Territories,1980FS-046,63.633,-124.55,1980,1700.0,Natural
Northwest Territories,1980JF-017,60.367,-122.333,1980,800.0,Natural
Alberta,DF1-061-80,59.4651,-115.5203,1980,290.4914477,Natural
Alberta,DF2-074-80,59.3615,-115.5888,1980,19109.78212,Natural
Northwest Territories,1980CR-002,61.8,-110.2,1980,2332.0,Natural
Northwest Territories,1980VQ-007,65.633,-129.317,1980,3135.0,Natural
Northwest Territories,1980FS-036,63.8,-123.767,1980,464.0,Natural
Alberta,80WB028,58.4167,-112.5167,1980,350.0,Natural
Ontario,GER35,51.836,-88.4583,1980,404.7000122,Natural
Ontario,GER46,51.8359,-88.4027,1980,202.3000031,Natural
Manitoba,1-4-36-80,53.296,-96.2695,1980,807.8,Natural
Yukon,1980MA011,63.139043,-134.279147,1980,8064.46,Natural
Ontario,GER40,51.5859,-87.2361,1980,404.7000122,Natural
Northwest Territories,1980FS-030,60.933,-121.0,1980,826.0,Natural
Ontario,MOO3,50.7734,-81.0625,1980,768.9000244,Natural
Ontario,THU56,49.1797,-89.1375,1980,4896.700195,Natural
Ontario,KEN141,50.6172,-95.1375,1980,202.3000031,Natural
Ontario,THU53,49.3359,-89.0125,1980,2994.699951,Natural
Ontario,THU66,49.0078,-89.3375,1980,202.3000031,Natural
Saskatchewan,DUNN,58.6,-105.02,1980,890.0,Natural
Manitoba,5-2-58-80,52.4702,-96.5823,1980,550.4,Natural
Manitoba,5-2-57-80,52.7467,-96.5027,1980,2652.0,Natural
Ontario,DRY64,49.4453,-93.2875,1980,460.5,Natural
Ontario,IGN31,50.0859,-90.5375,1980,1780.599976,Natural
Saskatchewan,1814,59.55,-105.45,1980,1012.0,Natural
Saskatchewan,MAURICE,59.396,-109.883,1980,9717.0,Natural
Saskatchewan,GARDIPEE,58.873,-106.69,1980,1619.0,Natural
Alberta,80WB023,58.3833,-112.75,1980,7800.0,Natural
Ontario,SIO86,51.2891,-90.2917,1980,396.6000061,Natural
Ontario,IGN27,50.0078,-91.1625,1980,66328.0,Human
Alberta,DA3-012-80,58.0967,-110.8127,1980,9389.394866,Natural
Alberta,DA2-039-80,57.7059,-111.1024,1980,4819.595563,Natural
Alberta,DA2-040-80,57.7059,-111.198,1980,332.7932379,Natural
Saskatchewan,ANOTHER,56.97,-108.55,1980,2024.0,Natural
Manitoba,5-2-53-80,52.0046,-95.5181,1980,640.0,Natural
Manitoba,5-1-16-80,50.6077,-95.184,1980,677.3,Natural
Manitoba,3-7-9-80,49.7771,-96.1055,1980,219.2,Natural
Northwest Territories,1980FS-027,62.067,-120.067,1980,29700.0,Natural
Alberta,80WB022,59.908,-115.6063,1980,480.0,Natural
Ontario,RED43,52.0859,-93.2361,1980,10926.5,Natural
Alberta,DF1-046-80,57.6918,-116.2467,1980,705.2861373,Natural
Saskatchewan,HILL RIVER,59.926,-107.45,1980,18624.0,Natural
Saskatchewan,CREE,58.022,-105.857,1980,8907.0,Natural
Saskatchewan,EULAS,55.93,-105.68,1980,263.0,Natural
Northwest Territories,1980HY-051,61.9,-117.883,1980,327849.0,Natural
Northwest Territories,1980HY-049,60.8,-117.75,1980,19300.0,Natural
Northwest Territories,1980FS-025,60.583,-120.0,1980,2700.0,Natural
Alberta,DA3-011-80,59.3158,-110.0446,1980,38489.04441,Natural
Saskatchewan,SETTEE,55.88,-104.08,1980,809.0,Natural
Northwest Territories,1980HY-037,60.633,-116.8,1980,128000.0,Natural
Northwest Territories,1980HY-043,61.25,-118.467,1980,113535.0,Natural
Northwest Territories,1980HY-048,60.933,-118.8,1980,136972.0,Natural
Alberta,80WB011,58.25,-113.1333,1980,3300.0,Natural
Saskatchewan,JEAN LAKE-797,56.2,-106.521,1980,2813.0,Human
Manitoba,1-7-33-80,54.2817,-93.4752,1980,1478.9,Natural
Northwest Territories,1980FS-020,63.25,-124.5,1980,5473.0,Natural
Northwest Territories,1980FS-019,62.017,-121.367,1980,680.0,Natural
Ontario,KEN114,49.664,-93.7375,1980,1983.0,Natural
Saskatchewan,CHICKEN LAKE,55.501,-102.03,1980,5668.0,Natural
Saskatchewan,HARRIOTTE,56.233,-102.774,1980,809.0,Natural
Saskatchewan,DALY,56.508,-105.686,1980,2530.0,Natural
Saskatchewan,DECEPTION #2,56.578,-104.556,1980,3158.0,Natural
Saskatchewan,FOSTER #2,56.611,-105.504,1980,1296.0,Natural
Saskatchewan,FOSTER #5,56.897,-105.388,1980,15795.0,Natural
Saskatchewan,WATHMAN-324,57.05,-104.78,1980,28567.0,Natural
Northwest Territories,1980HY-031,60.883,-114.55,1980,1500.0,Human
Manitoba,1-4-27-80,54.3618,-97.9202,1980,272.3,Natural
Manitoba,1-7-30-80,53.0231,-95.5931,1980,205.1,Natural
Ontario,THU46,49.6953,-90.1124,1980,126747.0,Human
Saskatchewan,PEANUT,56.2,-104.913,1980,1539.0,Natural
Manitoba,2-1-21-80,53.7798,-101.584,1980,404.6,Human
Manitoba,5-2-48-80,52.412,-95.6467,1980,740.3,Natural
Yukon,1980HJ004,61.543549,-138.927618,1980,1390.57,Human
Saskatchewan,MOTHERWELL,57.599,-108.342,1980,144620.0,Natural
Saskatchewan,KELLY,55.97,-103.525,1980,13354.0,Natural
Manitoba,5-2-46-80,52.1065,-95.9703,1980,297.3,Natural
Newfoundland and Labrador,1980-C52,48.981,-55.972,1980,752.0,Human
Manitoba,5-2-36-80,52.0337,-95.5657,1980,247.0,Natural
Manitoba,5-2-44-80,52.2666,-95.8989,1980,3038.5,Natural
Saskatchewan,DOUG,56.35,-107.643,1980,28477.0,Natural
Manitoba,2-2-18-80,55.2421,-100.6121,1980,969.4,Natural
Manitoba,1-7-20-80,54.3036,-93.4627,1980,857.1,Natural
Manitoba,2-4-19-80,54.6964,-99.5939,1980,1427.9,Natural
Manitoba,1-7-19-80,52.9722,-95.4992,1980,469.3,Natural
British Columbia,1980-G80036,58.01,-120.632,1980,432.8,Natural
Manitoba,1-1-30-80,55.4384,-95.7782,1980,242.4,Natural
Manitoba,1-6-29-80,54.62,-95.9268,1980,4040.3,Natural
Manitoba,5-2-25-80,52.1792,-95.4467,1980,3032.2,Natural
Manitoba,5-2-30-80,52.412,-95.7187,1980,13720.0,Natural
Ontario,RED32,50.6953,-93.1625,1980,323.7000122,Human
Alberta,DL2-076-80,55.4935,-111.7189,1980,682.2838054,Natural
Alberta,DL4-025-80,55.4499,-112.2166,1980,1302.573817,Natural
Saskatchewan,BRAZIER,57.382,-109.422,1980,36826.0,Natural
Saskatchewan,JEWETT,56.35,-104.43,1980,243.0,Natural
Manitoba,1-5-2-80,55.504,-101.4163,1980,10421.0,Natural
Manitoba,1-5-4-80,55.2421,-101.5353,1980,47606.0,Natural
Manitoba,6-9-14-80,53.2996,-99.9017,1980,9217.5,Natural
Ontario,SIO76,52.2735,-89.875,1980,414.3999939,Natural
Ontario,SIO77,52.289,-90.0416,1980,1243.199951,Natural
Saskatchewan,DARIEU LAKE,55.221,-103.724,1980,4332.0,Natural
Saskatchewan,NORTHWOOD,55.357,-103.313,1980,1765.0,Natural
Manitoba,5-2-24-80,52.2229,-95.2801,1980,455.1,Natural
Saskatchewan,PINK #2,56.818,-104.016,1980,12429.0,Natural
Northwest Territories,1980ZF-006,63.267,-118.0,1980,256.0,Human
Alberta,80WB009,59.0,-113.8,1980,102484.0,Natural
Ontario,KEN93,50.0547,-94.8125,1980,293.3999939,Natural
Yukon,1980HJ003,60.859956,-137.003601,1980,1306.33,Human
Manitoba,2-4-15-80,55.1475,-99.7466,1980,754.1,Natural
Manitoba,5-2-21-80,51.8737,-96.714,1980,19723.0,Human
Saskatchewan,BRUSTAD,57.17,-107.45,1980,75951.0,Natural
Yukon,1980RR004,62.838056,-133.584661,1980,2363.99,Natural
Yukon,1980MA002,63.25,-137.83,1980,10848.04,Natural
Manitoba,5-2-13-80,52.2229,-96.3749,1980,31769.0,Natural
Manitoba,2-2-9-80,54.1072,-101.7312,1980,1072.3,Natural
Ontario,RED22,50.8047,-94.8126,1980,384.5,Natural
Ontario,SIO60,52.211,-91.2916,1980,3278.0,Natural
Ontario,GER21,51.789,-88.8473,1980,404.7000122,Natural
Ontario,RED25,51.211,-94.3473,1980,283.2999878,Natural
Yukon,1980RR002,62.159722,-132.633333,1980,33625.14,Human
Ontario,GER18,51.9609,-88.4028,1980,1416.400024,Natural
Ontario,SIO55,52.2735,-90.9584,1980,3043.199951,Natural
New Brunswick,1-8-006,47.5,-65.18,1980,1200.0,Human
New Brunswick,1-6-003,47.4,-66.13,1980,880.0,Human
Nova Scotia,9728,43.88,-65.22,1980,551.0,Human
Yukon,1980CA005,62.9,-136.899722,1980,42100.37,Human
Ontario,SIO61,53.0547,-89.0139,1980,2279.199951,Natural
Saskatchewan,BOG-137,53.8,-103.767,1980,6073.0,Natural
Quebec,1980-7101,51.46073,-77.8088,1980,4855.0,Natural
Ontario,GER19,51.6172,-88.6805,1980,263.0,Natural
Ontario,SIO50,51.8047,-89.2639,1980,35814.69922,Natural
Saskatchewan,CROSSROADS,53.33,-104.07,1980,405.0,Unknown
Manitoba,1-4-32-80,53.9544,-97.842,1980,282.3,Human
Manitoba,6-9-7-80,53.5215,-99.5285,1980,1097.1,Natural
Manitoba,7-5-35-80,52.6012,-100.4565,1980,208.8,Natural
Ontario,RED15,51.0547,-95.1528,1980,1537.800049,Unknown
Ontario,SIO43,52.0546,-90.375,1980,26142.69922,Natural
Ontario,SIO42,51.0391,-90.2361,1980,3075.600098,Human
Ontario,GER8,52.6953,-87.5139,1980,404.7000122,Natural
Manitoba,5-1-10-80,50.2301,-96.3017,1980,1508.0,Human
Quebec,1980-7092,51.57105,-78.05005,1980,338.0,Natural
Quebec,1980-5059,50.76349,-73.40245,1980,340.0,Natural
Quebec,1980-5061,49.78597,-74.70125,1980,605.0,Human
Ontario,ATI7,49.0391,-91.3625,1980,7486.700195,Human
Ontario,CHA8,47.7422,-83.0625,1980,2225.800049,Human
Ontario,FOR34,48.8828,-92.5125,1980,4289.700195,Human
British Columbia,1980-G90058,58.861,-120.854,1980,2279.0,Natural
Saskatchewan,SAWMILL,54.43,-105.77,1980,405.0,Natural
Saskatchewan,EMERALD,53.18,-106.47,1980,1214.0,Human
Manitoba,7-2-28-80,51.8446,-100.2328,1980,2647.0,Human
Manitoba,3-8-18-80,50.0938,-96.336,1980,447.9,Human
Quebec,1980-7087,50.55036,-77.44055,1980,7500.0,Human
Manitoba,RM6,50.5816,-99.685,1980,20235.0,Unknown
Ontario,THU28,49.4765,-90.5876,1980,12545.2998,Human
Ontario,RED14,50.836,-93.8126,1980,43665.60156,Human
Ontario,GER5,51.586,-87.8472,1980,16592.09961,Human
Ontario,CHA6,48.1016,-82.4375,1980,3685.100098,Human
British Columbia,1980-G80034,57.26,-121.479,1980,1252.1,Natural
Saskatchewan,JACKSON,58.787,-109.853,1980,40468.0,Natural
Saskatchewan,CRAIG,58.3,-105.03,1980,890.0,Natural
Manitoba,1-1-8-80,55.875,-98.0191,1980,338.3,Natural
Manitoba,1-1-24-80,55.5404,-99.049,1980,242.5,Natural
Manitoba,1-1-20-80,55.6786,-99.3983,1980,7290.1,Natural
Manitoba,1-1-19-80,55.504,-99.5535,1980,8239.4,Natural
Manitoba,2-4-11-80,54.9983,-99.6441,1980,4212.5,Natural
Manitoba,2-4-4-80,54.8165,-100.3178,1980,8013.0,Natural
Manitoba,2-4-13-80,54.9583,-99.9873,1980,9484.9,Natural
Manitoba,5-4-7-80,51.0297,-95.3297,1980,45935.0,Human
Manitoba,7-4-7-80,52.4411,-101.62,1980,69375.0,Natural
Manitoba,7-2-23-80,51.3789,-99.1804,1980,364.2,Human
Manitoba,6-10-10-80,50.5358,-97.6424,1980,1047.7,Human
Ontario,GER7,52.6797,-87.3195,1980,809.4000244,Natural
Saskatchewan,BIG BAG,57.583,-109.736,1980,72065.0,Natural
Saskatchewan,McKENZIE,54.764,-105.379,1980,32918.0,Natural
Saskatchewan,OSKEKIBUK,54.8,-103.8,1980,484.0,Natural
Saskatchewan,MARDER,52.5,-101.78,1980,91058.0,Natural
Alberta,DS6-014-80,55.6538,-114.4472,1980,747.685052,Natural
Saskatchewan,BOULDING,58.2,-105.2,1980,1275.0,Natural
Saskatchewan,FOOTBALL,58.414,-104.861,1980,3239.0,Natural
Saskatchewan,UNKNOWN-507,58.352,-104.671,1980,5061.0,Natural
Saskatchewan,SLEEPY,57.272,-103.721,1980,1619.0,Human
Saskatchewan,BLACK BIRCH,56.816,-107.77,1980,1275.0,Natural
Saskatchewan,JACOBSON LAKE,56.796,-106.583,1980,4414.0,Natural
Manitoba,6-8-23-80,51.8737,-98.6269,1980,222.5,Natural
Quebec,1980-5054,49.53957,-74.60707,1980,1200.0,Human
Ontario,SIO32,53.2109,-92.4861,1980,26521.5,Natural
Alberta,DA2-015-80,57.3988,-110.5265,1980,81361.31994,Natural
Alberta,DP2-009-80,56.8179,-118.9364,1980,36078.49391,Natural
Alberta,DP1-011-80,56.0705,-116.1756,1980,674.9832764,Natural
Saskatchewan,BIG AGAR,57.38,-109.27,1980,486.0,Natural
Saskatchewan,BRAY,57.47,-109.27,1980,405.0,Natural
Saskatchewan,THRIFT LAKE,58.77,-103.32,1980,304.0,Natural
Saskatchewan,D&D,57.901,-103.706,1980,6275.0,Natural
Saskatchewan,MANDIN,57.747,-108.308,1980,5871.0,Natural
Saskatchewan,ROZEL,57.461,-109.352,1980,6883.0,Natural
Saskatchewan,KEEFE #2,57.57,-104.38,1980,283.0,Natural
Saskatchewan,ESKER-686,57.13,-107.22,1980,6880.0,Natural
Saskatchewan,HILTON,57.07,-107.03,1980,809.0,Natural
Alberta,JA3,53.3516,-118.3446,1980,222.0,Natural
British Columbia,1980-G90053,58.999,-121.271,1980,7229.6,Natural
British Columbia,1980-G70048,55.677,-121.967,1980,538.0,Natural
Alberta,DP4-037-80,57.7933,-119.8145,1980,947.1788862,Natural
Alberta,DP4-032-80,57.3699,-118.7916,1980,81886.2134,Natural
Alberta,DP4-035-80,57.2045,-118.0295,1980,5408.182501,Natural
Alberta,DS5-002-80,56.9864,-115.7485,1980,15194.69134,Natural
Northwest Territories,1980HY-008,60.45,-115.883,1980,7000.0,Natural
Northwest Territories,1980HY-013,60.55,-112.4,1980,2680.0,Natural
Northwest Territories,1980JF-005,61.2,-126.183,1980,375.0,Natural
Northwest Territories,80WB005,60.2833,-115.55,1980,377.0,Natural
British Columbia,1980-G90043,58.525,-123.201,1980,6285.0,Natural
Alberta,DS1-011-80,54.7358,-114.1741,1980,1069.276591,Human
Alberta,DS2-008-80,54.8921,-114.7924,1980,639.4842519,Human
British Columbia,1980-G90037,58.861,-125.229,1980,274.0,Human
British Columbia,1980-G90030,58.47,-121.437,1980,2304.0,Natural
British Columbia,1980-G90033,58.662,-122.576,1980,300.0,Natural
British Columbia,1980-G90035,58.753,-122.368,1980,1231.0,Natural
British Columbia,1980-G90036,58.441,-120.076,1980,16227.8,Natural
British Columbia,1980-G90031,58.934,-125.118,1980,845.0,Human
Saskatchewan,FERGUSON,59.249,-107.342,1980,2024.0,Natural
British Columbia,1980-G80021,56.554,-120.281,1980,229.0,Human
Ontario,SIO27,51.8672,-90.7083,1980,384.5,Natural
British Columbia,1980-G80019,57.941,-123.776,1980,314.0,Human
British Columbia,1980-G80041,57.249,-123.303,1980,723.0,Human
British Columbia,1980-G80042,57.282,-123.553,1980,563.6,Human
British Columbia,1980-G90029,58.369,-123.715,1980,456.0,Human
British Columbia,1980-G70033,55.734,-121.35,1980,366.0,Human
British Columbia,1980-G70034,56.075,-121.19,1980,800.0,Human
Alberta,DP4-019-80,56.5245,-117.5932,1980,515.0879323,Human
Alberta,DL2-062-80,54.4331,-111.8289,1980,1704.762549,Human
Saskatchewan,CARLTON,55.095,-109.095,1980,23062.0,Human
Manitoba,2-1-12-80,53.7652,-101.4725,1980,412.6,Human
Ontario,KEN22,49.5234,-94.0625,1980,5313.5,Natural
Ontario,KEN30,49.5547,-94.0875,1980,2444.300049,Natural
Ontario,KEN38,50.0391,-94.8125,1980,2266.199951,Human
Ontario,FOR27,49.086,-93.8625,1980,406.2999878,Human
Ontario,SIO13,50.3985,-92.2875,1980,329.7999878,Natural
Ontario,KEN20,49.6016,-93.8125,1980,1400.199951,Natural
Ontario,SIO12,50.5547,-92.0376,1980,297.3999939,Natural
Ontario,KEN23,49.7265,-94.1125,1980,113514.0,Natural
Ontario,DRY15,50.3203,-93.5876,1980,2428.899902,Natural
British Columbia,1980-G70025,55.597,-121.204,1980,400.0,Human
Saskatchewan,KENNEDY CREEK,53.62,-103.12,1980,486.0,Natural
Manitoba,2-1-8-80,53.8816,-101.5344,1980,291.3,Human
Manitoba,6-8-14-80,51.7718,-99.2409,1980,202.3,Human
Manitoba,7-2-19-80,51.4226,-99.2273,1980,906.4,Human
Quebec,1980-5028,48.92656,-72.12287,1980,200.0,Human
Quebec,1980-5030,48.70624,-71.65849,1980,720.0,Human
British Columbia,1980-G90014,57.963,-122.966,1980,320.6,Human
British Columbia,1980-G90017,57.597,-123.289,1980,255.0,Human
British Columbia,1980-G80016,56.619,-120.031,1980,577.0,Human
British Columbia,1980-G80010,56.684,-122.124,1980,622.0,Human
Alberta,DF2-010-80,58.0881,-117.939,1980,531.8904802,Human
Alberta,DL9-004-80,55.319,-110.319,1980,131835.8176,Human
Saskatchewan,VICTOR,55.12,-109.98,1980,40468.0,Human
Manitoba,1-1-2-80,55.8314,-98.8806,1980,2983.8,Human
Ontario,WAW2,48.1172,-84.6625,1980,495.7000122,Human
British Columbia,1980-G90016,57.677,-123.276,1980,298.0,Human
British Columbia,1980-G70021,55.825,-121.454,1980,650.0,Human
Alberta,DL9-003-80,55.0258,-110.8849,1980,9680.687591,Human
Alberta,DL2-058-80,54.491,-112.4651,1980,1402.470468,Human
Manitoba,3-2-4-80,49.0221,-96.5281,1980,1278.7,Human
British Columbia,1980-G90008,58.22,-123.951,1980,632.0,Human
British Columbia,1980-G90009,58.26,-123.965,1980,1799.6,Human
Manitoba,7-5-24-80,52.8449,-101.5807,1980,270.0,Human
Ontario,DRY11,50.0547,-92.5125,1980,323.7000122,Human
British Columbia,1980-G90007,57.72,-123.249,1980,669.3,Human
British Columbia,1980-G70016,55.648,-122.23,1980,908.6,Human
Saskatchewan,SPRUCE,55.45,-109.67,1980,89971.0,Human
Saskatchewan,MUSKEG-835,55.3,-108.1,1980,1384.0,Human
Manitoba,6-8-12-80,51.8009,-98.5561,1980,242.7,Human
Manitoba,6-7-4-80,51.2244,-98.2248,1980,1007.9,Human
Saskatchewan,AIRPORT,52.87,-102.32,1980,2834.0,Human
Saskatchewan,HELMER,59.25,-107.705,1980,24292.0,Human
Saskatchewan,KAZAN,55.67,-108.28,1980,256.0,Human
Manitoba,5-3-7-80,50.58,-96.2642,1980,370.5,Human
Alberta,DF1-021-80,57.9172,-116.517,1980,6209.362948,Natural
Alberta,DL2-041-80,55.6372,-111.0817,1980,1371.370376,Human
Alberta,DL2-036-80,54.4146,-112.2763,1980,395.1917171,Human
Saskatchewan,CAPASIN,53.62,-107.45,1980,486.0,Human
Saskatchewan,PIPESTONE,58.5,-105.75,1980,65020.0,Natural
Saskatchewan,KIMBALL,54.43,-108.78,1980,971.0,Human
Manitoba,7-1-16-80,50.9665,-99.015,1980,4694.3,Human
Saskatchewan,ALTA-563,58.42,-109.583,1980,239755.0,Human
Saskatchewan,CHOPPER,55.85,-109.03,1980,485.0,Human
Manitoba,7-2-12-80,51.7973,-100.2624,1980,322.9,Human
Saskatchewan,SKI LODGE LAKE,54.22,-108.17,1980,259.0,Human
Manitoba,6-8-2-80,51.5682,-98.6414,1980,242.7,Human
British Columbia,1980-G70036,55.898,-120.967,1980,2853.0,Human
Alberta,DA3-002-80,58.2801,-110.1896,1980,210941.4602,Human
Alberta,DL2-034-80,54.4022,-111.6853,1980,378.988104,Human
Manitoba,6-10-3-80,50.823,-97.667,1980,307.5,Human
Manitoba,RM3,50.7542,-100.2333,1980,470.0,Human
British Columbia,1980-G70006,56.133,-122.32,1980,1984.0,Human
British Columbia,1980-G70008,56.133,-122.427,1980,1976.0,Human
Alberta,DL2-024-80,55.9317,-110.1777,1980,467.2905111,Human
Alberta,DS2-001-80,55.1466,-114.5171,1980,1641.465668,Human
Alberta,DL2-027-80,54.3423,-111.9593,1980,19719.96713,Human
Saskatchewan,MUDHOLE,53.23,-108.3,1980,931.0,Human
Manitoba,4-7-1-80,49.685,-99.333,1980,5945.9,Human
Manitoba,3-4-5-80,49.5157,-96.3973,1980,882.0,Human
Ontario,FOR11,48.8047,-94.5875,1980,2622.399902,Human
Alberta,DS1-002-80,55.4774,-114.3856,1980,552.3878079,Human
Manitoba,7-1-3-80,51.7536,-100.4277,1980,404.6,Human
Manitoba,6-7-1-80,51.1839,-98.1838,1980,6823.3,Human
Manitoba,6-7-2-80,50.8783,-98.0737,1980,31077.0,Human
Manitoba,4-6-1-80,50.6572,-99.0962,1980,323.7,Human
Manitoba,7-1-7-80,51.2171,-99.3897,1980,40468.0,Human
Manitoba,3-2-2-80,49.0811,-96.3936,1980,1076.2,Human
Manitoba,3-4-1-80,49.6186,-96.4465,1980,3700.4,Human
Manitoba,3-7-2-80,49.7145,-95.81,1980,216.6,Human
Manitoba,3-8-3-80,49.7734,-96.3783,1980,1655.1,Human
Saskatchewan,SWAMP,52.8,-103.53,1980,283.0,Human
Manitoba,4-6-4-80,50.8193,-99.0962,1980,242.7,Human
Manitoba,6-5-1-80,51.1139,-97.0481,1980,1768.6,Human
British Columbia,1980-K60004,50.126,-120.253,1980,221.3,Human
British Columbia,1980-C20028,51.455,-122.806,1980,200.0,Human
British Columbia,1980-C20019,51.861,-122.388,1980,600.0,Human
Manitoba,1-8-2-80,54.871,-98.4366,1980,940.9,Human
Yukon,1980WL002,60.026074,-128.179606,1980,12994.25,Human
Newfoundland and Labrador,1999-150,47.83,-54.52,1999,380.0,Human
Northwest Territories,VQ-057,64.49806714,-121.0102088,2023,1271.3,Unknown
Yukon,2022DA027,64.905,-140.8957,2022,300.0,Unknown
Yukon,2022OC002,66.2072,-140.8517,2022,266.0,Unknown
Yukon,2022DA029,65.7268,-140.6819,2022,693.0,Unknown
Yukon,2022BC003,62.4833,-140.6,2022,4000.0,Unknown
Yukon,2022DA039,64.5696,-140.1542,2022,218.0,Unknown
Yukon,2022OC007,66.9093,-140.1045,2022,500.0,Unknown
Yukon,2022DA008,63.3068,-139.5953,2022,1200.0,Unknown
Yukon,2022OC006,66.6566,-139.5391,2022,1000.0,Unknown
Yukon,2022OC008,67.2576,-139.4992,2022,5000.0,Unknown
Yukon,2022OC005,66.5776,-139.0164,2022,2128.0,Unknown
Yukon,2022DA031,65.6823,-138.6621,2022,413.0,Unknown
Yukon,2022DA017,63.1731,-138.5265,2022,348.0,Unknown
Yukon,2022DA006,63.45,-138.295,2022,900.0,Unknown
Yukon,2022OC003,68.0961,-138.2851,2022,3226.0,Unknown
Yukon,2022DA015,63.8133,-138.2417,2022,710.0,Unknown
Yukon,2022OC004,67.8079,-138.0491,2022,2434.0,Unknown
Yukon,2022DA026,65.715,-137.9693,2022,1000.0,Unknown
Yukon,2022DA009,65.5598,-137.9602,2022,319.0,Unknown
Yukon,2022OC010,67.6583,-137.5592,2022,1271.0,Unknown
Yukon,2022CA017,62.6997,-137.5041,2022,2571.0,Unknown
Yukon,2022CA027,62.8056,-137.3257,2022,893.0,Unknown
Yukon,2022OC015,67.2408,-137.208,2022,1800.0,Unknown
Yukon,2022MA013,63.5422,-136.9896,2022,3352.0,Unknown
Yukon,2022DA033,65.4142,-136.945,2022,1036.0,Unknown
Yukon,2022CA013,62.5054,-136.9428,2022,789.0,Unknown
Yukon,2022OC011,67.5092,-136.9389,2022,4000.0,Unknown
Yukon,2022MA017,63.694,-136.9156,2022,1800.0,Unknown
Yukon,2022MA028,63.3619,-136.8798,2022,659.0,Unknown
Yukon,2022OC013,67.5092,-136.8009,2022,800.0,Unknown
Yukon,2022MA005,63.5916,-136.7573,2022,511.78,Unknown
Yukon,2022OC014,67.0612,-136.734,2022,300.0,Unknown
Yukon,2022CA034,62.9911,-136.6941,2022,2482.0,Unknown
Yukon,2022DA032,65.5438,-136.627,2022,1000.0,Unknown
Yukon,2022MA029,63.1387,-136.523,2022,1521.0,Unknown
Yukon,2022OC016,66.7282,-136.5122,2022,2500.0,Unknown
Yukon,2022MA021,63.2289,-136.4652,2022,4545.0,Unknown
Yukon,2022CA016,62.7965,-136.2252,2022,8000.0,Unknown
Yukon,2022CA025,61.5732,-136.1088,2022,412.0,Unknown
Yukon,2022DA041,65.537,-136.0651,2022,294.0,Unknown
Yukon,2022MA020,63.0508,-135.8322,2022,2919.0,Unknown
Yukon,2022MA053,65.4425,-135.8033,2022,1000.0,Unknown
Yukon,2022MA019,63.4743,-135.7689,2022,538.0,Unknown
Yukon,2022CA010,62.33,-135.6537,2022,200.0,Unknown
Yukon,2022MA032,64.1254,-135.5197,2022,846.0,Unknown
Yukon,2022MA054,65.5286,-135.5052,2022,1000.0,Unknown
Yukon,2022MA030,63.9852,-135.4404,2022,450.0,Unknown
Yukon,2022MA006,65.2998,-135.363,2022,1000.0,Unknown
Yukon,2022MA018,63.7405,-135.331,2022,4417.0,Unknown
Yukon,2022MA033,64.2188,-135.2798,2022,1089.0,Unknown
Yukon,2022MA056,65.4989,-135.0021,2022,500.0,Unknown
Yukon,2022MA047,65.9981,-134.9951,2022,1600.0,Unknown
Yukon,2022MA057,65.3656,-134.9739,2022,1000.0,Unknown
Yukon,2022MA058,65.2808,-134.6886,2022,400.0,Unknown
Yukon,2022MA014,64.1836,-134.6266,2022,1776.0,Unknown
Yukon,2022MA059,64.8965,-134.4358,2022,500.0,Unknown
Yukon,2022MA035,63.785,-134.4354,2022,700.0,Unknown
Yukon,2022MA034,64.1646,-134.3345,2022,1500.0,Unknown
Yukon,2022MA051,64.0636,-134.0461,2022,300.0,Unknown
Yukon,2022RR022,62.4678,-133.7164,2022,2199.0,Unknown
Yukon,2022MA052,63.5225,-133.6643,2022,600.0,Unknown
Yukon,2022MA043,63.4585,-133.6113,2022,1800.0,Unknown
Yukon,2022MA002,64.3357,-133.5787,2022,400.0,Unknown
Yukon,2022MA039,63.4038,-133.4687,2022,11000.0,Unknown
Yukon,2022MA007,65.4972,-133.4455,2022,1000.0,Unknown
Yukon,2022TE002,60.893,-133.3174,2022,600.0,Unknown
Yukon,2022RR025,62.8761,-133.2824,2022,969.0,Unknown
Yukon,2022MA037,63.6299,-132.9417,2022,4000.0,Unknown
Yukon,2022MA060,65.8851,-132.8072,2022,3500.0,Unknown
Yukon,2022RR026,62.8404,-132.7408,2022,1805.0,Unknown
Yukon,2022MA048,63.4262,-132.7333,2022,2000.0,Unknown
Yukon,2022MA038,63.6198,-132.7326,2022,1000.0,Unknown
Yukon,2022MA008,65.7096,-132.5896,2022,1000.0,Unknown
Yukon,2022MA050,63.3477,-132.5524,2022,300.0,Unknown
Yukon,2022TE005,60.9619,-132.4042,2022,750.0,Unknown
Yukon,2022RR038,63.4162,-131.9887,2022,229.87,Unknown
Yukon,2022RR019,62.6291,-131.7815,2022,782.0,Unknown
Yukon,2022RR028,62.0356,-131.6506,2022,696.0,Unknown
Yukon,2022RR002,62.4985,-131.3689,2022,6233.0,Unknown
Yukon,2022RR036,63.2492,-131.0708,2022,1459.63,Unknown
Yukon,2022RR001,61.7431,-130.9017,2022,1203.0,Unknown
Yukon,2022RR035,62.9772,-130.8269,2022,818.0,Unknown
Yukon,2022RR039,63.4514,-130.7284,2022,243.24,Unknown
Yukon,2022RR013,61.7118,-130.7207,2022,551.0,Unknown
Yukon,2022RR033,62.0459,-130.1976,2022,2000.0,Unknown
Yukon,2022WL011,60.1196,-130.1307,2022,1200.0,Unknown
Yukon,2022WL009,60.7334,-129.8932,2022,440.0,Unknown
Yukon,2022RR030,62.48,-129.8892,2022,2000.0,Unknown
Yukon,2022WL008,61.388,-129.6583,2022,1500.0,Unknown
Yukon,2022WL006,60.8884,-129.4475,2022,1013.0,Unknown
Yukon,2022WL003,61.7075,-129.2099,2022,400.0,Unknown
Yukon,2022WL016,60.925,-129.1538,2022,2000.0,Unknown
Yukon,2022WL026,61.6787,-128.3215,2022,350.0,Unknown
Yukon,2022WL015,60.6417,-128.3182,2022,5000.0,Unknown
Yukon,2022WL029,60.9762,-127.4659,2022,1700.0,Unknown
Yukon,2022WL035,60.283,-126.9915,2022,386.0,Unknown
Yukon,2022WL036,60.2966,-126.6851,2022,429.0,Unknown
Yukon,2022WL032,60.0494,-126.6793,2022,311.0,Unknown
Yukon,2022WL014,60.5226,-126.1744,2022,10893.0,Unknown
Yukon,2022WL034,60.8618,-125.8853,2022,1764.0,Unknown
Yukon,2022WL033,60.1584,-125.8732,2022,1219.6,Unknown
Yukon,2022WL019,60.6109,-125.8629,2022,300.0,Unknown
Yukon,2022WL020,60.4005,-125.5761,2022,300.0,Unknown
Yukon,2022WL021,60.1816,-125.1221,2022,1274.0,Unknown
Manitoba,NE-105-257-98,59.517,-99.5,1998,7243.2,Natural
Manitoba,NE-109-256-98,58.8,-97.417,1998,2970.3,Natural
Manitoba,NE-105-252-98,59.433,-100.583,1998,761.3,Natural
Manitoba,NE-105-254-98,58.35,-98.583,1998,1174.6,Natural
Manitoba,NE-105-255-98,58.283,-98.833,1998,3580.7,Natural
Manitoba,NE-101-258-98,57.167,-97.167,1998,19735.0,Natural
Manitoba,NE-102-253-98,57.5,-99.0,1998,78958.0,Natural
Manitoba,105024,58.8160309,-101.6064437,2000,300.0,Unknown
Manitoba,110618,59.2100161,-97.1853453,2003,2643.089,Unknown
Manitoba,105013,58.0388899,-101.2641259,2000,299.998,Unknown
Manitoba,105022,58.0476198,-101.0458945,2000,399.985,Unknown
Manitoba,105023,57.9282079,-101.0448608,2000,200.001,Unknown
Manitoba,105035,58.8160467,-99.8790655,2000,3231.82,Unknown
Manitoba,105113,58.8224324,-99.8136063,2000,566.889,Unknown
Manitoba,105123,58.4213068,-101.6101851,2001,1072.451,Unknown
Manitoba,105125,58.0535425,-101.7612104,2001,3195.648,Unknown
Manitoba,105126,58.0725393,-101.4993396,2001,2433.789,Unknown
Manitoba,115172,58.2096943,-101.6427317,2003,264.65,Unknown
Manitoba,115628,58.4740386,-100.5727422,2003,279.564,Unknown
Manitoba,115631,58.7045014,-101.2055005,2003,331.606,Unknown
Manitoba,115647,57.7503859,-101.3459765,2003,1105.392,Unknown
Manitoba,2004115048,57.7981459,-101.1715566,2004,503.1,Natural
Manitoba,110593,58.2571449,-95.1900083,2003,391.61,Unknown
Manitoba,110620,57.352166,-93.3685346,2003,3888.141,Unknown
Manitoba,110624,57.9002003,-94.1361589,2003,659.447,Unknown
Manitoba,110625,57.982992,-94.5441827,2003,9814.655,Unknown
Manitoba,110619,57.1575555,-92.7092536,2003,2943.277,Unknown
Manitoba,110635,57.8139321,-92.8732747,2003,1839.026,Unknown
Manitoba,111623,56.9828993,-90.1173733,2003,13665.292,Unknown
Manitoba,105112,57.8446806,-100.2205764,2001,1245.326,Unknown
Manitoba,110496,57.853258,-97.1945569,2003,1162.26,Unknown
Manitoba,110617,57.7314061,-97.0318365,2003,338.572,Unknown
Manitoba,110630,57.85321,-97.194527,2003,1108.438,Unknown
Manitoba,110636,57.8095851,-96.9547617,2003,891.668,Unknown
Manitoba,115645,58.0475205,-98.9544734,2003,784.033,Unknown
Manitoba,103128,56.8742378,-95.3986758,2000,793.311,Unknown
Manitoba,109131,58.1191524,-96.3535513,2001,1532.549,Unknown
Manitoba,110622,57.8679691,-95.9991465,2003,1820.552,Unknown
Manitoba,110633,57.9078033,-96.0464655,2003,398.949,Unknown
Manitoba,111594,57.570636,-95.9381495,2003,39000.25,Unknown
Manitoba,111599,56.8351238,-96.6664323,2003,715.904,Unknown
Manitoba,111608,57.1378457,-95.4908434,2003,1288.344,Unknown
Manitoba,111609,57.5034529,-96.369095,2003,9853.555,Unknown
Manitoba,111612,56.9844015,-96.324147,2003,5211.868,Unknown
Manitoba,111616,57.3209316,-96.7020212,2003,16984.103,Unknown
Manitoba,111629,57.1300354,-95.9181689,2003,6623.824,Unknown
Manitoba,105127,57.5728054,-101.277239,2001,596.285,Unknown
Manitoba,105128,57.4166002,-101.4422706,2001,2492.915,Unknown
Manitoba,105142,56.8456168,-101.8686088,2001,9198.025,Unknown
Manitoba,105145,56.7551611,-101.153029,2001,573.337,Unknown
Manitoba,105157,56.4985025,-101.7289197,2001,5570.471,Unknown
Manitoba,105095,57.6916702,-99.8133346,2001,1855.067,Unknown
Manitoba,105110,57.7720911,-99.995683,2001,812.208,Unknown
Manitoba,105111,57.8288274,-99.9287236,2001,715.257,Unknown
Manitoba,115103,57.9636029,-99.2024426,2003,200.002,Unknown
Manitoba,103102,56.6897282,-94.0510238,2000,32087.782,Unknown
Manitoba,110651,57.4509958,-93.5479591,2003,1286.077,Unknown
Manitoba,110658,57.279503,-93.8494971,2003,368.945,Unknown
Manitoba,111170,56.717975,-93.4542906,2002,524.328,Unknown
Manitoba,111297,56.5388351,-94.14494,2003,583.014,Unknown
Manitoba,111304,56.5566599,-93.7957223,2003,4941.887,Unknown
Manitoba,111347,56.9324735,-92.373205,2003,2249.735,Unknown
Manitoba,111348,56.6948911,-92.7046305,2003,14223.195,Unknown
Manitoba,111525,56.7502985,-94.02108,2003,511.937,Unknown
Manitoba,111529,56.8791351,-94.13545,2003,77632.087,Unknown
Manitoba,111595,55.9621846,-92.8109068,2003,5592.31,Unknown
Manitoba,111596,56.1455089,-93.4994185,2003,792.754,Unknown
Manitoba,111600,56.7159984,-93.0049969,2003,214.48,Unknown
Manitoba,111601,56.6451778,-93.5150977,2003,589.2,Unknown
Manitoba,111602,56.8830039,-92.8014976,2003,530.352,Unknown
Manitoba,111607,56.6365026,-92.9659968,2003,381.642,Unknown
Manitoba,111610,57.0709067,-93.4488296,2003,5368.025,Unknown
Manitoba,111611,56.8700727,-93.5457927,2003,30580.792,Unknown
Manitoba,111621,56.4629981,-89.7163758,2003,345.917,Unknown
Manitoba,111627,55.6639854,-92.2851932,2003,4358.016,Unknown
Manitoba,111634,56.8387937,-92.6941471,2003,881.565,Unknown
Manitoba,111638,56.6619788,-90.4926439,2003,8371.333,Unknown
Manitoba,111641,56.5734262,-91.3331392,2003,6924.787,Unknown
Manitoba,111644,56.3723287,-90.0230962,2003,7431.402,Unknown
Manitoba,111646,55.631652,-91.9754582,2003,7679.718,Unknown
Manitoba,111648,56.5406219,-89.8929849,2003,3874.633,Unknown
Manitoba,111652,56.0005103,-91.75924,2003,3441.517,Unknown
Manitoba,111653,56.1575002,-91.5294973,2003,380.289,Unknown
Manitoba,111654,55.9334968,-91.4915011,2003,291.691,Unknown
Manitoba,111656,56.0299984,-92.7790033,2003,284.646,Unknown
Manitoba,112200,55.2541054,-92.0418629,2002,4638.868,Unknown
Manitoba,112378,55.2315522,-92.2219154,2003,2031.444,Unknown
Manitoba,112604,55.4455313,-92.3757435,2003,387.175,Unknown
Manitoba,112606,55.2004258,-91.6341447,2003,330.114,Unknown
Manitoba,112657,55.286939,-91.9205924,2003,347.453,Unknown
Manitoba,102103,57.4906147,-98.3612477,2000,1263.028,Unknown
Manitoba,102129,57.456146,-98.6151556,2001,1400.788,Unknown
Manitoba,102137,57.2989797,-98.7073517,2001,383.638,Unknown
Manitoba,102138,57.6325968,-98.7037022,2001,593.924,Unknown
Manitoba,110615,57.732114,-97.2074556,2003,5833.155,Unknown
Manitoba,111614,57.4996003,-96.9283925,2003,495.365,Unknown
Manitoba,114339,57.3115715,-97.9975346,2003,1966.894,Unknown
Manitoba,114555,57.4539006,-98.4754848,2003,254.209,Unknown
Manitoba,114632,57.3015187,-97.682517,2003,910.652,Unknown
Manitoba,105066,57.0947389,-100.2282389,2001,478.619,Unknown
Manitoba,105077,57.2277286,-100.1311823,2001,5057.126,Unknown
Manitoba,105113,57.6058968,-100.8630986,2001,433.873,Unknown
Manitoba,105114,57.3909872,-100.6341504,2001,2148.554,Unknown
Manitoba,105115,57.5090302,-100.7314968,2001,1925.22,Unknown
Manitoba,105116,57.3070261,-100.6579811,2001,2365.448,Unknown
Manitoba,105161,57.0994428,-101.2427089,2001,242.056,Unknown
Manitoba,105162,57.0998089,-101.3057684,2001,8524.979,Unknown
Manitoba,105186,57.1609469,-100.6903145,2001,592.074,Unknown
Manitoba,102168,56.7761529,-100.1926467,2001,448.388,Unknown
Manitoba,102201,56.9801331,-99.9374361,2001,403.807,Unknown
Manitoba,105065,57.0070374,-100.1335082,2001,3778.762,Unknown
Manitoba,102099,56.5229437,-98.767584,2001,1636.78,Unknown
Manitoba,111639,56.9996219,-92.2061894,2003,342.714,Unknown
Manitoba,111640,56.7898152,-90.5690132,2003,1685.153,Unknown
Manitoba,101175,55.8046029,-95.9406282,2001,5585.191,Unknown
Manitoba,103083,55.8873888,-94.5187082,2000,2304.322,Unknown
Manitoba,103085,55.9601483,-94.4064461,2000,6448.911,Unknown
Manitoba,103271,56.0177138,-96.2556133,2001,303.835,Unknown
Manitoba,106086,55.08851,-93.887383,2000,368.357,Unknown
Manitoba,106090,55.2452247,-93.701906,2000,788.608,Unknown
Manitoba,111637,56.5284726,-92.0435124,2003,6404.115,Unknown
Manitoba,111643,56.167541,-92.8608681,2003,11632.308,Unknown
Manitoba,111597,55.9642486,-91.0584445,2003,300.272,Unknown
Manitoba,111642,56.2899825,-90.4122181,2003,16215.529,Unknown
Manitoba,111650,56.0454105,-91.499853,2003,6797.47,Unknown
Manitoba,103038,56.166041,-96.3460902,2001,711.294,Unknown
Manitoba,101275,55.3075015,-96.0439307,2001,3281.046,Unknown
Manitoba,103241,55.8070009,-94.8427851,2001,1239.076,Unknown
Manitoba,NE-108-249-98,54.679,-98.284,1998,2414.0,Natural
Manitoba,106129,55.5364317,-93.1509918,2000,2354.89,Unknown
Manitoba,106130,55.2274565,-93.1250729,2000,463.52,Unknown
Manitoba,106131,55.6112696,-92.96939,2000,220.601,Unknown
Manitoba,106268,54.3736876,-92.9535766,2001,235.377,Unknown
Manitoba,107076,53.7359892,-94.8976143,2000,1176.315,Unknown
Manitoba,226003,53.6805257,-100.3820175,2002,995.409,Unknown
Manitoba,201004,53.9945053,-101.3165864,2001,570.095,Unknown
Manitoba,201051,53.730877,-101.7118532,2000,459.841,Unknown
Manitoba,201052,53.6584265,-101.3861572,2000,554.947,Unknown
Manitoba,107048,53.6169567,-95.8859565,2000,8108.674,Unknown
Manitoba,107067,53.6172436,-94.2550517,2000,5797.653,Unknown
Manitoba,104057,53.4198702,-97.6640658,2000,203.742,Unknown
Manitoba,104060,53.1713638,-97.1042353,2000,9820.39,Unknown
Manitoba,313008,52.9570137,-101.5028795,2001,594.97,Unknown
Manitoba,313009,52.9236747,-101.4489226,2001,220.092,Unknown
Manitoba,336010,52.9627263,-101.5152793,2003,1812.502,Unknown
Manitoba,104058,53.4186442,-96.6889295,2000,3376.446,Unknown
Manitoba,104278,52.9818397,-96.3599619,2001,227.824,Unknown
Manitoba,336014,52.7917107,-101.0575262,2003,1753.74,Unknown
Manitoba,336051,52.8730071,-101.3394103,2002,3893.422,Unknown
Manitoba,343002,52.1560919,-100.1937219,2003,335.159,Unknown
Manitoba,343020,52.0143259,-100.2339877,2002,555.716,Unknown
Manitoba,343025,51.5915994,-99.3191196,2002,242.391,Unknown
Manitoba,408007,51.7359749,-99.6511815,2001,284.116,Unknown
Manitoba,451002,51.7687852,-99.2296192,2002,728.572,Unknown
Manitoba,451007,52.0441017,-99.6369543,2002,726.141,Unknown
Manitoba,451039,51.5799135,-98.9723448,2002,795.617,Unknown
Manitoba,408009,51.6685959,-98.6352991,2001,263.498,Unknown
Manitoba,408050,51.6368503,-98.6258898,2000,256.461,Unknown
Manitoba,408053,51.6232339,-98.5930804,2000,1086.035,Unknown
Manitoba,408054,51.6275006,-98.6857038,2000,483.2,Unknown
Manitoba,408060,51.7619514,-98.3880467,2001,200.911,Unknown
Manitoba,451010,51.6557712,-98.5865984,2002,201.257,Unknown
Manitoba,451041,51.8457176,-98.3423596,2002,884.319,Unknown
Manitoba,334018,51.6590415,-100.5436516,2002,366.402,Unknown
Manitoba,452115,51.3875766,-97.6487518,2003,1192.381,Unknown
Manitoba,454121,50.7654071,-97.0974344,2003,438.967,Unknown
Manitoba,456171,50.6144537,-97.1683735,2003,436.371,Unknown
Manitoba,406051,51.3733943,-97.5959478,2000,2671.951,Unknown
Manitoba,450134,50.3262411,-96.5972672,2003,873.085,Unknown
Manitoba,452032,51.1963529,-97.8441237,2002,207.426,Unknown
Manitoba,452108,51.4590662,-97.3912877,2003,223.075,Unknown
Manitoba,452118,51.4682489,-97.364921,2003,429.775,Unknown
Manitoba,343003,51.3539257,-99.1966215,2003,6660.804,Unknown
Manitoba,307023,49.6876331,-99.3922921,2001,633.268,Unknown
Manitoba,514016,49.79489,-96.4190056,2000,3979.536,Unknown
Manitoba,514022,49.1878575,-96.6831867,2000,1834.94,Unknown
Manitoba,563001,49.7990288,-96.3998395,2003,1190.053,Unknown
Manitoba,115056,56.7682569,-101.9859494,2002,1005.066,Unknown
Manitoba,115057,57.2829911,-99.9402594,2002,1314.726,Unknown
Manitoba,111272,56.8092506,-100.2307223,2003,3169.734,Unknown
Manitoba,117101,56.8707371,-97.3256407,2002,508.915,Unknown
Manitoba,117626,56.6460089,-97.5795097,2003,39785.693,Unknown
Manitoba,111124,56.1422158,-94.6731717,2002,11029.691,Unknown
Manitoba,111552,55.9634698,-94.1504077,2003,22268.963,Unknown
Manitoba,111649,55.7913857,-93.5212962,2003,2171.62,Unknown
Manitoba,112299,56.5081157,-94.6226412,2003,2399.449,Unknown
Manitoba,112458,55.2648273,-94.1757075,2003,2202.417,Unknown
Manitoba,112518,55.2770667,-93.5579017,2003,8377.114,Unknown
Manitoba,111505,56.4012053,-96.1354442,2003,41738.323,Unknown
Manitoba,112149,56.0344909,-96.3201279,2003,6460.8,Unknown
Manitoba,117031,55.7770266,-97.7410624,2003,2576.001,Unknown
Manitoba,117292,56.0173988,-97.9538987,2003,42524.607,Unknown
Manitoba,112156,55.1652048,-95.5540512,2003,2960.451,Unknown
Manitoba,117068,55.4117031,-95.6584887,2002,1403.23,Unknown
Manitoba,117069,55.4165244,-95.6343058,2002,263.258,Unknown
Manitoba,116020,54.7723128,-97.7330677,2003,580.283,Unknown
Manitoba,111598,55.5900289,-92.6976705,2003,56281.804,Unknown
Manitoba,112228,54.7415316,-92.3558047,2003,31199.158,Unknown
Manitoba,112267,55.0422555,-92.8088509,2002,1426.778,Unknown
Manitoba,112380,55.4775145,-92.9485523,2003,692.675,Unknown
Manitoba,112381,55.3437633,-93.0540501,2003,265.457,Unknown
Manitoba,112464,55.0230666,-92.712417,2003,4679.823,Unknown
Manitoba,112526,54.3674571,-93.7324104,2003,269.442,Unknown
Manitoba,112603,54.7694554,-92.245597,2003,1738.051,Unknown
Manitoba,112605,54.8260696,-92.3670753,2003,1278.234,Unknown
Manitoba,112613,54.8609955,-92.2100054,2003,1113.814,Unknown
Manitoba,112655,55.4144999,-92.546501,2003,296.293,Unknown
Manitoba,113097,53.6768092,-94.0687832,2003,15309.93,Unknown
Manitoba,113133,53.7953078,-93.5875365,2003,15658.454,Unknown
Manitoba,113140,53.9297676,-94.0493863,2003,31372.349,Unknown
Manitoba,113162,54.0980255,-95.8931156,2003,17254.47,Unknown
Manitoba,113163,53.9659906,-95.4393981,2003,68931.238,Unknown
Manitoba,113182,54.1963238,-93.1807943,2002,397.001,Unknown
Manitoba,113193,53.8359847,-94.5798552,2002,208.343,Unknown
Manitoba,113198,54.2375939,-93.0506703,2002,235.008,Unknown
Manitoba,116150,53.9873537,-96.5539644,2003,30641.409,Unknown
Manitoba,116169,54.0188859,-96.6077199,2003,1049.675,Unknown
Manitoba,116277,54.525098,-96.1475471,2003,890.437,Unknown
Manitoba,116524,53.8790848,-96.2310286,2003,1947.12,Unknown
Manitoba,2004112120,54.9379446,-93.7110243,2004,518.4,Unknown
Manitoba,112145,54.2985601,-95.0008301,2003,12198.399,Unknown
Manitoba,112146,54.6000996,-93.2830008,2003,21571.258,Unknown
Manitoba,222060,54.680637,-100.6804922,2002,221.508,Unknown
Manitoba,116235,54.1093712,-98.2928896,2003,300.205,Unknown
Manitoba,113158,53.3949635,-94.4664232,2002,8332.054,Unknown
Manitoba,113159,53.4227586,-94.22774,2002,4631.876,Unknown
Manitoba,113160,53.3424151,-95.7736059,2002,19460.435,Unknown
Manitoba,113166,53.3838491,-95.8643114,2002,374.758,Unknown
Manitoba,113181,53.3350321,-95.1804516,2002,7628.397,Unknown
Manitoba,502057,52.625858,-96.9270503,2000,478.935,Unknown
Manitoba,116216,52.9755478,-96.2441859,2003,365.616,Unknown
Manitoba,502062,52.3880167,-96.5519265,2000,15602.11,Unknown
Manitoba,565072,51.6688427,-95.3821166,2002,447.962,Unknown
Manitoba,565079,51.6854853,-95.3745516,2002,1607.507,Unknown
Manitoba,565086,52.8485338,-95.9105458,2003,8944.892,Unknown
Manitoba,565092,52.8693322,-96.1408231,2003,14114.727,Unknown
Manitoba,565096,52.6821053,-95.9373107,2003,9868.818,Unknown
Manitoba,565064,52.6842417,-95.4773535,2002,2859.472,Unknown
Manitoba,565067,52.4608697,-95.5152594,2002,2032.829,Unknown
Manitoba,565068,52.41115,-95.6303534,2002,1504.546,Unknown
Manitoba,565069,52.4138027,-95.6393295,2002,291.528,Unknown
Manitoba,565070,52.4173053,-95.4948369,2002,2624.055,Unknown
Manitoba,565080,51.6919116,-95.2823368,2002,1249.068,Unknown
Manitoba,565099,51.532789,-95.4607617,2003,8043.056,Unknown
Manitoba,512015,49.1105426,-96.3854814,2000,369.303,Unknown
Manitoba,514027,49.6249815,-96.4012023,2000,611.852,Unknown
Manitoba,563003,49.7018246,-95.8500645,2003,2347.504,Unknown
Manitoba,564042,50.2776707,-95.9710217,2003,210.564,Unknown
Manitoba,677003,49.1551083,-96.3398984,2003,5068.013,Unknown
Manitoba,677001,49.1533926,-96.3665315,2002,2270.772,Unknown
Manitoba,569007,49.1213264,-96.2217911,2003,1133.293,Unknown
Newfoundland and Labrador,2003-65303,56.75391,-61.8470489,2003,246.685,Natural
Newfoundland and Labrador,2012-638,55.473312,-60.447753,2012,433.363,Unknown
Newfoundland and Labrador,2003-63003,57.3943307,-62.7352751,2003,1250.045,Natural
Newfoundland and Labrador,2000-65300,54.1239613,-66.6763251,2000,3271.228,Natural
Newfoundland and Labrador,2000-65400,54.0881366,-67.3825162,2000,47812.949,Natural
Newfoundland and Labrador,2001-61301,53.7674158,-66.7642053,2001,446.27,Natural
Newfoundland and Labrador,2000-66900,55.2320009,-61.1125377,2000,12629.39,Natural
Newfoundland and Labrador,2000-68500,55.6372239,-61.7975934,2000,10103.158,Natural
Newfoundland and Labrador,2000-68400,55.4054997,-61.5005205,2000,1401.043,Natural
Newfoundland and Labrador,2000-68100,55.1692056,-61.1455428,2000,3159.076,Natural
Newfoundland and Labrador,2000-67000,55.3007067,-61.4413853,2000,3864.368,Natural
Newfoundland and Labrador,2000-68800,54.8528615,-61.7569517,2000,1274.586,Natural
Newfoundland and Labrador,2005-62505,52.8186701,-64.4018695,2005,3833.451,Natural
Newfoundland and Labrador,2000-61700,54.5199901,-66.7418481,2000,803.987,Natural
Newfoundland and Labrador,2000-65100,53.7102152,-66.3326373,2000,2474.678,Natural
Newfoundland and Labrador,2002-64502,53.4698637,-66.602965,2002,210.34,Natural
Newfoundland and Labrador,2003-64203,53.8029496,-64.4530369,2003,6161.17,Natural
Newfoundland and Labrador,2003-62403,52.8588357,-64.5807241,2003,699.823,Natural
Newfoundland and Labrador,2003-64003,52.8999016,-64.3719939,2003,661.151,Natural
Newfoundland and Labrador,2003-64103,53.053958,-64.3303851,2003,403.894,Natural
Newfoundland and Labrador,2012-631,54.849405,-59.529815,2012,1251.93,Unknown
Newfoundland and Labrador,2005-62605,54.3119717,-60.7216301,2005,575.929,Natural
Newfoundland and Labrador,2000-65700,54.4704488,-60.4316051,2000,4547.765,Natural
Newfoundland and Labrador,2002-61902,54.231259,-62.6777168,2002,10557.734,Natural
Newfoundland and Labrador,2003-64603,54.2847498,-61.7401315,2003,6715.839,Natural
Newfoundland and Labrador,2005-62705,54.3116459,-60.583215,2005,2951.412,Natural
Newfoundland and Labrador,2000-66500,54.1275569,-60.6217137,2000,3561.065,Natural
Newfoundland and Labrador,2000-68200,54.4259697,-59.4733152,2000,2747.87,Natural
Newfoundland and Labrador,2003-64503,54.2025797,-60.3305424,2003,1478.204,Natural
Newfoundland and Labrador,2010-606,52.8835256,-61.5976354,2010,549.04,Natural
Newfoundland and Labrador,2010-607,53.970307,-60.8819647,2010,249.683,Natural
Newfoundland and Labrador,2000-68300,53.4751772,-61.9175244,2000,1006.871,Natural
Newfoundland and Labrador,2003-63903,53.920606,-61.0861308,2003,1151.72,Natural
Newfoundland and Labrador,2013-62213,53.0305886,-61.2848151,2013,2474.861,Natural
Newfoundland and Labrador,2012-662,53.984521,-60.641096,2012,2697.4,Unknown
Newfoundland and Labrador,2012-603,53.317536,-60.490618,2012,697.284,Unknown
Newfoundland and Labrador,2012-657,53.837676,-60.588148,2012,6613.26,Unknown
Newfoundland and Labrador,2014-NL63214,53.2756582,-60.0100636,2014,8832.0,Unknown
Newfoundland and Labrador,NL-LAB-2000-(14),54.0750876,-57.5326386,2000,2069.087,Natural
Newfoundland and Labrador,2006-60706,52.9142484,-57.7802717,2006,2666.193,Natural
Newfoundland and Labrador,2002-61502,52.569699,-56.9730822,2002,3454.109,Natural
Newfoundland and Labrador,2012-634,52.827733,-56.393793,2012,2340.32,Unknown
Newfoundland and Labrador,2012-630,53.41629,-58.534728,2012,2535.6,Unknown
Newfoundland and Labrador,2004-61004,53.0910342,-63.0547569,2004,923.886,Natural
Newfoundland and Labrador,2005-60905,52.6956279,-62.6103898,2005,1974.317,Natural
Newfoundland and Labrador,2006-61906,52.1758647,-61.8127187,2006,559.414,Natural
Newfoundland and Labrador,2007-61007,53.046484,-63.0593576,2007,5984.855,Natural
Newfoundland and Labrador,2007-61407,52.14422,-61.8217991,2007,3433.195,Natural
Newfoundland and Labrador,2000-63900,53.3258225,-63.3675426,2000,769.754,Natural
Newfoundland and Labrador,2009-60710,53.4901359,-61.3180153,2009,16260.009,Natural
Newfoundland and Labrador,2003-63503,53.5778589,-61.7537841,2003,1804.118,Natural
Newfoundland and Labrador,2003-64903,53.760132,-61.5507596,2003,1249.172,Natural
Newfoundland and Labrador,2012-658,53.737215,-61.248268,2012,2369.79,Unknown
Newfoundland and Labrador,2012-659,53.769939,-61.279184,2012,1159.2,Unknown
Newfoundland and Labrador,2012-644,53.258161,-62.164211,2012,941.615,Unknown
Newfoundland and Labrador,2012-625,53.033567,-56.475938,2012,610.593,Unknown
Newfoundland and Labrador,2012-645,53.039666,-56.156545,2012,314.454,Unknown
Newfoundland and Labrador,2013-61313,52.9254629,-66.7456165,2013,27592.935,Human
Newfoundland and Labrador,2007-61707,52.4652391,-59.8159699,2007,1188.096,Natural
Newfoundland and Labrador,2003-65403,52.2281369,-61.6350818,2003,3479.287,Natural
Newfoundland and Labrador,2003-65103,52.1648659,-60.607127,2003,1627.753,Natural
Newfoundland and Labrador,2005-60805,52.2265346,-66.0003391,2005,8641.348,Natural
Newfoundland and Labrador,2000-66400,52.3494681,-66.3380426,2000,279.103,Natural
Newfoundland and Labrador,2000-64100,52.7026859,-66.3160207,2000,695.065,Natural
Newfoundland and Labrador,2012-637,52.683341,-57.551923,2012,3185.94,Unknown
Yukon,1995MA024,66.025024,-133.10503,1995,502.5,Unknown
Yukon,9900DA999,0.0,0.0,2000,363.0,Unknown
Northwest Territories,2009-NA-9,62.0492,-127.4853,2009,200.0,Natural
Northwest Territories,2009-NA-4,61.8202,-126.3531,2009,300.0,Natural
Northwest Territories,2009-NA-7,61.2511,-126.5157,2009,3150.0,Natural
Northwest Territories,2009-NA-8,61.3869,-126.7931,2009,1900.0,Natural
Northwest Territories,2009-NA-12,61.4716,-126.0673,2009,400.0,Natural
Alberta,2009-WB-9,59.8658,-115.2344,2009,1354.0,Natural
Yukon,2009-NA-13,61.1247,-127.0072,2009,200.0,Natural
Alberta,2008-WB-18,59.3038,-113.4254,2008,278.0,Natural
Northwest Territories,2008-WB-21,60.355,-113.295,2008,1886.0,Natural
Alberta,2009-WB-1,58.6069,-111.6958,2009,19352.0,Human
Alberta,2008-WB-24,58.6964,-112.8533,2008,670.0,Natural
Saskatchewan,2009-PA-3,54.1742,-106.4433,2009,408.0,Natural
Saskatchewan,2009-PA-8,54.2422,-106.4086,2009,4200.0,Natural
Saskatchewan,2009-PA-18,53.8264,-106.48,2009,204.0,Natural
Alberta,2009-BA-13,51.8286,-116.0786,2009,797.0,Natural
Alberta,2008-EI-2,52.3306,-112.1667,2008,8000.0,Human
Ontario,HEA2,48.8063,-83.9826,1995,1567.0,Unknown
Ontario,NIP1,49.5734,-86.834,1997,580.0,Unknown
Ontario,HEA1,48.83,-83.7524,1995,1470.0,Unknown
Ontario,HEA1,49.9669,-84.6922,2011,420.0,Unknown
Ontario,THU1,49.355,-90.3836,1995,900.0,Unknown
Ontario,FOR1,48.1335,-91.5081,2001,400.0,Unknown
Ontario,NIP1,49.8445,-85.6508,1999,220.0,Unknown
Ontario,SLK2,50.5506,-91.1438,2014,200.0,Unknown
Ontario,FOR1,49.0643,-91.2299,1996,256.0,Unknown
Ontario,FOR1,48.1115,-91.2266,2000,1200.0,Unknown
Ontario,RED1,51.1984,-93.83,2001,300.0,Unknown
Ontario,WAW1,48.5977,-84.7349,1995,435.0,Unknown
