province,fire_id,latitude,longitude,year,size_ha,cause,size
Alberta,EWF121,53.076067,-117.131367,2018,397.73,Human,Very small
Manitoba,MB2018NE179,56.15555556,-90.95027778,2018,299.0,Natural,Very small
British Columbia,2018-V52889,50.2898,-124.7157,2018,658.0,Human,Very small
,2018WL2,48.9934,-113.9395,2018,272.0,Unknown,Very small
British Columbia,2018-N22883,51.1689,-117.2551,2018,767.0,Natural,Very small
Manitoba,MB2018EA158,52.25027778,-96.64916667,2018,300.0,Natural,Very small
Manitoba,MB2018EA159,51.27555556,-95.17583333,2018,254.0,Natural,Very small
Saskatchewan,18SR-SMITH,58.351867,-106.588817,2018,4696.8,Natural,Very small
Alberta,MWF095,59.715083,-110.712383,2018,608.13,Natural,Very small
Saskatchewan,18SR-HAWKROCK,58.745167,-104.767433,2018,906.1,Natural,Very small
Manitoba,MB2018NE167,57.36666667,-97.00861111,2018,5951.4,Natural,Very small
British Columbia,2018-R92725,59.4884,-129.4953,2018,2514.0,Natural,Very small
British Columbia,2018-G62717,56.1406,-125.6552,2018,600.0,Natural,Very small
Alberta,HWF212,59.15325,-114.068567,2018,6728.0,Natural,Very small
Alberta,2018WB14,59.141,-113.9928,2018,3582.3,Natural,Very small
British Columbia,2018-K42705,50.2878,-118.7019,2018,255.0,Natural,Very small
Manitoba,2018WP1,57.869773,-93.772631,2018,200.0,Natural,Very small
British Columbia,2018-K62690,49.1829,-120.3105,2018,13626.0,Natural,Very small
British Columbia,2018-K52670,49.2539,-119.909,2018,1380.0,Natural,Very small
British Columbia,2018-C12637,53.1088,-123.8983,2018,370.0,Natural,Very small
British Columbia,2018-C52646,51.9737,-125.5419,2018,1386.16,Natural,Very small
British Columbia,2018-G32617,52.2909,-119.199,2018,320.0,Natural,Very small
Saskatchewan,2018GR12,49.0559,-106.6998,2018,330.0,Natural,Very small
British Columbia,2018-R92631,59.515,-129.13,2018,5464.0,Natural,Very small
British Columbia,2018-N52571,49.0047,-118.0555,2018,377.0,Natural,Very small
British Columbia,2018-C42820,52.148,-120.6935,2018,350.0,Natural,Very small
British Columbia,2018-C12594,52.7536,-124.5121,2018,10687.0,Natural,Very small
British Columbia,2018-N42593,51.7831,-117.5186,2018,272.0,Natural,Very small
British Columbia,2018-N42490,51.2803,-116.7411,2018,201.0,Natural,Very small
British Columbia,2018-N12563,49.4058,-115.111,2018,458.0,Natural,Very small
British Columbia,2018-N12574,49.6838,-114.7349,2018,582.0,Natural,Very small
British Columbia,2018-N52721,50.2743,-118.134,2018,346.0,Natural,Very small
British Columbia,2018-N52792,50.3951,-118.1811,2018,677.0,Natural,Very small
British Columbia,2018-N52849,50.1121,-118.1721,2018,250.0,Natural,Very small
British Columbia,2018-N52471,50.0339,-117.4736,2018,558.0,Natural,Very small
British Columbia,2018-N52548,49.3774,-117.8816,2018,3193.0,Natural,Very small
British Columbia,2018-N52566,49.707,-118.1559,2018,1195.0,Natural,Very small
British Columbia,2018-N52723,49.5583,-118.2178,2018,548.0,Natural,Very small
British Columbia,2018-N52489,49.4897,-118.0644,2018,3849.0,Natural,Very small
British Columbia,2018-N52497,49.4042,-118.0955,2018,2227.0,Natural,Very small
British Columbia,2018-N62729,49.4543,-118.359,2018,415.0,Natural,Very small
British Columbia,2018-N12515,49.0723,-115.4571,2018,2392.0,Natural,Very small
British Columbia,2018-V92456,50.3656,-127.1902,2018,779.0,Natural,Very small
British Columbia,2018-V92595,50.0767,-126.4814,2018,448.0,Natural,Very small
British Columbia,2018-V82480,50.2868,-127.1087,2018,1070.0,Natural,Very small
British Columbia,2018-V82525,50.1626,-126.9296,2018,981.0,Natural,Very small
British Columbia,2018-V82888,49.9129,-126.9648,2018,284.2,Natural,Very small
Manitoba,MB2018NE178,57.86,-93.78166667,2018,253.0,Natural,Very small
British Columbia,2018GL10,51.3974,-117.5793,2018,201.5,Natural,Very small
British Columbia,2018-N12413,49.8293,-115.9438,2018,714.0,Natural,Very small
British Columbia,2018-N12395,49.4919,-114.8611,2018,956.0,Human,Very small
British Columbia,2018-V92443,50.1868,-126.8701,2018,260.0,Natural,Very small
British Columbia,2018-V82579,49.9529,-126.979,2018,800.0,Natural,Very small
British Columbia,2018-R42356,55.2038,-128.1227,2018,357.0,Natural,Very small
British Columbia,2018-G32369,53.04,-119.8151,2018,485.0,Natural,Very small
British Columbia,2018-N42384,51.4557,-116.8924,2018,221.0,Natural,Very small
British Columbia,2018-K52361,49.9865,-119.9476,2018,642.0,Natural,Very small
Northwest Territories,SS009-18,60.858333,-102.371333,2018,223.0,Natural,Very small
Northwest Territories,FS025-18,60.0,-122.2355,2018,2269.3,Natural,Very small
British Columbia,2018-G92313,59.0083,-121.847,2018,374.5,Natural,Very small
British Columbia,2018-G92334,59.7041,-122.9826,2018,872.3,Natural,Very small
British Columbia,2018-C12328,53.1731,-123.5254,2018,8277.5,Natural,Very small
British Columbia,2018-V12311,49.3148,-121.6702,2018,427.0,Human,Very small
British Columbia,2018-R12315,53.1507,-126.5614,2018,87684.96,Natural,Small
British Columbia,2018-K62317,49.7773,-121.1585,2018,2432.0,Natural,Very small
Saskatchewan,18BN-SMOKE,56.669383,-107.951833,2018,4118.0,Natural,Very small
British Columbia,2018-R92303,57.6019,-131.0149,2018,11000.0,Natural,Very small
British Columbia,2018-C12302,52.783,-122.8101,2018,4636.0,Natural,Very small
British Columbia,2018-V52370,50.8801,-124.6866,2018,1100.0,Natural,Very small
British Columbia,2018-R22298,54.4721,-126.4002,2018,216.6,Human,Very small
British Columbia,2018-K72289,50.5879,-122.4996,2018,848.0,Natural,Very small
Alberta,RWF049,51.85565,-115.704317,2018,1129.0,Natural,Very small
British Columbia,2018-R22258,55.1578,-126.1788,2018,3366.0,Natural,Very small
British Columbia,2018-R12270,53.4735,-125.6034,2018,9253.0,Natural,Very small
British Columbia,2018-K22285,51.9062,-119.0734,2018,313.0,Natural,Very small
Northwest Territories,SS008-18,60.128166,-106.305833,2018,1919.1,Natural,Very small
Ontario,THU52,50.6996,-89.7669,2018,8306.599609,Natural,Very small
British Columbia,2018-R32182,55.1115,-126.653,2018,2524.0,Natural,Very small
British Columbia,2018-G32211,52.2945,-118.7266,2018,236.0,Natural,Very small
British Columbia,2018-K22198,51.9564,-120.3083,2018,1050.0,Natural,Very small
British Columbia,2018-R92132,59.4452,-128.6512,2018,156775.0,Natural,Medium
British Columbia,2018-R92162,57.91,-130.6285,2018,2568.0,Natural,Very small
British Columbia,2018-V12179,49.6921,-121.5444,2018,410.6,Natural,Very small
British Columbia,2018-V12169,49.7387,-121.2168,2018,281.7,Natural,Very small
British Columbia,2018-V12167,49.1431,-121.186,2018,5949.0,Natural,Very small
Saskatchewan,18SR-SNOOK,59.693556,-109.384004,2018,1107.5,Natural,Very small
Alberta,2018WB12,59.3109,-112.0929,2018,4752.6,Natural,Very small
Ontario,RED170,52.0648,-95.0591,2018,9401.099609,Natural,Very small
British Columbia,2018-G92084,58.9445,-120.7005,2018,17896.6,Natural,Very small
British Columbia,2018-R12068,53.3606,-126.7467,2018,60631.83,Natural,Small
British Columbia,2018-K42067,50.5934,-118.5665,2018,504.0,Natural,Very small
Manitoba,MB2018NE161,56.89861111,-92.93027778,2018,240.0,Natural,Very small
British Columbia,2018-G82215,57.4487,-121.1231,2018,23042.0,Natural,Very small
British Columbia,2018-C22371,51.8885,-122.2253,2018,300.0,Natural,Very small
British Columbia,2018-R32009,55.5305,-126.8278,2018,884.0,Natural,Very small
British Columbia,2018-G32051,52.3678,-118.5952,2018,10622.0,Natural,Very small
British Columbia,2018-G42036,53.5361,-124.4761,2018,224.0,Natural,Very small
British Columbia,2018-N72106,50.2327,-117.1555,2018,1045.0,Natural,Very small
British Columbia,2018-N52073,50.0804,-117.6024,2018,624.0,Natural,Very small
Yukon,2018TE002,60.49733333,-132.78605,2018,996.0,Natural,Very small
British Columbia,2018-R91655,58.4927,-130.9213,2018,3531.0,Natural,Very small
British Columbia,2018-R91947,57.9006,-131.252,2018,121215.0,Natural,Medium
British Columbia,2018-R41980,55.5625,-127.806,2018,562.0,Natural,Very small
British Columbia,2018-C11937,53.1239,-123.824,2018,13433.1,Natural,Very small
British Columbia,2018-C11837,52.9205,-125.2018,2018,12284.0,Natural,Very small
British Columbia,2018-C42331,51.2693,-120.8583,2018,245.0,Natural,Very small
British Columbia,2018-C42324,51.2507,-121.2912,2018,609.0,Natural,Very small
British Columbia,2018-V52153,50.9039,-124.1441,2018,2900.0,Natural,Very small
British Columbia,2018-V52743,50.7,-124.7304,2018,873.0,Natural,Very small
British Columbia,2018-R41913,55.6199,-127.2565,2018,10851.0,Natural,Very small
British Columbia,2018-R41945,55.6935,-127.8297,2018,2370.0,Natural,Very small
British Columbia,2018-G51928,55.7462,-125.8108,2018,1500.0,Natural,Very small
British Columbia,2018-R11921,53.9302,-125.3636,2018,21381.0,Natural,Very small
British Columbia,2018-N41889,51.6408,-118.4137,2018,481.0,Natural,Very small
British Columbia,2018-N21982,50.6709,-115.763,2018,3015.0,Natural,Very small
British Columbia,2018-N51880,50.4759,-117.8252,2018,234.0,Natural,Very small
British Columbia,2018-V92348,51.7617,-125.4193,2018,19050.2,Natural,Very small
Saskatchewan,18SR-DUM,58.874637,-109.539997,2018,6885.9,Natural,Very small
Saskatchewan,18BN-WOODS,56.6403,-107.986467,2018,7406.4,Natural,Very small
Saskatchewan,18BN-CARSWELL,58.706904,-109.174093,2018,5039.0,Natural,Very small
Saskatchewan,18BN-KEN,58.7063,-108.898083,2018,904.0,Natural,Very small
Manitoba,MB2018NE156,56.3375,-93.32388889,2018,635.0,Natural,Very small
Manitoba,MB2018NE157,56.30388889,-91.31194444,2018,311.0,Natural,Very small
Yukon,2018TE001,60.38523334,-131.67475,2018,3514.0,Natural,Very small
Yukon,2018XY011,60.02163334,-134.5851667,2018,2097.0,Natural,Very small
British Columbia,2018-G92052,58.7333,-127.7167,2018,2484.2,Natural,Very small
British Columbia,2018-C31678,52.4028,-121.1035,2018,1255.0,Natural,Very small
British Columbia,2018-C32603,52.6627,-120.6611,2018,1000.0,Natural,Very small
British Columbia,2018-C41844,52.0337,-120.6839,2018,407.0,Natural,Very small
British Columbia,2018-C41848,52.0631,-120.6626,2018,216.0,Natural,Very small
British Columbia,2018-C42358,52.0676,-120.445,2018,596.0,Natural,Very small
British Columbia,2018-C42138,51.9308,-120.9417,2018,587.0,Natural,Very small
British Columbia,2018-C42393,51.9851,-121.0548,2018,497.0,Natural,Very small
British Columbia,2018-C41745,51.4298,-121.9117,2018,7228.0,Natural,Very small
British Columbia,2018-R41684,56.1826,-127.8518,2018,1345.0,Natural,Very small
British Columbia,2018-R11683,53.7548,-125.3258,2018,8100.0,Natural,Very small
British Columbia,2018-R11796,53.8473,-125.9871,2018,47610.0,Natural,Small
British Columbia,2018-R21721,53.9067,-127.0659,2018,86767.0,Natural,Small
British Columbia,2018-G31718,52.4905,-118.7491,2018,803.0,Natural,Very small
British Columbia,2018-G31735,52.7728,-119.0516,2018,700.0,Natural,Very small
British Columbia,2018-N42293,51.6693,-118.5318,2018,338.0,Natural,Very small
British Columbia,2018-K41791,50.4238,-118.4569,2018,394.3,Unknown,Very small
British Columbia,2018-K41813,50.6212,-118.5988,2018,1370.4,Natural,Very small
British Columbia,2018-N21714,50.71,-116.39,2018,374.0,Natural,Very small
British Columbia,2018-K41800,50.1253,-118.8955,2018,858.0,Natural,Very small
British Columbia,2018-VA1964,52.7135,-126.2235,2018,44816.8,Natural,Small
British Columbia,2018-VA1787,52.9253,-126.4012,2018,79394.0,Natural,Small
Quebec,20181080524,51.399,-63.3979,2018,813.0,Natural,Very small
Yukon,2018WL012,60.06228334,-127.8375833,2018,1232.0,Natural,Very small
British Columbia,2018GL3,51.1067,-117.2675,2018,2324.0,Natural,Very small
British Columbia,2018KO6,50.9892,-115.9122,2018,3600.0,Natural,Very small
British Columbia,2018-R92033,59.8559,-128.6699,2018,100779.0,Natural,Medium
British Columbia,2018-G61601,56.6158,-124.282,2018,247.0,Natural,Very small
British Columbia,2018-G61633,55.7595,-124.842,2018,1110.0,Natural,Very small
British Columbia,2018-G61652,55.848,-125.0735,2018,2940.0,Natural,Very small
British Columbia,2018-G51634,55.1924,-125.3604,2018,2290.3,Natural,Very small
British Columbia,2018-G51636,55.4368,-125.3302,2018,1600.0,Natural,Very small
British Columbia,2018-G51632,54.8414,-124.6383,2018,8245.0,Natural,Very small
British Columbia,2018-G51653,55.1027,-125.7988,2018,2497.0,Natural,Very small
British Columbia,2018-G41607,53.3716,-124.5842,2018,20200.0,Human,Very small
Manitoba,MB2018NE152,56.99638889,-92.95666667,2018,568.0,Natural,Very small
Yukon,2018OC005,67.10015,-138.8843667,2018,1000.0,Natural,Very small
Yukon,2018OC006,66.41116667,-139.8546667,2018,200.0,Natural,Very small
Ontario,COC25,55.5882,-87.8163,2018,430.0,Natural,Very small
Ontario,COC23,50.2187,-81.6276,2018,375.0,Natural,Very small
British Columbia,2018-G61586,57.3765,-126.1253,2018,6987.0,Natural,Very small
British Columbia,2018-N51557,49.12,-117.1314,2018,703.0,Natural,Very small
Alberta,RWF045,51.879,-116.382,2018,1738.0,Natural,Very small
Ontario,COC30,55.7993,-88.3311,2018,365.0,Natural,Very small
Ontario,COC26,55.668,-87.961,2018,1200.0,Natural,Very small
British Columbia,2018-R91656,58.9113,-130.0461,2018,662.0,Natural,Very small
British Columbia,2018-N11886,49.48,-116.5108,2018,9284.0,Natural,Very small
British Columbia,2018-N72301,49.1312,-116.8605,2018,6798.0,Natural,Very small
British Columbia,2018-N72436,49.002,-115.8951,2018,1181.0,Natural,Very small
Manitoba,MB2018NE154,59.27222222,-96.27027778,2018,12643.3,Natural,Very small
Manitoba,MB2018NE176,56.23638889,-90.02194444,2018,964.0,Natural,Very small
Manitoba,MB2018NE149,55.98,-94.365,2018,236.0,Natural,Very small
Ontario,FOR24,48.503,-91.4641,2018,2626.0,Natural,Very small
British Columbia,2018-R11498,54.202,-125.2064,2018,92412.0,Human,Small
British Columbia,2018-N12407,50.0297,-115.1699,2018,760.0,Natural,Very small
British Columbia,2018-N41525,50.9809,-116.1457,2018,1334.0,Natural,Very small
British Columbia,2018-N51624,50.1906,-118.172,2018,795.6,Natural,Very small
British Columbia,2018-N12024,49.1331,-114.3607,2018,2007.0,Natural,Very small
British Columbia,2018-N71602,49.3797,-116.5135,2018,1558.0,Natural,Very small
Northwest Territories,FS021-18,60.071166,-120.597166,2018,240.4,Natural,Very small
British Columbia,2018RE5,51.0518,-117.9983,2018,340.0,Natural,Very small
British Columbia,2018KO3,50.9803,-116.1566,2018,445.0,Natural,Very small
Ontario,NIP49,53.2932,-88.0929,2018,398.6000061,Natural,Very small
British Columbia,2018-G91474,59.4179,-127.6563,2018,2358.5,Unknown,Very small
British Columbia,2018-G91472,59.9949,-122.2565,2018,2342.0,Natural,Very small
British Columbia,2018-R51479,54.6756,-127.9303,2018,868.7,Natural,Very small
Alberta,HWF177,59.269083,-119.4795,2018,3159.4,Natural,Very small
Yukon,2018OC004,66.75000001,-135.15,2018,220.0,Natural,Very small
Yukon,2018DA010,64.60821666,-140.7632167,2018,441.0,Natural,Very small
Northwest Territories,VQ006-18,65.926,-125.348333,2018,404.7,Natural,Very small
Northwest Territories,FS014-18,63.425833,-122.817333,2018,1437.6,Natural,Very small
Northwest Territories,FS016-18,60.6755,-121.894333,2018,366.9,Natural,Very small
Yukon,2018DA009,64.13816667,-140.2619,2018,655.0,Natural,Very small
Northwest Territories,EV002-18,67.039,-131.34,2018,254.4,Natural,Very small
Northwest Territories,FS013-18,62.020833,-123.956666,2018,3600.9,Natural,Very small
Yukon,2018WL007,60.63226667,-129.9377333,2018,8394.0,Natural,Very small
British Columbia,2018-C31691,52.501,-120.72,2018,233.0,Natural,Very small
British Columbia,2018-C31692,52.5427,-120.6375,2018,200.0,Natural,Very small
Yukon,2018MA002,63.77173333,-134.9081,2018,4157.0,Human,Very small
Ontario,NIP45,53.3761,-87.9688,2018,315.3999939,Natural,Very small
Quebec,20181080504,51.8486,-63.6404,2018,710.5,Natural,Very small
Northwest Territories,ZF003-18,63.118333,-112.693333,2018,715.8,Natural,Very small
Ontario,NIP53,52.1212,-88.9638,2018,347.5,Natural,Very small
British Columbia,2018-C31689,52.4966,-120.8532,2018,522.0,Natural,Very small
Ontario,COC20,50.5026,-81.2319,2018,895.0,Natural,Very small
British Columbia,2018-G31313,52.739,-119.5326,2018,334.0,Natural,Very small
Ontario,PEM6,46.1266,-78.0632,2018,697.0,Natural,Very small
Ontario,PAR33,45.8646,-80.694,2018,11362.5,Human,Very small
British Columbia,2018-G41250,54.1448,-124.4633,2018,373.1,Natural,Very small
British Columbia,2018-N51329,49.8523,-117.2228,2018,2363.0,Natural,Very small
British Columbia,2018-N51446,50.7957,-117.6569,2018,227.0,Natural,Very small
British Columbia,2018-K51242,49.7537,-119.6889,2018,1370.3,Natural,Very small
British Columbia,2018-K51264,49.7135,-119.7646,2018,1790.0,Natural,Very small
British Columbia,2018-K51238,49.0846,-119.8695,2018,19226.0,Natural,Very small
British Columbia,2018-K61241,49.1286,-120.3662,2018,2372.0,Natural,Very small
Ontario,HEA13,50.1004,-85.1409,2018,927.0,Natural,Very small
Ontario,RED96,51.0119,-94.8339,2018,2152.300049,Natural,Very small
Ontario,RED97,51.1192,-94.7553,2018,17256.09961,Natural,Very small
Ontario,COC14,49.8678,-80.8196,2018,4899.0,Natural,Very small
Ontario,HEA12,50.0503,-81.9863,2018,487.0,Natural,Very small
Manitoba,MB2018EA096,51.30416667,-95.64194444,2018,60132.0,Natural,Small
Ontario,SLK68,52.0376,-89.6552,2018,468.0,Natural,Very small
Ontario,RED76,51.1542,-94.9997,2018,8239.700195,Natural,Very small
Ontario,RED103,50.9683,-94.6751,2018,504.2000122,Natural,Very small
Ontario,RED80,51.1229,-94.744,2018,320.0,Natural,Very small
Ontario,KEN77,50.6293,-94.7292,2018,321.0,Natural,Very small
Ontario,KEN71,50.4015,-95.079,2018,10272.0,Natural,Very small
Ontario,RED82,51.2692,-94.9414,2018,1522.599976,Natural,Very small
Ontario,RED81,51.2584,-94.965,2018,4163.200195,Natural,Very small
Yukon,2018DA008,63.26950001,-138.9715,2018,4411.0,Natural,Very small
Ontario,RED86,51.2923,-94.7834,2018,1552.599976,Natural,Very small
Ontario,RED70,51.593,-94.7027,2018,5477.799805,Natural,Very small
Ontario,SLK67,52.06,-89.7732,2018,765.9000244,Natural,Very small
British Columbia,2018-K21128,50.6802,-120.2309,2018,545.0,Human,Very small
Manitoba,MB2018NE137,58.20083333,-96.81777778,2018,1503.0,Natural,Very small
Manitoba,MB2018NE134,57.79472222,-98.37277778,2018,30642.8,Natural,Small
Manitoba,MB2018NE135,57.41166667,-98.71472222,2018,2755.3,Natural,Very small
Ontario,SLK117,50.8327,-90.2058,2018,520.7999878,Natural,Very small
Saskatchewan,18LA-CLOSE,57.913267,-104.7584,2018,445.5,Natural,Very small
Saskatchewan,18LA-BRIAN,56.376967,-102.22115,2018,372.8,Natural,Very small
Manitoba,MB2018NE128,57.97472222,-101.1275,2018,790.0,Natural,Very small
Manitoba,MB2018NE127,58.31638889,-99.755,2018,1440.0,Natural,Very small
Manitoba,MB2018NE131,57.39138889,-96.16888889,2018,1036.0,Natural,Very small
Manitoba,MB2018NE126,57.90555556,-99.44305556,2018,2669.2,Natural,Very small
Manitoba,MB2018NE177,56.15222222,-90.72444444,2018,526.0,Natural,Very small
Northwest Territories,2018WB10,60.0381,-113.92,2018,3461.9,Natural,Very small
Manitoba,MB2018NW025,55.36222222,-101.1183333,2018,285.0,Natural,Very small
Quebec,20181080408,50.4564,-79.0594,2018,5608.9,Natural,Very small
Quebec,20181080424,52.0333,-77.0264,2018,1675.0,Natural,Very small
Yukon,2018WL006,60.73246667,-130.2659167,2018,6462.0,Natural,Very small
Ontario,NOR72,47.3711,-80.4615,2018,27285.69922,Natural,Small
Ontario,NIP31,51.5554,-88.4201,2018,638.2000122,Natural,Very small
Ontario,SLK56,52.3592,-91.7261,2018,291.1000061,Natural,Very small
Manitoba,MB2018NE122,57.43138889,-99.95861111,2018,1227.5,Natural,Very small
Manitoba,MB2018NE119,57.61805556,-100.8336111,2018,1039.8,Natural,Very small
Manitoba,MB2018NE120,57.63277778,-100.6938889,2018,256.8,Natural,Very small
Manitoba,MB2018NE123,57.07972222,-100.4980556,2018,1009.4,Natural,Very small
Quebec,20181080406,51.5586,-79.4233,2018,1184.8,Natural,Very small
Ontario,SLK51,52.3612,-91.256,2018,281.6000061,Natural,Very small
Ontario,SLK55,52.357,-91.5367,2018,287.3999939,Natural,Very small
Ontario,SLK53,52.8725,-89.0437,2018,411.3999939,Natural,Very small
Ontario,SLK57,52.7569,-89.0235,2018,9689.299805,Natural,Very small
Ontario,NIP32,53.1853,-87.7702,2018,2284.899902,Natural,Very small
Alberta,HWF165,59.925967,-119.940917,2018,2083.4,Natural,Very small
Manitoba,MB2018NE116,57.28666667,-98.50583333,2018,1482.0,Natural,Very small
Yukon,2018WL005,60.33698334,-129.4194,2018,27481.0,Natural,Small
Ontario,SLK48,52.3492,-90.327,2018,4576.0,Natural,Very small
Ontario,NOR69,47.0247,-79.8479,2018,221.0,Natural,Very small
Ontario,NOR68,46.8671,-79.3987,2018,396.1000061,Natural,Very small
British Columbia,2018-V91119,51.8303,-125.8644,2018,12313.0,Natural,Very small
Quebec,20181080368,49.034,-76.4836,2018,9754.2,Natural,Very small
Quebec,20181080353,53.5272,-78.0758,2018,539.3,Natural,Very small
Quebec,20181080336,50.7558,-77.7978,2018,252.0,Natural,Very small
Saskatchewan,18DB-HARP,54.826233,-103.051717,2018,1671.0,Natural,Very small
Ontario,NOR46,47.2536,-80.3584,2018,346.6000061,Natural,Very small
Ontario,NIP29,52.7287,-88.3483,2018,4553.5,Natural,Very small
Ontario,NIP30,52.8385,-88.2566,2018,32850.5,Natural,Small
Ontario,NOR42,46.7345,-80.0006,2018,337.0,Natural,Very small
Ontario,NOR62,46.6969,-80.1426,2018,2500.0,Natural,Very small
Ontario,NOR61,47.1749,-80.4543,2018,272.8999939,Natural,Very small
Ontario,NOR19,47.2398,-80.4682,2018,1406.699951,Natural,Very small
Manitoba,MB2018NE105,54.14666667,-96.715,2018,249.0,Natural,Very small
Manitoba,MB2018NE110,53.11666667,-95.34583333,2018,731.0,Natural,Very small
Quebec,20181080277,52.6186,-76.6953,2018,3096.0,Natural,Very small
Quebec,20181080304,51.1331,-77.98,2018,3006.4,Natural,Very small
Quebec,20181080308,51.6069,-77.9611,2018,1234.5,Natural,Very small
Quebec,20181080310,51.5253,-78.1408,2018,1142.5,Natural,Very small
Quebec,20181080291,52.5563,-72.2892,2018,7236.0,Natural,Very small
Quebec,20181080292,52.744,-72.0346,2018,2072.0,Natural,Very small
Quebec,20181080288,52.8478,-76.8794,2018,6184.0,Natural,Very small
Quebec,20181080282,52.7397,-76.4406,2018,514.9,Natural,Very small
Quebec,20181080283,52.5425,-75.655,2018,4664.0,Natural,Very small
Quebec,20181080286,52.5442,-75.9019,2018,896.8,Natural,Very small
Quebec,20181080301,52.9239,-75.5536,2018,4952.3,Natural,Very small
Quebec,20181080273,51.9147,-68.5663,2018,1714.8,Natural,Very small
Quebec,20181080275,52.0675,-68.5511,2018,6559.7,Natural,Very small
Quebec,20181080313,51.8283,-65.2562,2018,400.0,Natural,Very small
Alberta,EWF077,53.35965,-117.349633,2018,1065.27,Natural,Very small
Saskatchewan,18LA-POW,56.40675,-105.7862,2018,583.0,Natural,Very small
Manitoba,MB2018NE104,53.45055556,-96.19,2018,2292.3,Natural,Very small
Manitoba,MB2018NE101,52.91833333,-95.08805556,2018,2727.0,Natural,Very small
Quebec,20181080312,52.6694,-70.0567,2018,3400.0,Natural,Very small
Alberta,HWF162,58.0136,-114.221217,2018,298.0,Natural,Very small
Manitoba,MB2018NE095,54.09583333,-95.06388889,2018,325.9,Natural,Very small
Quebec,20181080261,49.2291,-69.8396,2018,12985.0,Human,Very small
Ontario,SLK44,52.0448,-89.0173,2018,3684.300049,Natural,Very small
Ontario,NIP20,52.5153,-87.6402,2018,8908.700195,Natural,Very small
Ontario,NIP16,51.8114,-87.9029,2018,1358.099976,Natural,Very small
Saskatchewan,18BN-FRISCO,57.4526,-109.103633,2018,2907.9,Natural,Very small
Saskatchewan,18SR-CORSON,58.79345,-103.769617,2018,1460.0,Natural,Very small
Saskatchewan,18LX-PORTER,56.707433,-106.64175,2018,322.7,Natural,Very small
Manitoba,MB2018NE085,56.16888889,-97.03027778,2018,1272.3,Natural,Very small
Manitoba,MB2018EA079,52.68611111,-96.53333333,2018,2057.0,Natural,Very small
British Columbia,2018-G90866,59.5539,-123.8226,2018,260.8,Natural,Very small
Alberta,SWF094,56.960433,-113.099793,2018,6200.0,Natural,Very small
Saskatchewan,18BN-KAYLE,56.415583,-109.869517,2018,3100.0,Natural,Very small
Saskatchewan,18BN-LARRY,56.399033,-109.8957,2018,8826.0,Natural,Very small
Saskatchewan,18BN-BRIAN,56.51955,-109.780467,2018,250.0,Natural,Very small
Saskatchewan,18BN-GRAHAM,55.908017,-109.846483,2018,496.0,Natural,Very small
Manitoba,MB2018NE072,56.65833333,-100.7763889,2018,5236.4,Natural,Very small
Manitoba,MB2018NE071,55.48944444,-93.56611111,2018,2497.0,Natural,Very small
Yukon,2018WL004,60.53873333,-126.8524667,2018,800.0,Natural,Very small
Yukon,2018WL003,60.86384999,-129.2294,2018,389.0,Natural,Very small
Alberta,HWF137,59.5909,-119.2651,2018,4374.9,Natural,Very small
Saskatchewan,18SR-FONTAINE,59.682203,-106.482502,2018,272.0,Natural,Very small
Saskatchewan,18LA-WALKER,57.105717,-104.983317,2018,1879.0,Natural,Very small
Saskatchewan,18LX-TIMSON,57.823933,-106.514667,2018,4832.0,Natural,Very small
Yukon,2018RR001,62.97884999,-133.9293834,2018,7500.0,Natural,Very small
Ontario,RED78,51.3043,-94.9721,2018,200.3000031,Natural,Very small
British Columbia,2018-G90763,59.5337,-120.4118,2018,3604.3,Natural,Very small
British Columbia,2018-G80883,57.9106,-120.9547,2018,318.0,Natural,Very small
British Columbia,2018-G80950,57.651,-120.805,2018,338.0,Natural,Very small
British Columbia,2018-G10696,53.4449,-124.0255,2018,2245.2,Natural,Very small
Saskatchewan,18DB-MADDEN,55.479283,-103.557117,2018,454.3,Natural,Very small
Yukon,2018WL002,61.15029999,-128.2992167,2018,5989.0,Natural,Very small
Ontario,SLK27,52.6072,-89.5542,2018,4527.899902,Natural,Very small
British Columbia,2018-G50614,55.0737,-125.0086,2018,1055.0,Natural,Very small
British Columbia,2018-G40639,53.9947,-124.8163,2018,240.0,Natural,Very small
Saskatchewan,18LA-BELL,57.321117,-103.425233,2018,954.0,Natural,Very small
Ontario,RED55,52.8741,-94.8951,2018,9396.599609,Natural,Very small
Ontario,RED57,52.7994,-94.7258,2018,590.5,Natural,Very small
Manitoba,MB2018NE065,56.01777778,-94.67444444,2018,358.0,Natural,Very small
Ontario,NIP13,51.9493,-87.5449,2018,582.2999878,Natural,Very small
Saskatchewan,18LX-ARTHUR,57.7466,-104.999633,2018,8905.0,Natural,Very small
Saskatchewan,18LA-KINDRA,57.573133,-104.594167,2018,1313.9,Natural,Very small
Saskatchewan,18LA-KEEFE,57.605283,-104.580917,2018,253.3,Natural,Very small
Saskatchewan,18LA-WOODS,56.2152,-103.3376,2018,9382.9,Natural,Very small
Saskatchewan,18LF-BORDER,54.07795,-105.527733,2018,393.0,Natural,Very small
Saskatchewan,18SR-MARGETTS,59.58935,-106.013133,2018,4511.0,Natural,Very small
Saskatchewan,18SR-EDAY,59.816567,-107.013083,2018,241.0,Natural,Very small
British Columbia,2018-G90544,59.6997,-124.0612,2018,1212.9,Natural,Very small
Saskatchewan,18DB-MOODY,54.466267,-102.384533,2018,3837.0,Natural,Very small
Ontario,COC5,53.028,-83.5953,2018,2685.0,Natural,Very small
Quebec,20181080242,50.1746,-72.6735,2018,2516.0,Human,Very small
Ontario,RED52,52.3096,-92.6106,2018,3475.199951,Natural,Very small
Ontario,SLK18,53.9934,-91.2892,2018,1494.099976,Natural,Very small
Ontario,RED38,52.4198,-92.8478,2018,24856.69922,Natural,Small
Ontario,SLK19,53.6609,-92.2465,2018,1195.199951,Natural,Very small
Ontario,SLK26,54.4275,-91.2188,2018,4806.5,Natural,Very small
Ontario,COC4,55.7184,-87.0294,2018,3264.0,Natural,Very small
Manitoba,MB2018NE058,54.74111111,-93.79555556,2018,6380.0,Human,Very small
Manitoba,MB2018NE056,55.02361111,-92.46527778,2018,5965.0,Natural,Very small
Yukon,2018OC001,66.49758334,-140.8893334,2018,2100.0,Natural,Very small
Northwest Territories,FS004-18,62.3,-123.016666,2018,1969.2,Natural,Very small
Northwest Territories,EV001-18,66.728833,-133.405333,2018,886.4,Natural,Very small
Manitoba,MB2018NE046,54.58722222,-94.13361111,2018,336.0,Human,Very small
Alberta,PWF047,57.035417,-118.153217,2018,3992.0,Natural,Very small
Alberta,MWF016,57.351917,-110.636,2018,2290.3,Natural,Very small
Northwest Territories,2018NA1,61.5462,-126.3081,2018,6195.1,Natural,Very small
Alberta,HWF083,58.86975,-116.517967,2018,4754.0,Natural,Very small
Alberta,HWF086,59.390417,-115.924533,2018,225.0,Natural,Very small
British Columbia,2018-G90358,58.4591,-123.7172,2018,261.0,Natural,Very small
British Columbia,2018-K20351,51.1492,-120.8518,2018,2700.0,Human,Very small
British Columbia,2018-K70348,50.6238,-122.4295,2018,483.0,Human,Very small
Alberta,LWF119,55.459333,-112.801317,2018,5436.3,Natural,Very small
Alberta,LWF121,55.815825,-110.742783,2018,208.9,Natural,Very small
Manitoba,MB2018CE065,51.27388889,-97.62666667,2018,230.3,Human,Very small
British Columbia,2018-G80337,57.4928,-122.842,2018,1700.0,Natural,Very small
British Columbia,2018-G80340,57.1635,-121.7515,2018,21795.0,Natural,Very small
British Columbia,2018-G80341,57.1072,-121.6197,2018,1700.0,Natural,Very small
Alberta,PWF034,57.4038,-119.9279,2018,1168.19,Natural,Very small
Alberta,LWF116,55.96805,-111.254467,2018,1775.7,Natural,Very small
Ontario,RED30,52.1116,-95.1095,2018,3506.800049,Human,Very small
British Columbia,2018-G90301,58.4169,-123.6602,2018,542.7,Natural,Very small
British Columbia,2018-G90305,58.4553,-123.5452,2018,4781.2,Natural,Very small
Alberta,LWF099,55.492667,-113.165917,2018,8647.6,Natural,Very small
Saskatchewan,18DB-POVOL,54.83365,-104.01625,2018,4626.0,Natural,Very small
Manitoba,MB2018CE061,51.89861111,-97.29861111,2018,257.0,Human,Very small
Manitoba,MB2018EA054,52.015,-95.40416667,2018,28000.0,Human,Small
Manitoba,MB2018CE063,50.98555556,-98.18638889,2018,2449.0,Human,Very small
British Columbia,2018-G80294,57.4692,-120.5512,2018,700.0,Natural,Very small
Manitoba,MB2018WE007,52.72638889,-100.6716667,2018,9093.0,Human,Very small
Manitoba,MB2018WE009,52.72916667,-100.6919444,2018,520.0,Human,Very small
Manitoba,MB2018CE059,51.785,-99.21944444,2018,1091.1,Human,Very small
British Columbia,2018-G40243,54.1545,-123.8226,2018,315.0,Natural,Very small
Manitoba,MB2018WE005,52.74944444,-100.8772222,2018,2000.0,Human,Very small
Manitoba,MB2018CE055,51.06222222,-98.16666667,2018,15017.0,Human,Very small
Manitoba,MB2018CE057,51.15916667,-98.23777778,2018,1087.0,Human,Very small
Saskatchewan,18WY-RABBIT,53.580598,-106.391655,2018,35416.0,Human,Small
Manitoba,MB2018CE051,50.26416667,-96.8325,2018,728.4,Human,Very small
Manitoba,MB2018CE050,50.89333333,-98.04972222,2018,231.7,Human,Very small
Saskatchewan,18DN-TUFF,54.54695,-108.4766,2018,6466.0,Human,Very small
Alberta,HWF050,58.738517,-117.254667,2018,602.7,Human,Very small
Saskatchewan,18BN-LANGLY,57.252658,-108.975876,2018,13444.0,Natural,Very small
Saskatchewan,18PA-RALLY,53.18275,-106.230283,2018,2570.0,Human,Very small
Manitoba,MB2018NE007,54.60666667,-98.01555556,2018,221.0,Human,Very small
Manitoba,MB2018WE002,52.09972222,-100.1775,2018,300.0,Human,Very small
Manitoba,MB2018CE042,51.95722222,-98.335,2018,1040.0,Human,Very small
Manitoba,MB2018CE034,51.75666667,-98.57,2018,225.8,Human,Very small
British Columbia,2018-G90138,57.9031,-123.7904,2018,530.0,Human,Very small
Manitoba,MB2018CE029,51.84166667,-99.48944444,2018,490.7,Human,Very small
Saskatchewan,18WY-PANP01-PB,53.71925,-106.627217,2018,1200.0,Human,Very small
Manitoba,MB2018CE022,51.68888889,-98.55944444,2018,362.2,Human,Very small
Manitoba,MB2018CE023,51.67222222,-98.60083333,2018,382.7,Human,Very small
Alberta,HWF029,58.847633,-118.738033,2018,255.0,Unknown,Very small
Saskatchewan,18HB-TEARING,53.929267,-102.19165,2018,208.2,Human,Very small
Alberta,2018WB1,58.5673,-113.6971,2018,12271.6,Unknown,Very small
Manitoba,MB2018CE016,51.71361111,-98.87722222,2018,925.9,Human,Very small
Manitoba,MB2018EA020,50.555,-96.25277778,2018,280.0,Human,Very small
Manitoba,MB2018EA015,49.20583333,-95.98916667,2018,4798.0,Human,Very small
Yukon,2018DA001,63.35641666,-139.40335,2018,2300.0,Human,Very small
Alberta,CWF258,50.085883,-114.2537,2017,1535.0,Human,Very small
New Brunswick,3-9-108,45.91057,-66.3582,2017,415.0,Human,Very small
Saskatchewan,17HB-SKPOW03,51.501283,-102.662983,2017,249.2,Human,Very small
Manitoba,CE022,51.391111,-97.490833,2017,200.0,Human,Very small
Alberta,HWF292,58.690667,-119.084833,2017,448.0,Human,Very small
Alberta,HWF291,58.733633,-119.027517,2017,1516.2,Human,Very small
Ontario,THU59,50.5624,-89.5126,2017,213.8000031,Natural,Very small
Ontario,THU58,50.8997,-89.4524,2017,281.7000122,Natural,Very small
Saskatchewan,17BN-ADAM,57.30958,-109.555817,2017,427.0,Natural,Very small
Manitoba,NE320,55.886944,-100.8925,2017,2240.8,Natural,Very small
Northwest Territories,VQ036-17,66.200333,-129.896833,2017,304.0,Natural,Very small
British Columbia,2017WL13,49.0682,-114.2923,2017,19302.9,Natural,Very small
British Columbia,2017-K52024,49.7298,-119.829,2017,2224.0,Human,Very small
Northwest Territories,FS022-17,60.155166,-120.675166,2017,813.0,Natural,Very small
British Columbia,2017-N11999,49.6221,-115.7007,2017,398.0,Human,Very small
Alberta,HWF280,59.820917,-118.039767,2017,13539.0,Natural,Very small
British Columbia,2017-N11984,49.0044,-114.4116,2017,903.1,Human,Very small
Alberta,RWF062,52.23025,-116.615167,2017,842.0,Human,Very small
Alberta,RWF063,51.995583,-116.143167,2017,628.0,Human,Very small
Northwest Territories,2017NA7,61.4591,-124.9867,2017,950.0,Natural,Very small
British Columbia,2017-G92008,59.4535,-121.0012,2017,301.1,Natural,Very small
British Columbia,2017-N11971,49.2833,-114.7663,2017,1751.0,Natural,Very small
British Columbia,2017-N11976,49.2196,-114.9393,2017,5800.0,Natural,Very small
British Columbia,2017-N11978,49.3705,-114.5962,2017,270.0,Natural,Very small
British Columbia,2017-N11966,49.0597,-114.3025,2017,15448.8,Natural,Very small
Northwest Territories,SS098-17,61.265833,-118.920833,2017,1382.0,Natural,Very small
British Columbia,2017-N11844,49.0,-115.3667,2017,1285.4,Natural,Very small
Saskatchewan,17LA-ZIMMER2,57.159783,-105.678917,2017,1339.5,Natural,Very small
Saskatchewan,17LA-GRAHAM2,57.040783,-105.9138,2017,2432.4,Natural,Very small
Saskatchewan,17LX-SOPHIA,56.863617,-106.24705,2017,440.4,Natural,Very small
Manitoba,NE312,56.468056,-94.375556,2017,1683.3,Natural,Very small
Manitoba,NE309,53.39,-96.806389,2017,251.0,Natural,Very small
British Columbia,2017-K12067,52.3431,-119.8737,2017,230.7,Natural,Very small
British Columbia,2017-K51878,49.8641,-119.1933,2017,465.0,Human,Very small
Manitoba,NE298,55.331667,-94.775833,2017,1309.0,Natural,Very small
Manitoba,NE299,55.43,-94.500278,2017,382.1,Natural,Very small
Manitoba,NE301,55.277222,-94.484444,2017,391.0,Natural,Very small
Manitoba,EA071,52.895,-96.798611,2017,228.6,Natural,Very small
British Columbia,2017-N41779,51.8824,-117.933,2017,213.0,Natural,Very small
Manitoba,NE311,53.556944,-96.898611,2017,2442.0,Natural,Very small
Saskatchewan,17DB-MADDEN,55.4627,-103.461817,2017,473.0,Natural,Very small
Manitoba,NE285,53.73,-95.990278,2017,2138.0,Natural,Very small
Manitoba,NE288,53.972778,-95.283611,2017,6366.0,Natural,Very small
Manitoba,NW071,55.150833,-100.006667,2017,537.0,Natural,Very small
Manitoba,NE278,57.926667,-99.613056,2017,244.0,Natural,Very small
Manitoba,NE279,53.0275,-95.304444,2017,685.0,Natural,Very small
Manitoba,NE280,53.081111,-95.325556,2017,239.5,Natural,Very small
Ontario,SLK175,53.365,-90.1962,2017,729.5,Natural,Very small
Manitoba,NE269,54.071111,-95.011389,2017,28841.5,Natural,Small
Manitoba,EA066,52.825556,-95.782222,2017,7121.0,Natural,Very small
Northwest Territories,SS092-17,61.938833,-106.883166,2017,3125.0,Natural,Very small
Northwest Territories,SS090-17,60.706,-108.320666,2017,466.0,Natural,Very small
Northwest Territories,SS094-17,60.525666,-104.735,2017,1212.0,Natural,Very small
Northwest Territories,SS091-17,60.446166,-107.732833,2017,2191.0,Natural,Very small
Northwest Territories,FS019-17,64.176,-122.457333,2017,306.0,Natural,Very small
Northwest Territories,FS018-17,63.473666,-121.4665,2017,757.0,Natural,Very small
Ontario,COC25,54.4824,-85.0543,2017,200.0,Natural,Very small
Alberta,HWF252,59.060983,-115.181917,2017,1852.0,Natural,Very small
Manitoba,NE256,56.959444,-100.300833,2017,830.3,Natural,Very small
Manitoba,NE266,55.656944,-96.1925,2017,361.0,Natural,Very small
Manitoba,NE267,54.211111,-96.409444,2017,630.4,Natural,Very small
Manitoba,NE264,53.785278,-97.000556,2017,1317.7,Natural,Very small
Alberta,SWF107,57.36025,-113.267667,2017,17023.0,Natural,Very small
Saskatchewan,17LA-TAYLOR,56.390917,-105.192033,2017,258.0,Natural,Very small
Saskatchewan,17LA-FORD,56.3846,-105.253517,2017,13076.3,Natural,Very small
Manitoba,NE251,55.575,-96.507222,2017,897.0,Natural,Very small
Manitoba,NE254,55.133611,-97.466389,2017,211.6,Natural,Very small
Northwest Territories,ZF057-17,64.9265,-115.523333,2017,221.0,Natural,Very small
Northwest Territories,SS088-17,60.9865,-110.725833,2017,2542.0,Natural,Very small
Northwest Territories,SS087-17,61.586666,-111.8525,2017,797.0,Natural,Very small
Northwest Territories,SS089-17,61.074833,-110.7925,2017,568.0,Natural,Very small
Northwest Territories,ZF058-17,64.5065,-117.951,2017,540.0,Natural,Very small
Alberta,2017WB27,58.4932,-113.7392,2017,2927.0,Natural,Very small
Alberta,MWF081,57.65545,-112.629733,2017,354.9,Natural,Very small
Saskatchewan,17SR-TELLYN,58.3643,-102.3767,2017,1272.6,Natural,Very small
Saskatchewan,17SR-EYES,58.30745,-102.354383,2017,353.4,Natural,Very small
Saskatchewan,17SR-TANKLESS,58.795883,-102.63405,2017,727.3,Natural,Very small
Saskatchewan,17SR-LYES,58.433033,-102.402517,2017,574.4,Natural,Very small
Manitoba,NE242,56.499722,-102.0,2017,3136.0,Natural,Very small
Manitoba,NE230,56.891389,-97.799167,2017,4116.0,Natural,Very small
Manitoba,NE241,53.767778,-96.323333,2017,1693.0,Natural,Very small
Manitoba,NE244,54.227778,-96.158611,2017,233.0,Natural,Very small
Manitoba,NE240,54.988889,-96.219167,2017,961.0,Natural,Very small
Northwest Territories,ZF054-17,64.5855,-114.786833,2017,392.0,Natural,Very small
Northwest Territories,ZF051-17,63.147666,-106.247333,2017,994.0,Natural,Very small
Northwest Territories,ZF063-17,63.000666,-110.302,2017,1568.0,Natural,Very small
Northwest Territories,ZF048-17,62.059666,-115.825,2017,2873.0,Natural,Very small
Northwest Territories,SS086-17,60.579166,-113.673666,2017,4209.0,Natural,Very small
Alberta,HWF246,58.18299,-114.232952,2017,255.0,Natural,Very small
Saskatchewan,17SR-LISBY,58.468433,-103.71405,2017,933.5,Natural,Very small
Saskatchewan,17LX-ENGEMMAN,57.888417,-106.923933,2017,50498.7,Natural,Small
Saskatchewan,17LA-REILLY,57.273167,-103.081083,2017,1264.2,Natural,Very small
Saskatchewan,17LA-GRAHAM,57.040783,-105.9138,2017,1152.8,Natural,Very small
Saskatchewan,17BN-FRISCO,57.540833,-107.538167,2017,16322.3,Natural,Very small
Manitoba,NE209,54.462778,-96.763889,2017,1307.1,Natural,Very small
Manitoba,NE226,53.426667,-96.988889,2017,1325.0,Natural,Very small
Manitoba,NE227,53.391667,-97.005556,2017,904.0,Natural,Very small
Northwest Territories,ZF049-17,63.961333,-115.615833,2017,308.0,Natural,Very small
Ontario,NIP95,52.821,-88.7771,2017,214.199997,Natural,Very small
British Columbia,2017-N21945,50.5552,-115.3325,2017,203.0,Natural,Very small
British Columbia,2017-N11676,49.8299,-116.2517,2017,322.0,Natural,Very small
Alberta,HWF242,58.01015,-114.840883,2017,719.0,Natural,Very small
Saskatchewan,17LA-KEY,57.060817,-105.176983,2017,918.2,Natural,Very small
Saskatchewan,17LA-DAKOTA,57.090017,-105.557933,2017,2583.6,Natural,Very small
Saskatchewan,17LA-CORNELL,56.12585,-105.522717,2017,808.7,Natural,Very small
Saskatchewan,17LA-ZIMMER,57.159783,-105.678917,2017,1411.0,Natural,Very small
Saskatchewan,17LA-LAKE2,56.958092,-105.650081,2017,21378.3,Natural,Very small
Manitoba,NE207,59.114444,-101.9025,2017,251.0,Natural,Very small
Manitoba,NE201,57.225,-96.070556,2017,1074.0,Natural,Very small
Manitoba,NE203,57.330833,-97.420278,2017,1672.0,Natural,Very small
Yukon,2017OC033,66.0789667,-134.1916833,2017,2048.87,Natural,Very small
Yukon,2017DA032,65.2174,-137.2791167,2017,515.31,Natural,Very small
Northwest Territories,EV024-17,66.814833,-133.209666,2017,1554.0,Natural,Very small
Ontario,RED69,52.5371,-92.6203,2017,1144.0,Natural,Very small
Ontario,SLK102,52.6177,-91.042,2017,397.2000122,Natural,Very small
Saskatchewan,17DB-TOP,55.740067,-102.925367,2017,1161.9,Natural,Very small
Manitoba,NE198,55.31,-93.433056,2017,407.0,Natural,Very small
Manitoba,NE196,53.862778,-97.081389,2017,526.7,Natural,Very small
Yukon,2017MA019,64.3526667,-135.0333333,2017,459.0,Natural,Very small
Northwest Territories,SS083-17,60.576166,-108.5045,2017,447.0,Natural,Very small
Northwest Territories,SS084-17,60.662666,-107.076166,2017,1290.0,Natural,Very small
Northwest Territories,SS085-17,60.993833,-111.6985,2017,9935.0,Natural,Very small
Northwest Territories,SS082-17,60.003833,-104.817333,2017,2633.0,Natural,Very small
Northwest Territories,FS017-17,60.941833,-123.703,2017,8476.0,Natural,Very small
British Columbia,2017-G71637,54.7557,-121.3269,2017,229.0,Natural,Very small
British Columbia,2017-N11664,49.8715,-115.319,2017,11763.7,Natural,Very small
British Columbia,2017-N51634,49.0267,-117.3498,2017,410.0,Human,Very small
Alberta,MWF071,57.8265,-111.647833,2017,487.2,Human,Very small
Saskatchewan,17SR-WALSH,59.029767,-103.135733,2017,1246.5,Natural,Very small
Manitoba,NE191,54.136111,-95.561944,2017,1105.0,Natural,Very small
Yukon,2017BC002,62.6666833,-138.1849,2017,217.0,Natural,Very small
Ontario,NIP65,52.5426,-87.5669,2017,3486.0,Natural,Very small
Ontario,NIP75,51.1411,-87.2637,2017,674.2999878,Natural,Very small
Ontario,NIP64,52.5439,-87.4917,2017,529.5,Natural,Very small
British Columbia,2017-N21628,50.213,-115.3471,2017,26399.0,Natural,Small
British Columbia,2017-N11927,49.3167,-115.8783,2017,2215.0,Natural,Very small
British Columbia,2017-N61615,49.542,-118.5224,2017,2500.0,Natural,Very small
Manitoba,NE183,58.076111,-99.932778,2017,1397.0,Natural,Very small
Manitoba,NE184,58.043333,-99.818889,2017,380.0,Natural,Very small
Manitoba,NE185,56.763056,-94.812222,2017,11055.1,Natural,Very small
Manitoba,NE178,57.273889,-97.736667,2017,2499.0,Natural,Very small
Manitoba,NW051,54.941111,-101.878889,2017,1613.0,Natural,Very small
Yukon,2017DA029,65.3348,-138.2175833,2017,1138.82,Natural,Very small
Northwest Territories,ZF056-17,64.588166,-116.105666,2017,522.0,Natural,Very small
Northwest Territories,ZF059-17,64.350333,-118.893166,2017,479.0,Natural,Very small
Ontario,NIP68,51.7752,-88.0356,2017,644.2999878,Natural,Very small
Ontario,NIP99,49.0957,-87.965,2017,530.7999878,Natural,Very small
Saskatchewan,17HB-NAMEW,54.282867,-102.101067,2017,6118.4,Natural,Very small
Manitoba,NE168,56.883056,-90.559167,2017,777.0,Natural,Very small
Manitoba,NE174,54.033611,-96.883611,2017,5197.0,Natural,Very small
Manitoba,NE175,54.083611,-96.98,2017,862.7,Natural,Very small
Yukon,2017DA028,63.5314167,-139.6120833,2017,573.8,Natural,Very small
Alberta,HWF221,58.180117,-114.49135,2017,4994.0,Natural,Very small
Saskatchewan,17SR-CRANBERRY,58.844567,-104.29365,2017,813.8,Natural,Very small
Saskatchewan,17SR-LECKIE,58.384017,-102.610517,2017,548.3,Natural,Very small
Saskatchewan,17SR-KYLE,58.36465,-102.068967,2017,346.4,Natural,Very small
Saskatchewan,17DB-USKIK,55.531967,-103.340683,2017,19485.5,Natural,Very small
Saskatchewan,17SR-PATTERSON,59.900233,-102.364717,2017,4063.3,Natural,Very small
Saskatchewan,17LA-BILLIS,56.790367,-103.86905,2017,1314.9,Natural,Very small
Saskatchewan,17DB-PRESTON,55.31755,-103.07195,2017,49118.1,Natural,Small
Saskatchewan,17SR-OLDMAN,59.723567,-107.571967,2017,4493.0,Natural,Very small
Saskatchewan,17SR-CUSHING,58.052258,-104.971866,2017,17272.1,Natural,Very small
Saskatchewan,17DB-GRANITE,54.904783,-102.60695,2017,123012.8,Natural,Medium
Manitoba,NE162,58.568333,-101.888056,2017,363.9,Natural,Very small
Manitoba,NE163,59.446389,-101.938611,2017,4982.0,Natural,Very small
Manitoba,NE152,57.398889,-101.226111,2017,1285.0,Natural,Very small
Manitoba,NE156,56.467222,-101.697778,2017,14875.0,Natural,Very small
Manitoba,NE159,57.020833,-101.94,2017,204.6,Natural,Very small
Manitoba,NE166,56.392222,-101.153056,2017,759.4,Natural,Very small
Manitoba,NE157,56.523889,-97.841944,2017,4248.2,Natural,Very small
Manitoba,NE160,54.153889,-96.237222,2017,1073.2,Natural,Very small
Manitoba,EA051,52.883056,-97.258611,2017,4624.0,Natural,Very small
Northwest Territories,SS078-17,60.142166,-108.859,2017,1875.0,Natural,Very small
Northwest Territories,SS079-17,60.753333,-105.653,2017,1646.0,Natural,Very small
Northwest Territories,SS077-17,60.6095,-112.137333,2017,5526.0,Natural,Very small
Ontario,SLK68,52.757,-89.0393,2017,510.1000061,Natural,Very small
Manitoba,NE149,57.053056,-101.859444,2017,11339.0,Natural,Very small
Manitoba,NE147,54.857778,-95.757222,2017,310.0,Natural,Very small
Northwest Territories,SS073-17,60.590833,-107.376166,2017,2626.0,Natural,Very small
Northwest Territories,SS075-17,61.495,-111.281,2017,1267.0,Natural,Very small
British Columbia,2017-G91534,59.7201,-120.8656,2017,4655.1,Natural,Very small
Saskatchewan,17SR-WASPISON,58.676867,-102.071467,2017,571.9,Natural,Very small
Saskatchewan,17DB-WILKIN,54.978667,-103.008833,2017,6012.6,Natural,Very small
Saskatchewan,17SR-JANZEN,59.217883,-103.477383,2017,2232.8,Natural,Very small
Manitoba,EA046,52.699722,-96.347222,2017,1950.2,Natural,Very small
Manitoba,EA083,53.124444,-96.203056,2017,720.0,Natural,Very small
Yukon,2017DA026,63.5251,-138.13015,2017,975.51,Natural,Very small
Northwest Territories,FS016-17,62.5055,-122.628333,2017,1712.0,Natural,Very small
Ontario,SLK52,51.8418,-89.048,2017,1319.599976,Natural,Very small
Ontario,RED54,51.6865,-95.0433,2017,4049.0,Natural,Very small
Manitoba,NE135,57.133611,-100.862222,2017,373.2,Natural,Very small
Northwest Territories,SS069-17,61.6885,-112.569166,2017,2385.0,Natural,Very small
Northwest Territories,SS071-17,61.749666,-112.774333,2017,794.0,Natural,Very small
Northwest Territories,SS081-17,60.596166,-108.472833,2017,424.0,Natural,Very small
Northwest Territories,SS070-17,61.357833,-111.995833,2017,1188.0,Natural,Very small
Northwest Territories,SS068-17,61.301666,-111.911666,2017,4773.0,Natural,Very small
Northwest Territories,VQ034-17,66.7015,-126.047,2017,4348.0,Natural,Very small
Saskatchewan,17DB-FLO,54.940567,-101.9188,2017,951.0,Natural,Very small
Northwest Territories,ZF040-17,62.019333,-111.536,2017,1252.0,Natural,Very small
Northwest Territories,SS058-17,61.933666,-111.270833,2017,16628.0,Natural,Very small
Saskatchewan,17LF-DOG,53.7295,-104.302833,2017,216.3,Natural,Very small
Saskatchewan,17LF-HARDING,53.76645,-104.387533,2017,1742.1,Natural,Very small
Manitoba,NE343,54.138889,-95.696389,2017,2028.0,Natural,Very small
Northwest Territories,ZF039-17,63.701833,-115.692666,2017,3833.0,Natural,Very small
Northwest Territories,SS061-17,60.878,-108.494833,2017,26411.0,Natural,Small
Northwest Territories,SS060-17,60.811333,-107.3055,2017,3851.0,Natural,Very small
Northwest Territories,SS059-17,60.73,-108.085833,2017,5085.0,Natural,Very small
Northwest Territories,SS062-17,61.049166,-111.379,2017,383.0,Natural,Very small
Northwest Territories,SS063-17,61.021166,-111.552833,2017,2384.0,Natural,Very small
Ontario,NIP46,52.3764,-88.624,2017,207.699997,Natural,Very small
British Columbia,2017-N21451,50.0165,-115.7529,2017,1032.5,Human,Very small
Manitoba,NE342,57.586667,-96.783889,2017,267.9,Natural,Very small
Northwest Territories,SS056-17,60.8865,-111.364,2017,6409.0,Natural,Very small
Northwest Territories,VQ033-17,65.675333,-123.835666,2017,2808.0,Natural,Very small
Ontario,SLK43,51.8942,-89.2417,2017,247.3999939,Natural,Very small
Manitoba,NE308,58.424444,-93.834722,2017,1597.1,Natural,Very small
Ontario,SLK36,51.3881,-89.3204,2017,2229.800049,Natural,Very small
Ontario,NIP77,51.7378,-88.8182,2017,574.2999878,Natural,Very small
Ontario,NIP38,52.3439,-87.9531,2017,205.3999939,Natural,Very small
Ontario,COC26,54.7065,-86.0448,2017,1210.0,Natural,Very small
Ontario,NIP98,52.6591,-87.6275,2017,4736.200195,Natural,Very small
Ontario,NIP37,52.3758,-87.8042,2017,3915.300049,Natural,Very small
Ontario,SLK38,51.608,-89.267,2017,652.5,Natural,Very small
Saskatchewan,17SR-SELWYN,59.984331,-104.848737,2017,740.0,Natural,Very small
Manitoba,NE099,58.591111,-100.675556,2017,1171.0,Natural,Very small
Manitoba,NE101,59.023611,-101.090278,2017,509.0,Natural,Very small
Manitoba,NE100,58.528611,-99.140556,2017,995.0,Natural,Very small
Manitoba,NE338,56.993611,-91.044444,2017,500.0,Natural,Very small
Manitoba,NW010,55.735,-100.715,2017,983.0,Natural,Very small
Manitoba,NW016,55.506111,-99.6625,2017,1395.0,Natural,Very small
Manitoba,NE096,55.940833,-95.073889,2017,388.0,Natural,Very small
Northwest Territories,SS055-17,60.768333,-112.3135,2017,5109.0,Natural,Very small
Ontario,SLK32,52.6939,-92.1632,2017,230.3999939,Natural,Very small
Ontario,SLK42,51.6972,-89.148,2017,664.7000122,Natural,Very small
Saskatchewan,17SR-HANNAH,59.217117,-103.6698,2017,419.6,Natural,Very small
Saskatchewan,17SR-JAMES,59.0975,-103.1739,2017,250.8,Natural,Very small
Saskatchewan,17SR-LEROY,58.442167,-108.191667,2017,1965.8,Natural,Very small
Saskatchewan,17SR-PEARSON,59.513983,-105.40705,2017,2260.8,Natural,Very small
Manitoba,NE089,58.408889,-96.838889,2017,502.7,Natural,Very small
Manitoba,NE098,58.926944,-99.6875,2017,8122.0,Natural,Very small
Manitoba,NE090,53.714444,-95.479444,2017,1974.0,Natural,Very small
Northwest Territories,SS050-17,61.926,-106.7485,2017,517.0,Natural,Very small
Northwest Territories,SS048-17,61.251666,-105.562,2017,2816.0,Natural,Very small
Northwest Territories,SS053-17,61.0685,-110.1385,2017,303.0,Natural,Very small
Northwest Territories,SS051-17,60.053833,-118.687333,2017,6883.0,Natural,Very small
Northwest Territories,2017WB23,60.339,-113.4547,2017,26446.0,Natural,Small
Ontario,NIP29,52.9174,-88.5728,2017,6999.399902,Natural,Very small
British Columbia,2017-N41369,51.4548,-117.9753,2017,508.0,Natural,Very small
Alberta,HWF196,58.1845,-116.7575,2017,350.0,Natural,Very small
Saskatchewan,17SR-BULMER,59.9057,-108.1667,2017,2553.2,Natural,Very small
Manitoba,NE087,53.9325,-96.423611,2017,582.4,Natural,Very small
Northwest Territories,SS043-17,60.533333,-109.2,2017,112582.0,Natural,Medium
Northwest Territories,ZF038-17,62.3095,-108.620333,2017,377.0,Natural,Very small
Northwest Territories,2017WB22,60.4302,-113.1715,2017,2471.0,Natural,Very small
Ontario,RED34,52.7052,-92.607,2017,745.5,Natural,Very small
Saskatchewan,17SR-MOOSONEES,58.985389,-103.849749,2017,7114.5,Natural,Very small
Northwest Territories,SS039-17,61.079,-108.256333,2017,2266.0,Natural,Very small
Northwest Territories,SS037-17,61.2615,-109.964,2017,10099.0,Natural,Very small
Northwest Territories,SS041-17,60.3415,-108.752666,2017,4250.0,Natural,Very small
Northwest Territories,SS034-17,60.528,-106.509833,2017,391.0,Natural,Very small
Northwest Territories,SS040-17,60.95,-107.545166,2017,670.0,Natural,Very small
Northwest Territories,SS038-17,61.131833,-110.2135,2017,9678.0,Natural,Very small
Northwest Territories,SS033-17,60.9285,-118.252833,2017,3667.0,Natural,Very small
Ontario,SLK17,51.8926,-91.4414,2017,3690.199951,Natural,Very small
British Columbia,2017-K51406,49.0035,-120.4418,2017,12245.0,Human,Very small
Alberta,HWF192,59.172483,-114.625617,2017,280.0,Natural,Very small
Saskatchewan,17SR-MCNAIR,59.41775,-106.908917,2017,5185.5,Natural,Very small
Saskatchewan,17SR-DUNAE,59.4356,-106.926617,2017,500.0,Natural,Very small
Manitoba,NE340,59.018056,-100.838333,2017,1201.0,Natural,Very small
Northwest Territories,ZF036-17,64.067666,-115.069833,2017,780.0,Natural,Very small
Alberta,PWF068,57.368783,-116.214983,2017,201.5,Natural,Very small
Saskatchewan,17BN-VISION,57.7247,-109.252717,2017,7079.0,Natural,Very small
Manitoba,NE067,53.576111,-97.088889,2017,2333.3,Natural,Very small
Northwest Territories,ZF033-17,62.35,-112.083333,2017,19155.0,Natural,Very small
Northwest Territories,SS036-17,61.017,-111.9875,2017,14147.0,Natural,Very small
Northwest Territories,SS035-17,61.3735,-111.064,2017,43255.0,Natural,Small
Ontario,NIP18,50.7023,-85.6893,2017,1086.0,Natural,Very small
Ontario,RED23,51.1955,-95.0387,2017,1927.099976,Natural,Very small
Saskatchewan,17SR-WILLSON,59.60965,-107.385617,2017,4445.7,Natural,Very small
Saskatchewan,17LA-LAKE,56.955467,-105.803017,2017,3750.0,Natural,Very small
Saskatchewan,17LA-WATHA,56.972817,-103.82265,2017,788.8,Natural,Very small
Manitoba,NE063,56.809167,-96.513611,2017,4005.4,Natural,Very small
Manitoba,NE064,57.049444,-95.638611,2017,3882.0,Natural,Very small
Northwest Territories,VQ031-17,66.646666,-119.046,2017,567.0,Natural,Very small
British Columbia,2017-N51470,50.9951,-117.5447,2017,310.3,Natural,Very small
British Columbia,2017-K11632,52.4909,-120.4559,2017,1112.7,Natural,Very small
British Columbia,2017-C31489,52.6181,-120.5582,2017,1725.0,Natural,Very small
British Columbia,2017-C31823,52.6611,-120.719,2017,561.0,Natural,Very small
British Columbia,2017-N71320,50.4227,-117.2008,2017,1400.0,Natural,Very small
British Columbia,2017-N71392,50.6049,-117.2274,2017,1070.0,Natural,Very small
Northwest Territories,SS028-17,60.054333,-108.482,2017,1503.0,Natural,Very small
Northwest Territories,EV018-17,67.500166,-134.3875,2017,29370.0,Natural,Small
Northwest Territories,EV020-17,67.192166,-134.852833,2017,9105.0,Natural,Very small
Northwest Territories,VQ032-17,64.237333,-126.581833,2017,2179.0,Natural,Very small
Northwest Territories,SS029-17,60.7035,-112.8345,2017,4040.0,Natural,Very small
Northwest Territories,FS015-17,62.093666,-122.153833,2017,1420.0,Natural,Very small
Ontario,NIP39,52.1769,-88.3227,2017,265.2000122,Natural,Very small
Northwest Territories,SS025-17,61.402833,-105.863333,2017,2195.0,Natural,Very small
Northwest Territories,SS023-17,60.3045,-107.629833,2017,992.0,Natural,Very small
Northwest Territories,2017WB20,60.4419,-113.42,2017,13383.0,Natural,Very small
Manitoba,2017WP1,57.8337,-93.2151,2017,1000.0,Natural,Very small
Manitoba,2017WP2,57.2696,-93.6739,2017,242.0,Natural,Very small
Quebec,2017-156,55.2894,-77.7056,2017,549.1,Human,Very small
British Columbia,2017-K11633,52.8305,-120.1061,2017,309.1,Natural,Very small
British Columbia,2017-C31306,52.7988,-120.7082,2017,872.0,Natural,Very small
British Columbia,2017-C31156,52.6002,-121.039,2017,577.0,Natural,Very small
Northwest Territories,ZF031-17,62.550333,-106.158166,2017,277.0,Natural,Very small
British Columbia,2017KO10,51.0576,-115.8959,2017,8089.0,Natural,Very small
Yukon,2017OC028,66.2119833,-138.7309167,2017,3230.01,Natural,Very small
Manitoba,NE047,57.365556,-100.329722,2017,1688.0,Natural,Very small
Northwest Territories,ZF022-17,63.870166,-114.365833,2017,1946.0,Natural,Very small
Northwest Territories,ZF023-17,63.888,-113.753,2017,6184.0,Natural,Very small
Northwest Territories,ZF024-17,64.079833,-115.219833,2017,1202.0,Natural,Very small
Northwest Territories,SS019-17,60.387833,-111.237333,2017,363544.0,Natural,Large
Manitoba,NE044,55.9225,-93.817222,2017,8758.0,Natural,Very small
Manitoba,NE045,55.985833,-90.886389,2017,8279.0,Natural,Very small
Northwest Territories,ZF014-17,63.487,-114.989166,2017,1400.0,Natural,Very small
Northwest Territories,ZF016-17,63.561166,-115.048166,2017,500.0,Natural,Very small
Northwest Territories,ZF017-17,63.603166,-115.031333,2017,3000.0,Natural,Very small
Northwest Territories,ZF018-17,63.696666,-115.191333,2017,663.0,Natural,Very small
Northwest Territories,ZF020-17,63.635333,-114.7235,2017,686.0,Natural,Very small
Northwest Territories,ZF013-17,63.462333,-114.898333,2017,21698.0,Natural,Very small
Northwest Territories,ZF015-17,63.531666,-115.039,2017,1600.0,Natural,Very small
Northwest Territories,ZF019-17,63.967666,-115.392166,2017,23130.0,Natural,Very small
Northwest Territories,ZF021-17,63.681333,-113.912333,2017,5411.0,Natural,Very small
Northwest Territories,EV014-17,67.820833,-131.756833,2017,504.0,Natural,Very small
Ontario,COC13,54.7863,-84.2232,2017,20540.0,Natural,Very small
Yukon,2017MA016,65.8596667,-133.6538333,2017,5749.0,Natural,Very small
Northwest Territories,VQ022-17,67.056166,-128.9145,2017,1713.0,Natural,Very small
Northwest Territories,VQ029-17,67.250333,-125.702666,2017,3346.0,Natural,Very small
Northwest Territories,VQ023-17,65.499166,-129.551,2017,1460.0,Natural,Very small
British Columbia,2017-N41172,51.4466,-117.5542,2017,1632.0,Natural,Very small
British Columbia,2017-N21173,50.9893,-115.8298,2017,4833.0,Natural,Very small
British Columbia,2017-N51075,50.6369,-117.7915,2017,445.0,Natural,Very small
British Columbia,2017-N71078,50.1254,-116.7983,2017,4280.0,Natural,Very small
British Columbia,2017-N71382,49.529,-117.0287,2017,3117.0,Natural,Very small
Yukon,2017OC025,67.3,-138.2,2017,26720.02,Natural,Small
Northwest Territories,VQ020-17,66.857833,-124.444833,2017,292.0,Natural,Very small
Northwest Territories,VQ025-17,65.820166,-117.86,2017,407.0,Natural,Very small
Northwest Territories,SS016-17,61.233333,-111.483333,2017,5459.0,Natural,Very small
Northwest Territories,VQ018-17,65.5845,-130.74,2017,608.0,Natural,Very small
British Columbia,2017GL3,51.415,-117.5988,2017,2013.75,Natural,Very small
British Columbia,2017GL6,51.3981,-117.4285,2017,3464.52,Natural,Very small
Yukon,2017MA015,63.5084833,-132.0808667,2017,2449.0,Natural,Very small
British Columbia,2017-G40826,53.3982,-124.9045,2017,2275.0,Natural,Very small
British Columbia,2017-G40837,53.4902,-124.5114,2017,6670.0,Natural,Very small
Northwest Territories,VQ024-17,66.1825,-117.465166,2017,469.0,Natural,Very small
Ontario,COC10,54.6668,-84.9509,2017,17272.0,Natural,Very small
British Columbia,2017-G40691,54.1641,-124.5565,2017,1590.0,Natural,Very small
British Columbia,2017-G40709,53.5001,-125.1123,2017,8382.0,Natural,Very small
British Columbia,2017-G40664,53.2634,-124.7088,2017,1273.0,Natural,Very small
British Columbia,2017-VA0778,52.368,-125.7818,2017,7367.0,Natural,Very small
British Columbia,2017-K20675,51.3971,-120.2542,2017,556.0,Natural,Very small
British Columbia,2017-K20706,51.4692,-120.1566,2017,3028.0,Natural,Very small
British Columbia,2017-K60643,49.5744,-120.5782,2017,3197.5,Human,Very small
British Columbia,2017-C10822,53.1212,-120.8496,2017,587.0,Natural,Very small
British Columbia,2017-C11081,53.1452,-120.8211,2017,226.39,Natural,Very small
British Columbia,2017-C10740,52.4804,-122.5869,2017,5648.0,Natural,Very small
British Columbia,2017-C10784,52.5034,-123.0847,2017,521012.0,Natural,Extremely large
British Columbia,2017-C10966,53.179,-123.9645,2017,260.0,Natural,Very small
British Columbia,2017-C10970,53.2276,-124.0378,2017,21870.0,Natural,Very small
British Columbia,2017-C31072,52.8296,-121.5526,2017,1712.0,Natural,Very small
British Columbia,2017-C31008,52.6125,-121.3394,2017,640.0,Natural,Very small
British Columbia,2017-C31161,52.8067,-121.0575,2017,1375.0,Natural,Very small
British Columbia,2017-C31169,52.6117,-121.1722,2017,4831.0,Natural,Very small
British Columbia,2017-C31348,52.5668,-121.2063,2017,1248.0,Natural,Very small
British Columbia,2017-C10683,52.8103,-122.3036,2017,595.0,Natural,Very small
British Columbia,2017-C20645,52.1764,-121.8334,2017,3387.0,Human,Very small
British Columbia,2017-C50647,51.944,-123.1686,2017,239298.0,Natural,Large
British Columbia,2017-C50744,51.9608,-125.016,2017,25558.0,Natural,Small
British Columbia,2017-C20708,52.1332,-122.004,2017,4121.7,Natural,Very small
British Columbia,2017-C20729,52.2086,-122.0553,2017,12723.0,Natural,Very small
British Columbia,2017-C20735,52.228,-122.3404,2017,13211.0,Natural,Very small
British Columbia,2017-C20738,52.3013,-122.2254,2017,278.0,Natural,Very small
Manitoba,NE038,55.337778,-93.373056,2017,410.0,Natural,Very small
Yukon,2017OC024,67.0231667,-139.1513333,2017,8584.56,Natural,Very small
Yukon,2017MA012,65.2833333,-134.5333333,2017,3207.0,Natural,Very small
Yukon,2017DA021,63.451,-139.9891667,2017,473.64,Natural,Very small
British Columbia,2017-K20637,50.6998,-121.2976,2017,191865.0,Human,Medium
British Columbia,2017-C30870,52.4348,-121.7206,2017,859.0,Natural,Very small
British Columbia,2017-C40621,51.6541,-121.3987,2017,5711.0,Human,Very small
Yukon,2017OC022,67.4606833,-140.9843333,2017,600.0,Natural,Very small
Yukon,2017OC021,66.0288667,-134.1605667,2017,1604.82,Natural,Very small
Yukon,2017MA011,65.8843667,-134.0145333,2017,4736.0,Natural,Very small
Yukon,2017OC023,66.2552333,-137.7594,2017,22368.0,Natural,Very small
Northwest Territories,ZF010-17,62.706666,-113.243,2017,256.0,Natural,Very small
Ontario,NIP12,51.3778,-86.0753,2017,1455.0,Natural,Very small
Yukon,2017OC017,67.5128333,-140.7550833,2017,10311.0,Natural,Very small
Yukon,2017OC020,66.3892,-137.9906,2017,40005.66,Natural,Small
Yukon,2017OC018,66.241,-140.558,2017,1518.51,Natural,Very small
Yukon,2017OC019,66.0838333,-138.8771667,2017,7033.26,Natural,Very small
Ontario,COC12,53.6156,-82.6002,2017,1574.0,Natural,Very small
Ontario,SLK8,54.0128,-91.6898,2017,505.2000122,Natural,Very small
Northwest Territories,VQ016-17,66.209,-127.911666,2017,32530.0,Natural,Small
Alberta,2017WB15,59.0914,-112.7734,2017,3703.0,Natural,Very small
British Columbia,2017-V10484,49.5755,-121.8113,2017,202.0,Human,Very small
British Columbia,2017-N71000,50.3717,-116.7139,2017,330.0,Natural,Very small
Northwest Territories,EV011-17,66.513,-132.343666,2017,4367.0,Natural,Very small
Northwest Territories,EV010-17,66.181166,-131.846833,2017,500.0,Natural,Very small
Ontario,COC8,54.7624,-85.3906,2017,438.0,Natural,Very small
Yukon,2017MA008,65.4996667,-135.3045,2017,7877.0,Natural,Very small
Yukon,2017DA016,63.3849167,-139.7425333,2017,2354.44,Natural,Very small
Newfoundland and Labrador,605,53.05,-61.12,2017,609.0,Natural,Very small
Manitoba,NE031,57.115278,-96.842222,2017,262.0,Natural,Very small
Manitoba,NE030,56.769167,-96.870556,2017,11977.0,Natural,Very small
Yukon,2017OC016,66.7717167,-136.7923667,2017,1165.87,Natural,Very small
Yukon,2017OC013,66.3913333,-140.5441667,2017,711.28,Natural,Very small
Yukon,2017OC014,66.4226667,-140.7628333,2017,1730.3,Natural,Very small
Alberta,SWF049,56.93867,-115.0551,2017,320.0,Natural,Very small
Northwest Territories,VQ013-17,67.134333,-127.696833,2017,48453.0,Natural,Small
Northwest Territories,VQ011-17,65.602333,-130.083,2017,31048.0,Natural,Small
Manitoba,NE337,57.0125,-91.918333,2017,313.0,Natural,Very small
Yukon,2017OC007,67.2283333,-139.3605833,2017,21673.5,Natural,Very small
Yukon,2017OC009,67.82,-139.8000667,2017,1317.23,Natural,Very small
Yukon,2017OC010,67.2233333,-140.8766667,2017,24500.0,Natural,Small
Northwest Territories,EV006-17,66.182,-131.953666,2017,513.08,Natural,Very small
Northwest Territories,VQ007-17,65.5995,-127.6105,2017,1050.0,Natural,Very small
Northwest Territories,FS009-17,61.930333,-120.907166,2017,359.0,Natural,Very small
Manitoba,NE023,58.606667,-98.992222,2017,1129.0,Natural,Very small
Manitoba,NE026,57.923889,-99.968056,2017,832.2,Natural,Very small
Yukon,2017DA012,65.5876667,-138.8106167,2017,8275.2,Natural,Very small
Yukon,2017DA009,64.93645,-137.3786,2017,393.17,Natural,Very small
Yukon,2017DA006,63.8740833,-139.3706667,2017,1073.01,Natural,Very small
British Columbia,2017-G31097,52.3137,-118.3705,2017,2100.0,Natural,Very small
Yukon,2017MA004,65.6007833,-134.4066667,2017,56841.0,Natural,Small
Yukon,2017MA005,65.7166667,-134.3333333,2017,2500.0,Natural,Very small
Yukon,2017OC004,68.139,-138.5416667,2017,2117.96,Natural,Very small
Yukon,2017OC002,67.0975667,-136.75275,2017,1877.27,Natural,Very small
Yukon,2017OC003,67.0361,-138.2074667,2017,695.29,Natural,Very small
Yukon,2017OC005,66.3889167,-139.1369167,2017,4261.19,Natural,Very small
Northwest Territories,VQ008-17,66.304833,-130.878666,2017,24326.0,Natural,Small
Yukon,2017DA004,65.891,-137.5285,2017,86127.86,Natural,Small
Yukon,2017MA001,63.5686667,-133.6228333,2017,6653.0,Natural,Very small
Yukon,2017MA003,63.1531667,-137.7658333,2017,5283.0,Natural,Very small
Alberta,2017WB14,59.5158,-113.8948,2017,2640.0,Natural,Very small
Ontario,COC14,54.5458,-83.4667,2017,7000.0,Natural,Very small
Ontario,NIP9,51.7843,-88.375,2017,13553.2998,Natural,Very small
Quebec,2017-81,47.8021,-75.5479,2017,630.9,Human,Very small
Yukon,2017DA001,63.4977833,-138.45465,2017,13011.59,Natural,Very small
Quebec,2017-70,52.4887,-74.9202,2017,1074.9,Natural,Very small
Quebec,2017-72,52.5297,-74.8304,2017,2387.9,Natural,Very small
Quebec,2017-73,52.3167,-72.9006,2017,5757.5,Natural,Very small
Quebec,2017-74,50.0236,-76.5147,2017,4951.5,Natural,Very small
Quebec,2017-68,52.2725,-76.4034,2017,1698.7,Natural,Very small
Quebec,2017-61,54.0117,-75.2117,2017,371.4,Natural,Very small
Quebec,2017-63,54.0514,-75.2753,2017,1262.3,Natural,Very small
Quebec,2017-64,53.977,-71.6269,2017,217.4,Natural,Very small
Quebec,2017-65,53.7478,-72.1014,2017,15430.4,Natural,Very small
Quebec,2017-67,53.7054,-72.7604,2017,468.2,Natural,Very small
Quebec,2017-77,50.2381,-76.048,2017,499.2,Natural,Very small
British Columbia,2017-N51265,51.0806,-117.5768,2017,1343.7,Natural,Very small
Alberta,2017WB13,59.6781,-114.568,2017,2852.0,Natural,Very small
Quebec,2017-66,52.2153,-74.0614,2017,1987.5,Natural,Very small
Alberta,2017WB7,59.8863,-114.6573,2017,395.0,Natural,Very small
Alberta,HWF098,59.6475,-116.851433,2017,210.0,Natural,Very small
Alberta,HWF102,59.859383,-116.8565,2017,387.7,Natural,Very small
Northwest Territories,SS003-17,60.280833,-117.159333,2017,742.0,Natural,Very small
Northwest Territories,2017NA1,61.6243,-125.2303,2017,755.0,Natural,Very small
Northwest Territories,2017NA2,61.6037,-125.2565,2017,970.0,Natural,Very small
Yukon,2017WL001,60.3211333,-126.4090667,2017,2871.0,Natural,Very small
Alberta,2017WB1,58.6201,-111.628,2017,25280.0,Unknown,Small
British Columbia,2017-G30140,52.9762,-119.3406,2017,574.0,Human,Very small
Quebec,2017-43,53.9889,-72.1239,2017,233.6,Human,Very small
Manitoba,NE005,54.171111,-93.538333,2017,589.8,Human,Very small
Alberta,HWF023,58.48315,-114.362033,2017,301.2,Human,Very small
Nova Scotia,04-006-2017,43.9492411,-65.6711309,2017,440.0,Human,Very small
Ontario,THU1,49.48,-89.7812,2016,3017.0,Unknown,Very small
British Columbia,2016-K70443,50.2018,-121.5862,2016,538.0,Human,Very small
Manitoba,NE097,58.031944,-98.553889,2016,386.8,Natural,Very small
British Columbia,2016-G90369,59.8938,-121.9199,2016,392.6,Natural,Very small
Nova Scotia,06-008-2016,44.5103661,-65.2860711,2016,275.014,Human,Very small
Northwest Territories,ZF039-16,64.354333,-117.944666,2016,2801.5,Natural,Very small
Northwest Territories,ZF037-16,63.565166,-112.3045,2016,481.7,Natural,Very small
Northwest Territories,ZF036-16,63.551833,-115.595166,2016,264.0,Natural,Very small
Northwest Territories,SS045-16,60.437666,-106.150666,2016,335.55,Natural,Very small
Saskatchewan,16SR-MATILDA,59.707919,-106.663416,2016,247.0,Natural,Very small
Quebec,2016-448,54.6703,-64.1122,2016,267.7,Natural,Very small
Quebec,2016-449,55.0,-63.8508,2016,474.3,Natural,Very small
Newfoundland and Labrador,2016-615,54.48,-59.27,2016,636.0,Natural,Very small
Northwest Territories,ZF029-16,62.7155,-107.386166,2016,1278.0,Natural,Very small
Northwest Territories,ZF031-16,64.247166,-119.274833,2016,4245.2,Natural,Very small
Newfoundland and Labrador,2016-614,54.03,-57.62,2016,9680.0,Natural,Very small
Northwest Territories,SS040-16,61.2815,-118.702833,2016,399.42,Natural,Very small
Saskatchewan,16SR-MOFFATT,59.778667,-106.9775,2016,18308.9,Natural,Very small
Northwest Territories,VQ024-16,64.665666,-125.707,2016,371.0,Natural,Very small
Northwest Territories,SS043-16,60.036,-119.435666,2016,537.53,Natural,Very small
Alberta,2016WB15,59.721,-113.7404,2016,286.5,Natural,Very small
Alberta,HWF193,59.92005,-118.925133,2016,752.0,Natural,Very small
Northwest Territories,ZF028-16,62.491833,-113.508666,2016,7713.9,Human,Very small
Northwest Territories,ZF030-16,62.383333,-108.016666,2016,2649.2,Natural,Very small
Northwest Territories,SS039-16,60.676166,-107.5395,2016,625.8,Natural,Very small
Northwest Territories,VQ021-16,64.957333,-124.648,2016,204.7,Natural,Very small
Northwest Territories,FS044-16,63.586333,-123.381333,2016,2165.3,Natural,Very small
Northwest Territories,VQ023-16,64.021666,-125.095833,2016,1997.6,Natural,Very small
Northwest Territories,FS041-16,60.556666,-122.194333,2016,454.7,Natural,Very small
Quebec,2016-437,52.6069,-74.0867,2016,1823.6,Natural,Very small
Northwest Territories,SS037-16,61.175,-111.9305,2016,520.31,Natural,Very small
Northwest Territories,VQ016-16,66.743666,-125.606666,2016,350.0,Natural,Very small
Northwest Territories,VQ027-16,66.179666,-130.236333,2016,1674.7,Natural,Very small
Northwest Territories,VQ019-16,65.9835,-125.705833,2016,561.8,Natural,Very small
Northwest Territories,VQ022-16,64.206333,-125.224,2016,1645.1,Natural,Very small
Northwest Territories,FS034-16,63.533333,-121.583333,2016,3290.7,Natural,Very small
Northwest Territories,ZF027-16,62.117166,-116.604666,2016,676.3,Natural,Very small
Northwest Territories,FS039-16,61.592333,-120.861833,2016,786.1,Natural,Very small
Northwest Territories,FS037-16,61.1725,-120.754833,2016,2241.3,Natural,Very small
Northwest Territories,FS035-16,60.175666,-123.906666,2016,715.4,Natural,Very small
Northwest Territories,SS036-16,60.029333,-117.838333,2016,584.35,Natural,Very small
Quebec,2016-435,57.2781,-68.2686,2016,697.8,Natural,Very small
Quebec,2016-433,57.3267,-69.3417,2016,251.6,Natural,Very small
Quebec,2016-436,56.1975,-69.3058,2016,241.0,Natural,Very small
Quebec,2016-416,52.4356,-67.6019,2016,697.0,Natural,Very small
Quebec,2016-427,51.8956,-64.0908,2016,1911.6,Natural,Very small
Northwest Territories,EV005-16,68.175833,-129.760166,2016,581.1,Natural,Very small
Northwest Territories,ZF023-16,63.695,-118.116,2016,2662.4,Natural,Very small
British Columbia,2016-R90074,59.8014,-129.3486,2016,4687.0,Natural,Very small
Quebec,2016-431,51.6919,-73.2181,2016,201.1,Natural,Very small
Quebec,2016-439,51.8042,-63.645,2016,284.1,Natural,Very small
Quebec,2016-398,51.2253,-67.5606,2016,247.1,Natural,Very small
Quebec,2016-424,55.9419,-68.1572,2016,445.8,Natural,Very small
Quebec,2016-387,54.7333,-71.8069,2016,270.8,Natural,Very small
Quebec,2016-380,51.5803,-74.6994,2016,1467.6,Natural,Very small
Quebec,2016-381,51.3433,-74.5575,2016,892.3,Natural,Very small
Quebec,2016-385,52.0056,-75.0103,2016,1764.2,Natural,Very small
Quebec,2016-402,51.3353,-73.1825,2016,1135.3,Natural,Very small
Quebec,2016-415,52.3703,-72.9108,2016,848.6,Natural,Very small
Quebec,2016-370,51.2425,-64.7069,2016,2052.0,Natural,Very small
Northwest Territories,VQ015-16,65.573666,-122.672833,2016,319.3,Natural,Very small
Quebec,2016-358,52.1964,-74.7556,2016,552.1,Natural,Very small
Quebec,2016-354,52.6714,-68.1936,2016,647.8,Natural,Very small
Quebec,2016-412,51.9789,-71.7692,2016,415.1,Natural,Very small
Quebec,2016-363,55.8283,-66.9519,2016,1380.5,Natural,Very small
Quebec,2016-360,55.47,-70.2889,2016,981.9,Natural,Very small
Quebec,2016-344,54.0172,-76.8769,2016,676.6,Natural,Very small
Quebec,2016-362,54.3267,-74.1453,2016,524.8,Natural,Very small
Quebec,2016-348,53.6983,-71.9303,2016,271.4,Natural,Very small
Quebec,2016-346,54.0281,-75.8258,2016,4921.3,Natural,Very small
Northwest Territories,VQ012-16,64.745666,-120.403333,2016,1847.7,Natural,Very small
Saskatchewan,16SR-OCHAK,59.292867,-103.72375,2016,485.28,Natural,Very small
Northwest Territories,VQ011-16,66.3385,-127.488,2016,1462.2,Natural,Very small
Northwest Territories,VQ013-16,65.306833,-119.518333,2016,6743.7,Natural,Very small
Manitoba,NE082,58.218056,-100.781389,2016,458.1,Natural,Very small
Northwest Territories,VQ010-16,65.9455,-127.059333,2016,7747.5,Natural,Very small
Northwest Territories,VQ009-16,65.784666,-127.5725,2016,1073.9,Natural,Very small
Northwest Territories,VQ007-16,65.2295,-126.304,2016,8037.3,Natural,Very small
Northwest Territories,ZF018-16,62.084666,-113.015333,2016,413.3,Natural,Very small
Northwest Territories,ZF017-16,61.95,-112.716666,2016,3073.6,Natural,Very small
Northwest Territories,FS030-16,62.094,-121.9515,2016,223.9,Natural,Very small
Alberta,2016WB12,59.8369,-113.3947,2016,338.5,Natural,Very small
Manitoba,NE076,56.409444,-97.960833,2016,575.0,Natural,Very small
Northwest Territories,ZF013-16,63.616666,-116.5355,2016,26942.6,Natural,Small
Northwest Territories,ZF014-16,63.412,-116.0425,2016,31056.7,Natural,Small
Northwest Territories,SS031-16,60.915,-107.372333,2016,565.26,Natural,Very small
Northwest Territories,SS026-16,60.867166,-110.475666,2016,1461.13,Natural,Very small
Northwest Territories,SS027-16,60.6995,-109.9005,2016,2344.68,Natural,Very small
Northwest Territories,SS024-16,60.6115,-111.963,2016,382.7,Natural,Very small
Manitoba,NE073,57.080833,-100.193333,2016,308.0,Natural,Very small
Manitoba,NE075,56.208889,-97.308889,2016,2028.8,Natural,Very small
Northwest Territories,SS022-16,61.504333,-112.427333,2016,8380.2,Natural,Very small
Saskatchewan,16DB-JOHN,55.535567,-102.6226,2016,449.6,Natural,Very small
Manitoba,NE066,58.126944,-97.606111,2016,812.3,Natural,Very small
Manitoba,NE062,56.995278,-94.925833,2016,3822.7,Natural,Very small
Ontario,NIP23,52.1622,-88.5394,2016,932.0,Natural,Very small
Alberta,HWF156,58.43855,-114.381217,2016,451.7,Natural,Very small
Alberta,HWF159,58.314667,-114.022217,2016,540.8,Natural,Very small
Saskatchewan,16SR-LEXI,59.41245,-105.695683,2016,20043.2,Natural,Very small
Manitoba,NE064,58.173611,-96.844722,2016,322.0,Natural,Very small
Manitoba,NE063,58.028333,-96.920833,2016,2614.0,Natural,Very small
Northwest Territories,VQ004-16,65.422166,-126.233333,2016,1980.3,Natural,Very small
Northwest Territories,FS027-16,62.4005,-123.2305,2016,5155.2,Natural,Very small
Alberta,2016WB9,58.1828,-112.1565,2016,757.9,Natural,Very small
Alberta,HWF130,59.865967,-118.14715,2016,2297.5,Natural,Very small
Alberta,HWF132,59.640833,-119.723167,2016,204.3,Natural,Very small
Saskatchewan,16SR-FORCIE,59.686167,-109.459667,2016,560.0,Natural,Very small
Saskatchewan,16SR-TROVILLO,59.705683,-109.464483,2016,200.0,Natural,Very small
Yukon,2016WL001,60.53455,-127.17465,2016,5167.0,Natural,Very small
Northwest Territories,SS016-16,60.115333,-106.927,2016,3165.03,Natural,Very small
Northwest Territories,VQ003-16,66.467,-127.552666,2016,2992.2,Natural,Very small
Northwest Territories,ZF006-16,62.295,-117.643,2016,2166.7,Natural,Very small
Northwest Territories,SS015-16,60.581166,-113.916,2016,2057.63,Natural,Very small
Saskatchewan,16SR-CROW,59.416417,-106.038333,2016,1269.55,Natural,Very small
Saskatchewan,16BN-KURT,56.520333,-109.375833,2016,454.0,Natural,Very small
Saskatchewan,16BN-DUTCH,57.6781,-108.232,2016,10397.0,Natural,Very small
Saskatchewan,16BN-KOOP,57.674033,-108.577567,2016,24204.2,Natural,Small
Saskatchewan,16BN-BNA,57.048567,-107.671683,2016,3659.88,Natural,Very small
Manitoba,NE054,57.566389,-95.396667,2016,2380.0,Natural,Very small
Northwest Territories,SS014-16,60.893166,-108.7555,2016,4829.21,Natural,Very small
Alberta,2016WB6,59.0264,-111.8486,2016,5797.3,Natural,Very small
Saskatchewan,16SR-TSALWOR,59.731983,-109.45575,2016,2883.0,Natural,Very small
Saskatchewan,16SR-HULL,58.175,-102.608333,2016,1535.7,Natural,Very small
Manitoba,NE052,58.458056,-100.905833,2016,589.7,Natural,Very small
Northwest Territories,SS006-16,60.203,-116.906833,2016,418.19,Natural,Very small
Saskatchewan,16SR-STONE,58.594983,-107.361733,2016,80347.9,Natural,Small
Saskatchewan,16SR-LIVING,58.580967,-107.2662,2016,226.5,Natural,Very small
Saskatchewan,16SR-NARROWS,58.329333,-107.68855,2016,20066.11,Natural,Very small
Saskatchewan,16BN-BELL,58.404667,-109.071167,2016,386.45,Natural,Very small
Northwest Territories,SS005-16,61.103333,-107.7765,2016,11210.96,Natural,Very small
Northwest Territories,SS008-16,61.291,-110.581833,2016,32561.37,Natural,Small
Saskatchewan,16LA-PARKER,57.052117,-105.58655,2016,1000.0,Natural,Very small
Saskatchewan,16LA-JOHNSON,57.071517,-105.593433,2016,3149.3,Natural,Very small
Quebec,2016-329,53.8203,-71.8228,2016,1404.0,Natural,Very small
Saskatchewan,16LX-PIPE,58.036783,-106.60145,2016,12613.0,Natural,Very small
Saskatchewan,16LA-PATTER,57.696917,-104.276479,2016,344.6,Natural,Very small
Manitoba,NE034,56.508333,-101.058333,2016,242.0,Natural,Very small
Manitoba,NE044,56.110278,-101.706111,2016,1059.3,Natural,Very small
Manitoba,NE038,56.1625,-95.165278,2016,264.0,Natural,Very small
Manitoba,NE028,55.018333,-95.162778,2016,1466.0,Natural,Very small
Northwest Territories,SS003-16,61.002,-110.259333,2016,7639.26,Natural,Very small
Manitoba,NW006,53.073056,-99.834722,2016,651.0,Human,Very small
Northwest Territories,FS008-16,63.305666,-122.544333,2016,5565.8,Natural,Very small
Northwest Territories,FS007-16,63.966666,-124.033333,2016,27570.7,Natural,Small
Yukon,2016MA001,63.2,-134.1833333,2016,2500.0,Natural,Very small
Quebec,2016-285,55.0461,-71.0739,2016,338.2,Natural,Very small
Quebec,2016-286,55.0925,-70.5378,2016,1963.0,Natural,Very small
Yukon,2016CA001,62.9473333,-134.8538333,2016,13350.0,Natural,Very small
Northwest Territories,2016NA1,61.1232,-126.5036,2016,500.0,Natural,Very small
Saskatchewan,16BN-PAT,56.57175,-108.43045,2016,4143.39,Natural,Very small
British Columbia,2016-N60057,49.0163,-118.3294,2016,224.0,Human,Very small
Alberta,HWF100,59.949367,-119.241533,2016,320.9,Natural,Very small
Saskatchewan,16BN-WAYNE,55.800167,-109.764333,2016,4670.9,Natural,Very small
Saskatchewan,16LX-NOBBS,55.336983,-107.4435,2016,1134.95,Natural,Very small
British Columbia,2016-R90065,58.9385,-132.0044,2016,439.0,Natural,Very small
Saskatchewan,16BN-MARIE,57.300817,-108.059017,2016,11532.1,Natural,Very small
Saskatchewan,16BN-BRIAN,57.600117,-109.1866,2016,21716.7,Natural,Very small
Saskatchewan,16HB-BALSAM,54.361933,-103.0062,2016,813.6,Natural,Very small
Ontario,HEA5,49.7585,-84.9291,2016,2574.100098,Human,Very small
Ontario,WAW7,48.6797,-85.997,2016,294.0,Human,Very small
Ontario,HEA4,49.7758,-84.5672,2016,475.0,Human,Very small
Ontario,NIP12,49.7501,-86.9646,2016,286.1000061,Human,Very small
Ontario,THU19,49.1708,-89.9147,2016,868.0,Natural,Very small
British Columbia,2016-C50057,52.2702,-123.9901,2016,200.0,Natural,Very small
Alberta,WWF025,54.525278,-116.803612,2016,657.0,Unknown,Very small
Yukon,2016DA001,63.9031667,-138.848,2016,272.0,Natural,Very small
Manitoba,CE028,51.465556,-97.308889,2016,447.3,Human,Very small
Alberta,MWF015,56.7831,-110.581317,2016,11604.0,Natural,Very small
Saskatchewan,16SR-DAVY,58.804067,-108.4638,2016,3169.6,Natural,Very small
Manitoba,EA012,49.881944,-95.174167,2016,3892.7,Human,Very small
Ontario,RED3,50.9186,-94.927,2016,74334.0,Natural,Small
Ontario,KEN18,49.8533,-95.1486,2016,1885.0,Human,Very small
Alberta,MWF014,56.608317,-110.940367,2016,310.0,Natural,Very small
Manitoba,EA013,50.919167,-95.178889,2016,12648.5,Natural,Very small
Manitoba,CE020,51.432778,-97.410833,2016,202.1,Human,Very small
Saskatchewan,16HB-SUCKER,53.805133,-102.50045,2016,388.9,Natural,Very small
Saskatchewan,16SF-RM185,50.647058,-102.906372,2016,500.0,Human,Very small
Alberta,MWF009,56.670117,-111.464233,2016,485123.6,Unknown,Extremely large
Alberta,SWF030,56.737167,-115.909133,2016,1939.9,Natural,Very small
Saskatchewan,16PA-RM431,52.853333,-106.052833,2016,450.0,Human,Very small
British Columbia,2016-G80107,56.5855,-120.4975,2016,300.0,Human,Very small
Saskatchewan,16SF-CONDIE,50.560591,-104.716364,2016,250.0,Human,Very small
Manitoba,CE001,51.873333,-99.706667,2016,223.6,Human,Very small
British Columbia,2016-G80074,56.2564,-121.6375,2016,5636.0,Human,Very small
British Columbia,2016-G70073,56.1031,-121.9993,2016,510.0,Human,Very small
British Columbia,2016-G80068,56.5229,-120.4328,2016,62700.0,Human,Small
British Columbia,2016-G80046,56.5937,-121.1951,2016,15739.0,Human,Very small
British Columbia,2016-G80065,56.2839,-121.0885,2016,250.0,Human,Very small
British Columbia,2016-G80078,57.001,-121.4809,2016,237.0,Human,Very small
British Columbia,2016-G80040,56.1999,-120.6388,2016,420.0,Human,Very small
British Columbia,2016-G80051,56.2232,-121.4305,2016,500.0,Human,Very small
British Columbia,2016-G70045,55.9794,-121.3513,2016,447.0,Human,Very small
British Columbia,2016-G70067,56.0994,-120.6907,2016,897.0,Human,Very small
British Columbia,2016-G70037,56.0502,-121.9613,2016,272.1,Human,Very small
British Columbia,2016-G70043,55.7264,-121.2176,2016,641.0,Human,Very small
British Columbia,2016-G70052,55.669,-120.7123,2016,475.0,Human,Very small
British Columbia,2016-G70057,55.6131,-121.4046,2016,539.0,Human,Very small
British Columbia,2016-G80108,56.2867,-121.4267,2016,236.0,Human,Very small
British Columbia,2016-C10023,52.9755,-123.6016,2016,398.5,Human,Very small
Northwest Territories,ZF048-15,64.0425,-121.135666,2015,269.0,Natural,Very small
Northwest Territories,FS083-15,61.494833,-123.469166,2015,2667.1,Natural,Very small
Northwest Territories,ZF047-15,64.7745,-119.147833,2015,394.2,Natural,Very small
Saskatchewan,15BN-LDSAT08,58.209117,-109.845767,2015,5086.594009,Natural,Very small
Saskatchewan,15LX-LASAT01,55.012733,-109.78345,2015,283.0,Natural,Very small
Manitoba,WE022,51.066111,-99.033333,2015,1600.0,Human,Very small
Saskatchewan,15BN-LDSAT04,57.444767,-107.83795,2015,6164.230618,Natural,Very small
Ontario,SLK1,50.0368,-91.6936,2015,3297.600098,Unknown,Very small
Saskatchewan,15SR-LASAT01,58.381117,-108.06815,2015,2128.747827,Natural,Very small
British Columbia,2015-N10741,49.187,-115.5937,2015,1250.0,Natural,Very small
British Columbia,2015-C50219,51.0645,-124.034,2015,378.87,Natural,Very small
British Columbia,2015-N60726,49.3825,-118.2863,2015,277.3,Natural,Very small
British Columbia,2015-N50600,49.5283,-117.9767,2015,1240.0,Natural,Very small
British Columbia,2015-N60667,49.6131,-118.4681,2015,303.0,Natural,Very small
British Columbia,2015-K50615,49.1227,-119.6236,2015,5202.0,Natural,Very small
British Columbia,2015-K50619,49.2013,-119.5715,2015,317.0,Human,Very small
Manitoba,NE206,57.345,-98.0475,2015,300.0,Natural,Very small
Manitoba,NE205,56.798056,-100.170833,2015,420.4,Natural,Very small
British Columbia,2015-K60590,50.3284,-121.072,2015,400.0,Human,Very small
British Columbia,2015-K20589,50.397,-120.4038,2015,235.0,Natural,Very small
British Columbia,2015-N70624,49.1594,-116.6702,2015,480.0,Natural,Very small
British Columbia,2015-N60584,49.0724,-119.0086,2015,4417.0,Human,Very small
Manitoba,NE201,58.235556,-100.887778,2015,253.8,Natural,Very small
Manitoba,NE202,57.770556,-100.589722,2015,232.2,Natural,Very small
British Columbia,2015-V60407,48.6282,-124.2386,2015,400.0,Human,Very small
British Columbia,2015-N60590,49.156,-118.1181,2015,320.0,Natural,Very small
Quebec,2015-336,56.8006,-68.2008,2015,409.6,Natural,Very small
Newfoundland and Labrador,2015-625,54.43,-63.13,2015,259.0,Natural,Very small
Northwest Territories,SS081-15,60.746833,-114.8,2015,4948.0,Natural,Very small
Alberta,2015WB51,59.2785,-113.1123,2015,1687.1,Natural,Very small
Northwest Territories,ZF030-15,62.394666,-112.466833,2015,5655.1,Natural,Very small
Northwest Territories,SS077-15,60.262,-102.655333,2015,1388.46,Natural,Very small
Northwest Territories,ZF029-15,62.316666,-115.816666,2015,946.7,Natural,Very small
British Columbia,2015-V10370,49.4618,-121.8727,2015,1386.0,Human,Very small
Northwest Territories,ZF036-15,65.4325,-118.258166,2015,1765.2,Natural,Very small
Northwest Territories,ZF034-15,65.652166,-114.5395,2015,648.1,Natural,Very small
Northwest Territories,ZF039-15,63.459,-115.374166,2015,342.6,Natural,Very small
Northwest Territories,ZF032-15,64.658166,-115.451,2015,1592.0,Natural,Very small
Northwest Territories,ZF031-15,64.619166,-115.247833,2015,1323.4,Natural,Very small
Northwest Territories,ZF037-15,64.6585,-114.913,2015,1145.2,Natural,Very small
Saskatchewan,15LA-JEAN,56.342517,-106.382733,2015,13557.15803,Natural,Very small
British Columbia,2015-N60585,49.2741,-118.4138,2015,1966.0,Natural,Very small
Saskatchewan,15LA-GORDON,55.9023,-106.438733,2015,3580.191004,Natural,Very small
Saskatchewan,15LA-DONNER,56.1188,-106.41975,2015,1936.296099,Natural,Very small
Manitoba,NE176,55.478611,-95.030833,2015,418.1,Natural,Very small
Manitoba,NE178,55.381944,-94.220833,2015,214.7,Natural,Very small
Saskatchewan,15LX-PAWR02,55.2992,-109.7652,2015,25751.8746,Natural,Small
Manitoba,NE174,55.844167,-95.314444,2015,1108.1,Natural,Very small
Ontario,SUD38,47.0063,-81.4032,2015,438.0,Human,Very small
Saskatchewan,15LA-JONES,55.606,-105.865233,2015,2269.549834,Natural,Very small
Saskatchewan,15LA-RODGERS,55.61245,-106.0178,2015,518.366427,Natural,Very small
Saskatchewan,15LA-ORTON,55.662883,-105.893983,2015,1844.870926,Natural,Very small
British Columbia,2015-K40421,50.5269,-119.5671,2015,348.0,Natural,Very small
British Columbia,2015-N50577,49.0503,-117.9296,2015,227.0,Natural,Very small
British Columbia,2015-K20418,50.5863,-121.2262,2015,230.0,Natural,Very small
British Columbia,2015-K50391,50.046,-119.5099,2015,460.0,Natural,Very small
Manitoba,NE160,57.007778,-100.022778,2015,915.7,Natural,Very small
Manitoba,NE155,54.599167,-96.7925,2015,408.7,Natural,Very small
Saskatchewan,15BN-LDSAT01,56.64435,-107.7461,2015,4372.261904,Natural,Very small
Saskatchewan,15BN-LDSAT05,55.991911,-109.996016,2015,1813.645485,Natural,Very small
Saskatchewan,15BN-LDSAT07,57.269433,-107.3358,2015,657.666041,Natural,Very small
Alberta,SWF211,57.267517,-115.7718,2015,473.3,Natural,Very small
Manitoba,NE148,55.770278,-101.586389,2015,1071.9,Human,Very small
Saskatchewan,15DB-KEEPING,55.132647,-102.206051,2015,985.69957,Natural,Very small
Manitoba,NE145,54.249444,-96.158056,2015,522.0,Natural,Very small
Manitoba,NW052,55.131944,-99.721111,2015,450.0,Natural,Very small
Manitoba,EA092,53.266389,-96.764722,2015,332.3,Natural,Very small
Alberta,2015WB49,59.7916,-112.5802,2015,367.0,Natural,Very small
Saskatchewan,15LA-PINE2,57.466567,-102.0778,2015,1046.3,Natural,Very small
Saskatchewan,15LA-SHOE,55.295933,-104.571883,2015,634.723722,Natural,Very small
Saskatchewan,15DB-SEABEE,55.610367,-103.613767,2015,2432.828072,Natural,Very small
Manitoba,EA088,51.668056,-95.616667,2015,410.0,Natural,Very small
Northwest Territories,ZF021-15,64.1965,-118.306,2015,549.7,Natural,Very small
Saskatchewan,15LA-LDSAT04,57.752612,-104.342957,2015,351.578286,Natural,Very small
Manitoba,NW043,52.673056,-99.533333,2015,1900.0,Natural,Very small
Ontario,SLK55,54.406,-91.6357,2015,382.8999939,Natural,Very small
Saskatchewan,15LA-JEWELL,56.91135,-104.251017,2015,294.811892,Natural,Very small
Alberta,2015JA7,52.869192,-117.815363,2015,1000.0,Natural,Very small
British Columbia,2015-G90370,59.9801,-127.4353,2015,10827.3,Human,Very small
British Columbia,2015-C50146,52.2155,-124.1348,2015,8089.0,Human,Very small
Quebec,2015-300,55.3425,-75.8742,2015,639.6,Natural,Very small
British Columbia,2015-G10365,54.0913,-120.3234,2015,440.0,Natural,Very small
British Columbia,2015-N10307,49.5503,-116.5723,2015,200.0,Natural,Very small
Saskatchewan,15DB-SKIPPER,55.370234,-101.999972,2015,1184.0,Natural,Very small
Saskatchewan,15LA-SHADD,55.710333,-105.376117,2015,4184.938676,Natural,Very small
Ontario,RED59,54.095,-92.6567,2015,223.0,Natural,Very small
British Columbia,2015-G60372,56.3666,-123.8667,2015,5340.0,Natural,Very small
Alberta,HWF278,57.6969,-114.14,2015,3329.7,Natural,Very small
Saskatchewan,15BN-MALLORY,56.21125,-108.752133,2015,8752.564227,Natural,Very small
Saskatchewan,15LX-PIPESTONE,57.994517,-106.50745,2015,1811.812293,Natural,Very small
Saskatchewan,15LA-STANGER,57.15995,-102.093283,2015,527.270031,Natural,Very small
British Columbia,2015-N50275,49.1964,-117.146,2015,200.0,Natural,Very small
Saskatchewan,15LX-BOB,55.308467,-108.349283,2015,808.970362,Natural,Very small
Saskatchewan,15DB-KIPP,55.450733,-102.130917,2015,467.388876,Natural,Very small
Saskatchewan,15LA-HUTCH,55.84925,-104.29565,2015,6478.399419,Natural,Very small
Saskatchewan,15LA-WHYTE,54.789517,-104.941417,2015,1576.759055,Natural,Very small
Saskatchewan,15LA-MEW,55.023533,-106.0718,2015,1562.847101,Natural,Very small
Saskatchewan,15LA-LYNX,55.348883,-104.93555,2015,2500.001917,Natural,Very small
Northwest Territories,SS063-15,60.016666,-118.166666,2015,611.49,Natural,Very small
British Columbia,2015-V70274,49.2587,-124.9847,2015,450.0,Human,Very small
British Columbia,2015-N10278,49.5086,-116.5935,2015,250.0,Natural,Very small
Saskatchewan,15LA-STOWERS,55.039833,-105.902,2015,1599.740064,Natural,Very small
Saskatchewan,15LX-BARB,55.296483,-107.174583,2015,1636.347862,Natural,Very small
Saskatchewan,15WY-BITERN,53.975917,-105.73775,2015,318.342158,Natural,Very small
Saskatchewan,15LX-MUG,54.902983,-107.45205,2015,3407.112853,Natural,Very small
Saskatchewan,15LA-CAREY,55.042017,-104.640483,2015,20304.10467,Natural,Very small
Northwest Territories,SS061-15,60.631,-108.213,2015,600.0,Natural,Very small
Northwest Territories,SS062-15,60.564,-108.289333,2015,1200.0,Natural,Very small
Northwest Territories,SS060-15,60.619166,-106.792333,2015,1524.0,Natural,Very small
Northwest Territories,SS059-15,60.483666,-107.103166,2015,1200.0,Natural,Very small
Northwest Territories,SS057-15,60.108833,-118.565833,2015,926.79,Natural,Very small
Northwest Territories,SS064-15,60.03,-119.243166,2015,10176.0,Natural,Very small
British Columbia,2015-V50256,49.5211,-123.815,2015,423.0,Human,Very small
British Columbia,2015-N10262,49.8971,-116.3049,2015,207.0,Natural,Very small
Alberta,HWF272,59.039817,-114.984083,2015,1929.3,Natural,Very small
Alberta,PWF131,56.649467,-118.64445,2015,2872.8,Natural,Very small
Alberta,LWF191,55.960517,-112.48575,2015,200.7,Natural,Very small
Saskatchewan,15BN-MERVIN,55.384067,-109.589033,2015,922.953584,Natural,Very small
Saskatchewan,15LA-LINE,54.958883,-106.2559,2015,432.671901,Natural,Very small
Saskatchewan,15DB-MARCHELL,55.428917,-102.694233,2015,2455.451394,Natural,Very small
Northwest Territories,ZF020-15,63.4,-112.616666,2015,8361.3,Natural,Very small
Alberta,HWF267,59.37075,-117.871667,2015,789.6,Natural,Very small
Alberta,PWF129,56.821533,-118.562317,2015,419.5,Natural,Very small
Alberta,SWF175,56.982,-114.200167,2015,8407.0,Natural,Very small
Saskatchewan,15LA-MEILI,56.654167,-103.9875,2015,3288.172607,Natural,Very small
Saskatchewan,15LA-GOW,56.632333,-104.610533,2015,332.250263,Natural,Very small
Saskatchewan,15LA-FRANK,57.954233,-104.975983,2015,588.964633,Natural,Very small
Saskatchewan,15LA-BOW,55.296533,-104.369167,2015,283.462401,Natural,Very small
Saskatchewan,15LA-OTTO,56.947217,-103.2385,2015,2205.476989,Natural,Very small
Saskatchewan,15LA-WILMA,57.020817,-103.694833,2015,1236.250208,Natural,Very small
Manitoba,NE116,55.406389,-96.260556,2015,322.6,Natural,Very small
Quebec,2015-288,51.9222,-59.2239,2015,231.7,Natural,Very small
Quebec,2015-287,51.9556,-59.0017,2015,825.6,Natural,Very small
Northwest Territories,2015NA9,61.7707,-125.8442,2015,200.0,Natural,Very small
Ontario,COC15,55.8397,-89.1071,2015,580.0,Natural,Very small
British Columbia,2015-V30241,50.6786,-123.3676,2015,6735.0,Natural,Very small
British Columbia,2015-V10247,49.9155,-121.8894,2015,2985.0,Natural,Very small
British Columbia,2015-C20147,51.9035,-122.6792,2015,655.0,Natural,Very small
British Columbia,2015-N70245,50.362,-117.1922,2015,470.0,Natural,Very small
British Columbia,2015-N70261,49.6209,-117.2311,2015,777.0,Natural,Very small
Alberta,MWF113,57.4103,-113.666167,2015,330.0,Natural,Very small
Alberta,MWF114,57.387067,-113.717133,2015,14800.0,Natural,Very small
Alberta,SWF140,57.133923,-115.3109,2015,1916.0,Natural,Very small
Alberta,SWF163,55.675535,-114.616475,2015,9895.0,Natural,Very small
Saskatchewan,15LA-GIEKIE,57.7061,-103.8457,2015,1424.958026,Natural,Very small
Northwest Territories,FS075-15,60.966666,-120.333333,2015,430.1,Natural,Very small
Ontario,NIP31,52.5482,-87.9608,2015,340.0,Natural,Very small
British Columbia,2015-G90326,59.6776,-124.4466,2015,2395.6,Natural,Very small
British Columbia,2015-G90303,58.7428,-123.1242,2015,3994.4,Natural,Very small
British Columbia,2015-G90309,58.9851,-122.0269,2015,1399.4,Natural,Very small
British Columbia,2015-G90359,58.3245,-122.7542,2015,7803.8,Natural,Very small
British Columbia,2015-G90387,58.4142,-121.4086,2015,307.0,Natural,Very small
British Columbia,2015-K50247,49.0032,-119.9053,2015,588.0,Natural,Very small
Saskatchewan,15SR-OLDMAN,59.709517,-107.477917,2015,1623.069695,Natural,Very small
Saskatchewan,15DB-CALEDON,55.2063,-101.9769,2015,14056.69237,Natural,Very small
Manitoba,NE110,56.308889,-101.855556,2015,6381.2,Natural,Very small
Northwest Territories,VQ015-15,64.794,-120.907166,2015,931.9,Natural,Very small
Northwest Territories,FS072-15,63.5495,-123.2855,2015,474.8,Natural,Very small
Northwest Territories,FS074-15,63.5325,-125.357,2015,1692.1,Natural,Very small
Northwest Territories,FS073-15,63.855833,-123.922833,2015,285.4,Natural,Very small
Northwest Territories,FS071-15,63.186666,-123.84,2015,3212.9,Natural,Very small
Northwest Territories,FS070-15,62.993333,-123.541666,2015,342.9,Natural,Very small
Northwest Territories,FS068-15,62.949833,-122.714166,2015,710.6,Natural,Very small
Alberta,2015WB46,59.568,-115.4453,2015,999.8,Natural,Very small
Alberta,HWF255,58.76305,-117.3081,2015,277.96,Human,Very small
Alberta,HWF258,57.778733,-116.3263,2015,16028.9,Natural,Very small
Alberta,MWF110,56.609767,-112.142083,2015,4351.0,Natural,Very small
Saskatchewan,15DB-CRANG,54.53775,-102.704417,2015,353.501912,Natural,Very small
Saskatchewan,15WY-BTNIR01,53.8605,-105.83,2015,910.108372,Natural,Very small
Saskatchewan,15LX-TEX,55.149533,-106.7431,2015,200.0,Natural,Very small
Saskatchewan,15BN-JAYLEEN,55.6375,-108.834417,2015,10377.1602,Natural,Very small
Manitoba,NE102,56.221667,-101.278889,2015,400.0,Natural,Very small
Newfoundland and Labrador,2015-613,53.36,-61.29,2015,423.0,Natural,Very small
Newfoundland and Labrador,2015-610,53.73,-61.32,2015,1038.0,Natural,Very small
Newfoundland and Labrador,2015-617,52.28,-60.98,2015,1800.0,Natural,Very small
Yukon,2015WL018,60.071667,-127.495,2015,64466.0,Natural,Small
Northwest Territories,ZF015-15,63.492666,-116.451333,2015,363.9,Natural,Very small
Northwest Territories,ZF016-15,64.083333,-113.966666,2015,3304.2,Natural,Very small
Northwest Territories,FS067-15,61.55,-122.583333,2015,500.0,Natural,Very small
Northwest Territories,FS064-15,62.171666,-120.125,2015,4920.7,Natural,Very small
Northwest Territories,FS065-15,61.8595,-123.593166,2015,6220.51,Natural,Very small
Northwest Territories,SS055-15,61.766,-117.836833,2015,2564.39,Natural,Very small
Northwest Territories,FS063-15,61.7,-119.633333,2015,7101.0,Natural,Very small
Northwest Territories,2015WB44,60.6487,-113.4047,2015,899.2,Natural,Very small
Alberta,2015WB45,59.5653,-115.2846,2015,261.8,Natural,Very small
British Columbia,2015-R50101,53.0389,-127.4585,2015,1159.3,Natural,Very small
Alberta,MWF106,59.251483,-111.30285,2015,956.4,Natural,Very small
Alberta,HWF249,58.049183,-115.84555,2015,4964.2,Natural,Very small
Alberta,HWF252,57.8716,-114.312867,2015,625.28,Natural,Very small
Alberta,MWF107,57.750583,-113.066667,2015,594.0,Natural,Very small
Alberta,MWF118,58.52665,-110.205567,2015,1045.1,Natural,Very small
Saskatchewan,15BR-POND19,54.6035,-108.174917,2015,571.75896,Natural,Very small
Saskatchewan,15LA-DICKSON,56.566917,-103.827083,2015,827.882009,Natural,Very small
Saskatchewan,15LA-MARGE,56.459283,-103.76815,2015,10677.26141,Natural,Very small
Saskatchewan,15BN-BRAY,55.680917,-109.596467,2015,64505.45856,Natural,Small
Saskatchewan,15SR-MILAD,58.92335,-102.768217,2015,910.158298,Natural,Very small
Saskatchewan,15LX-RED,57.227767,-106.354167,2015,24180.31018,Natural,Small
Saskatchewan,15LA-JOHN,55.781067,-106.07585,2015,470.418003,Natural,Very small
Saskatchewan,15DB-SCIMITAR,55.833067,-102.701417,2015,22006.48649,Natural,Very small
Saskatchewan,15LX-PORTER,56.645133,-107.300167,2015,45614.82906,Natural,Small
Manitoba,NE097,59.9875,-99.626111,2015,748.7,Natural,Very small
Manitoba,NE093,56.371111,-101.828333,2015,4230.3,Natural,Very small
Manitoba,NE098,56.365556,-101.776944,2015,1959.0,Natural,Very small
Manitoba,NE094,56.741944,-99.863056,2015,880.0,Natural,Very small
Quebec,2015-272,50.4028,-79.3094,2015,1014.9,Natural,Very small
Northwest Territories,ZF014-15,62.369,-113.2945,2015,33473.0,Natural,Small
Northwest Territories,FS057-15,62.4415,-122.661666,2015,1024.8,Natural,Very small
Northwest Territories,FS059-15,62.538666,-122.768666,2015,877.7,Natural,Very small
Northwest Territories,FS056-15,62.628666,-122.279666,2015,416.4,Natural,Very small
Northwest Territories,FS058-15,62.648,-123.459166,2015,2014.4,Natural,Very small
Northwest Territories,FS060-15,61.828333,-123.078333,2015,4904.7,Natural,Very small
Northwest Territories,SS054-15,60.640333,-117.789333,2015,1594.85,Natural,Very small
Northwest Territories,SS053-15,60.487333,-117.005833,2015,336.19,Natural,Very small
Northwest Territories,SS050-15,60.972,-117.101833,2015,3447.06,Natural,Very small
Northwest Territories,FS062-15,60.828333,-121.845,2015,360.1,Natural,Very small
Northwest Territories,SS051-15,60.639333,-113.4305,2015,5500.0,Natural,Very small
Northwest Territories,2015WB39,60.0417,-114.877,2015,18578.0,Natural,Very small
Alberta,2015WB41,59.6624,-113.0389,2015,24875.7,Natural,Small
Alberta,2015WB38,59.2423,-111.5548,2015,3195.6,Natural,Very small
Alberta,2015WB40,58.3369,-113.4738,2015,9293.1,Natural,Very small
British Columbia,2015-G90323,59.7668,-120.3396,2015,3151.8,Natural,Very small
Alberta,HWF223,59.753067,-117.1767,2015,626.38,Natural,Very small
Alberta,HWF234,59.8466,-116.768133,2015,278.1,Natural,Very small
Alberta,HWF237,59.293383,-118.094617,2015,19280.0,Natural,Very small
Alberta,HWF240,59.216,-117.6876,2015,661.5,Natural,Very small
Alberta,HWF246,59.243467,-117.982,2015,3815.5,Natural,Very small
Alberta,HWF248,59.229717,-119.975783,2015,15155.0,Natural,Very small
Alberta,HWF229,57.941217,-114.616117,2015,42737.35,Natural,Small
Alberta,MWF101,57.736167,-112.923833,2015,68000.0,Natural,Small
Alberta,MWF094,57.006633,-110.534333,2015,11032.9,Natural,Very small
Alberta,LWF175,56.0438,-110.21215,2015,15375.6,Natural,Very small
Saskatchewan,15BN-KAYLE,55.56245,-109.245433,2015,7900.0,Natural,Very small
Saskatchewan,15LX-DORE,54.789733,-107.495767,2015,521.397852,Natural,Very small
Saskatchewan,15SR-RIVER-2,58.968733,-105.073683,2015,3723.243067,Natural,Very small
Saskatchewan,15LA-IRVINE,55.734017,-106.003833,2015,2657.026733,Natural,Very small
Saskatchewan,15LX-ROCK,55.729317,-106.583317,2015,500.0,Natural,Very small
Saskatchewan,15BN-MACK,56.515867,-109.247133,2015,38277.84287,Natural,Small
Saskatchewan,15LX-ALSTEAD,55.552567,-107.23325,2015,500.0,Natural,Very small
Saskatchewan,15WY-CRYSTO,54.5878,-105.947983,2015,9000.0,Natural,Very small
Saskatchewan,15SR-REIDS,58.919233,-102.925033,2015,1512.640547,Natural,Very small
Saskatchewan,15BN-NUT2,56.564514,-108.36644,2015,28186.03205,Natural,Small
Saskatchewan,15LA-HODGES,55.47555,-105.911433,2015,6256.0,Natural,Very small
Saskatchewan,15LX-SENYK,55.522735,-106.714103,2015,140007.2818,Natural,Medium
Saskatchewan,15DN-PAWR01,54.9685,-109.2174,2015,3503.533,Natural,Very small
Saskatchewan,15LA-MARK,55.381367,-106.5091,2015,508.994213,Natural,Very small
Saskatchewan,15LA-ADAM,55.34495,-106.427633,2015,4417.250485,Natural,Very small
Saskatchewan,15BN-EAGLE,57.8,-109.05,2015,19825.37467,Natural,Very small
Saskatchewan,15LX-DOG,55.671033,-107.0498,2015,4000.0,Natural,Very small
Saskatchewan,15LA-FRANCIS,55.28405,-105.070417,2015,2843.167402,Natural,Very small
Saskatchewan,15LX-SPEAR,55.6851,-106.8374,2015,300.0,Natural,Very small
Saskatchewan,15BN-CLAY2,56.500364,-109.705,2015,3806.852193,Natural,Very small
Saskatchewan,15BN-LES,58.433967,-109.381117,2015,1227.545611,Natural,Very small
Manitoba,NE096,56.33,-99.369722,2015,362.2,Natural,Very small
Manitoba,NW026,55.653056,-100.630833,2015,3503.5,Natural,Very small
Manitoba,NE077,56.150278,-98.400278,2015,3312.9,Natural,Very small
Manitoba,NE084,55.356389,-98.868333,2015,802.8,Natural,Very small
Manitoba,NE076,55.356111,-97.056111,2015,5136.6,Natural,Very small
Manitoba,NE082,54.908889,-95.660556,2015,577.3,Natural,Very small
Manitoba,NW028,53.915278,-99.642778,2015,3059.9,Natural,Very small
Manitoba,EA049,52.536667,-96.297222,2015,200.0,Natural,Very small
Manitoba,NW020,52.777222,-99.343056,2015,1168.1,Natural,Very small
Yukon,2015DA042,65.647483,-136.316017,2015,300.0,Natural,Very small
Northwest Territories,SS044-15,60.35,-111.5095,2015,987.13,Natural,Very small
Northwest Territories,SS042-15,60.2015,-111.246833,2015,213.6,Natural,Very small
Northwest Territories,SS045-15,60.4385,-111.472333,2015,814.0,Natural,Very small
Northwest Territories,FS048-15,61.538333,-121.649833,2015,8690.0,Natural,Very small
Northwest Territories,FS051-15,61.694666,-123.052833,2015,8125.4,Natural,Very small
Northwest Territories,SS048-15,61.449833,-117.109666,2015,1583.12,Natural,Very small
Northwest Territories,SS040-15,61.204666,-118.6,2015,4515.08,Natural,Very small
Northwest Territories,SS037-15,60.572166,-115.8565,2015,33763.13,Natural,Small
Northwest Territories,FS045-15,61.092,-122.406833,2015,9801.8,Natural,Very small
Northwest Territories,FS054-15,60.117833,-121.945,2015,5147.2,Natural,Very small
Northwest Territories,FS055-15,60.076666,-122.749166,2015,930.4,Natural,Very small
Northwest Territories,2015WB25,60.0819,-113.8019,2015,804.5,Natural,Very small
Saskatchewan,2015PA5,54.25,-106.28,2015,8620.0,Natural,Very small
Ontario,RED46,51.3007,-94.9358,2015,333.0,Natural,Very small
Ontario,SLK21,52.583,-91.2974,2015,429.0,Natural,Very small
Ontario,RED44,51.2952,-94.6458,2015,1024.0,Natural,Very small
British Columbia,2015-G90269,59.1845,-122.3646,2015,1047.0,Natural,Very small
British Columbia,2015-G90287,59.2333,-120.0,2015,1918.3,Natural,Very small
British Columbia,2015-G90292,58.0797,-121.9575,2015,2421.1,Natural,Very small
Alberta,MWF091,59.051,-110.78875,2015,1127.8,Natural,Very small
Alberta,HWF220,58.462933,-118.18735,2015,7048.19,Natural,Very small
Alberta,HWF217,58.52995,-118.0047,2015,28270.0,Natural,Small
Alberta,HWF219,58.190767,-118.35585,2015,11945.8,Natural,Very small
Alberta,HWF216,57.767067,-114.488367,2015,457.6,Natural,Very small
Alberta,HWF227,57.5809,-114.77335,2015,2131.69,Natural,Very small
Alberta,HWF228,57.561667,-114.419417,2015,309.5,Natural,Very small
Alberta,HWF213,57.916833,-116.023867,2015,12822.5,Natural,Very small
Saskatchewan,15BN-JACKSON,58.2625,-109.429167,2015,26375.2843,Natural,Small
Saskatchewan,15LX-FISH,57.008333,-106.7625,2015,5800.63289,Natural,Very small
Saskatchewan,15LA-MARCUS,55.577967,-104.603983,2015,346.335778,Natural,Very small
Saskatchewan,15LA-ELI,55.2657,-105.285517,2015,11317.0,Natural,Very small
Saskatchewan,15LX-BRENDA,55.348517,-107.019933,2015,400.0,Natural,Very small
Saskatchewan,15LX-BAR,55.47925,-106.5089,2015,1107.319931,Natural,Very small
Saskatchewan,15WY-PHILION,54.540617,-106.544117,2015,106749.9719,Natural,Medium
Saskatchewan,15LF-EAST,54.297983,-105.36475,2015,733.560277,Natural,Very small
Saskatchewan,15HB-BORDER,53.5125,-101.770833,2015,359.309501,Natural,Very small
Saskatchewan,15LF-DOWD,54.671,-104.850233,2015,1723.484799,Natural,Very small
Saskatchewan,15LX-SUDDEN,54.830783,-107.9642,2015,5031.829728,Natural,Very small
Saskatchewan,15DB-VANCE,54.880483,-103.7008,2015,27164.75274,Natural,Small
Saskatchewan,15WY-WEYAK,54.39925,-105.963583,2015,229.0,Natural,Very small
Saskatchewan,15BN-KODA,58.525,-109.616667,2015,10748.96482,Natural,Very small
Saskatchewan,15BN-CINDY,56.45,-107.933333,2015,26605.9747,Natural,Small
Saskatchewan,15LF-NIPEK,54.417017,-105.05375,2015,391.909583,Natural,Very small
Saskatchewan,15LA-EMMEL,54.9578,-106.588983,2015,15328.0,Natural,Very small
Saskatchewan,15LX-CARRAG,54.999717,-106.846533,2015,18926.78639,Natural,Very small
Saskatchewan,15WY-MLIR13,54.065267,-105.88285,2015,4171.847707,Natural,Very small
Saskatchewan,15LX-PHANE,55.2647,-106.911217,2015,500.0,Natural,Very small
Saskatchewan,15LX-GILBERT,55.169233,-106.67825,2015,2732.328201,Natural,Very small
Manitoba,NW025,55.765,-100.17,2015,2172.4,Natural,Very small
Manitoba,NW016,53.523889,-101.085,2015,8500.0,Natural,Very small
Yukon,2015OC013,66.4105,-139.353833,2015,600.0,Natural,Very small
Yukon,2015DA035,64.733833,-138.040833,2015,600.0,Natural,Very small
Yukon,2015DA036,63.601117,-138.13915,2015,500.0,Natural,Very small
Yukon,2015BC005,62.3951,-139.22915,2015,405.0,Natural,Very small
Yukon,2015CA015,62.746667,-135.3575,2015,515.0,Natural,Very small
Northwest Territories,FS039-15,62.088166,-122.970833,2015,5993.8,Natural,Very small
Northwest Territories,FS042-15,60.415,-120.53,2015,5592.5,Natural,Very small
Northwest Territories,SS036-15,60.656166,-114.0865,2015,1090.5,Natural,Very small
Northwest Territories,2015NA7,61.3833,-123.75,2015,1173.0,Natural,Very small
Northwest Territories,2015WB20,60.1793,-113.6485,2015,14554.3,Natural,Very small
Alberta,2015WB22,59.5146,-113.7297,2015,3297.0,Natural,Very small
Northwest Territories,2015WB21,60.2833,-113.9167,2015,559.2,Natural,Very small
Ontario,NIP24,52.1924,-88.2266,2015,529.0,Natural,Very small
Ontario,NIP38,52.2889,-88.0988,2015,203.0,Natural,Very small
British Columbia,2015-G90263,59.8536,-121.3409,2015,13498.6,Natural,Very small
British Columbia,2015-G90258,59.6903,-120.8206,2015,2204.6,Natural,Very small
British Columbia,2015-G90267,59.6351,-120.0221,2015,6254.2,Natural,Very small
Alberta,MWF052,59.6531,-110.343233,2015,24458.0,Natural,Small
Alberta,HWF200,59.826867,-117.74615,2015,8948.7,Natural,Very small
Alberta,HWF201,59.927883,-118.046067,2015,1113.9,Natural,Very small
Alberta,HWF202,59.981017,-118.158967,2015,218.0,Natural,Very small
Alberta,HWF205,59.7917,-118.5111,2015,3736.6,Natural,Very small
Alberta,HWF196,58.792833,-118.159333,2015,793.0,Natural,Very small
Alberta,HWF204,59.1426,-115.1524,2015,10175.7,Natural,Very small
Alberta,MWF078,57.8403,-112.5289,2015,9000.0,Natural,Very small
Alberta,LWF161,55.476183,-112.027267,2015,11363.9,Natural,Very small
Yukon,2015OC012,66.083333,-134.183333,2015,400.0,Natural,Very small
Yukon,2015OC010,67.011833,-140.32325,2015,350.0,Natural,Very small
Yukon,2015OC011,66.854017,-140.375233,2015,5000.0,Natural,Very small
Yukon,2015WL014,60.589133,-125.760217,2015,7312.0,Natural,Very small
Northwest Territories,SS034-15,60.032833,-107.701666,2015,400.0,Natural,Very small
Northwest Territories,SS029-15,61.483166,-119.171,2015,49818.94,Natural,Small
Northwest Territories,SS030-15,61.258,-118.311333,2015,10035.0,Natural,Very small
Northwest Territories,SS035-15,60.09,-117.36,2015,7037.04,Natural,Very small
Alberta,2015WB19,59.2672,-111.658,2015,14584.7,Natural,Very small
Ontario,RED25,50.8764,-94.7504,2015,2189.0,Natural,Very small
British Columbia,2015-G90243,59.3553,-121.0831,2015,207.0,Natural,Very small
British Columbia,2015-G90255,59.6322,-126.6923,2015,366.4,Natural,Very small
British Columbia,2015-G90245,59.6284,-121.4204,2015,4175.6,Natural,Very small
British Columbia,2015-G90261,59.7734,-121.0046,2015,1280.4,Natural,Very small
British Columbia,2015-G80252,57.9047,-120.153,2015,20000.0,Natural,Very small
Alberta,HWF182,59.642667,-118.8409,2015,1914.49,Natural,Very small
Saskatchewan,15LF-ADAMS,54.152917,-103.533333,2015,819.469478,Natural,Very small
Saskatchewan,15LX-FORCIER,56.08795,-107.627883,2015,178818.1976,Natural,Medium
Saskatchewan,15BN-TOM,56.384333,-108.353333,2015,1969.441583,Natural,Very small
Yukon,2015DA032,63.241283,-139.388583,2015,1562.0,Natural,Very small
Yukon,2015MA034,63.164433,-136.0858,2015,2900.0,Natural,Very small
Yukon,2015MA035,63.026333,-135.859833,2015,361.0,Natural,Very small
Northwest Territories,VQ010-15,64.790666,-122.028166,2015,522.8,Natural,Very small
Northwest Territories,SS028-15,60.786666,-114.426166,2015,10990.6,Natural,Very small
Northwest Territories,SS027-15,60.603333,-114.372833,2015,1864.7,Natural,Very small
Saskatchewan,15LX-PIPE,57.8678,-106.8269,2015,8956.090751,Natural,Very small
Yukon,2015DA031,63.240517,-138.86185,2015,712.0,Natural,Very small
Yukon,2015CA012,62.73,-137.637167,2015,2837.0,Natural,Very small
Northwest Territories,SS033-15,60.021,-107.686666,2015,4777.2,Natural,Very small
Ontario,COC13,50.6353,-79.9005,2015,1120.0,Natural,Very small
British Columbia,2015-G60353,58.2017,-125.7766,2015,1626.5,Natural,Very small
Yukon,2015CA011,62.564,-134.998333,2015,1200.0,Natural,Very small
Yukon,2015CA010,62.04,-134.538333,2015,2000.0,Natural,Very small
Northwest Territories,2015WB17,60.1111,-115.1811,2015,1138.7,Natural,Very small
Manitoba,NW031,53.491944,-101.705,2015,1200.0,Natural,Very small
Alberta,2015WB16,59.0928,-111.5662,2015,1501.3,Natural,Very small
Ontario,COC10,52.8085,-85.3509,2015,500.0,Natural,Very small
Saskatchewan,15SR-ROAD2,58.797867,-104.91985,2015,798.514967,Natural,Very small
Saskatchewan,15LX-FOX,55.637683,-107.642833,2015,1821.520021,Natural,Very small
Ontario,NIP23,53.2052,-88.2599,2015,4067.0,Natural,Very small
Yukon,2015BC004,62.886883,-140.308,2015,3000.0,Natural,Very small
Yukon,2015DA022,63.21465,-140.1188,2015,2848.0,Natural,Very small
Ontario,RED16,52.7036,-93.8517,2015,2629.0,Natural,Very small
British Columbia,2015-R10112,53.5821,-126.7233,2015,437.0,Natural,Very small
Quebec,2015-254,52.1667,-78.3978,2015,1045.0,Human,Very small
Alberta,2015WB14,58.9772,-112.1165,2015,26962.8,Natural,Small
Northwest Territories,SS017-15,60.139666,-108.3245,2015,28803.16,Natural,Small
Northwest Territories,SS019-15,61.215166,-105.3895,2015,441.88,Natural,Very small
Northwest Territories,SS016-15,60.863666,-110.711833,2015,21185.74,Natural,Very small
Ontario,RED17,52.5213,-94.1488,2015,410.0,Natural,Very small
British Columbia,2015-K70122,50.1638,-121.5848,2015,2174.0,Human,Very small
Saskatchewan,15LX-WOLF,57.871217,-106.847783,2015,3065.8,Natural,Very small
Northwest Territories,ZF010-15,62.35,-117.433333,2015,61658.7,Natural,Small
Manitoba,NE062,56.431667,-101.743333,2015,4223.0,Natural,Very small
Northwest Territories,EV002-15,68.256333,-135.456333,2015,2801.0,Natural,Very small
Alberta,EWF054,53.485417,-119.225817,2015,12052.3,Natural,Very small
Saskatchewan,15LF-BAIRD,54.037033,-103.950883,2015,3333.388927,Natural,Very small
Manitoba,NE061,56.366667,-93.336389,2015,662.6,Natural,Very small
Manitoba,NE060,56.536944,-97.934167,2015,584.6,Natural,Very small
Ontario,NIP17,53.5056,-87.8276,2015,15827.0,Natural,Very small
Saskatchewan,15BN-BRADY,56.758783,-109.571683,2015,127377.4455,Natural,Medium
Saskatchewan,15BN-JAKE,56.765533,-109.737283,2015,853.1,Natural,Very small
Saskatchewan,15LA-GREG,57.04255,-103.8854,2015,891.808073,Natural,Very small
Saskatchewan,15SR-BORDER,59.98445,-107.63535,2015,2752.45734,Natural,Very small
Saskatchewan,15LA-BOB,55.473333,-105.193333,2015,24545.0,Natural,Small
Saskatchewan,15LA-SUCKER,55.3128,-105.359067,2015,2214.58631,Natural,Very small
Saskatchewan,15LA-BRIAN,55.839483,-104.884483,2015,29440.20375,Natural,Small
Northwest Territories,SS015-15,60.507,-111.846833,2015,16954.7,Natural,Very small
Alberta,2015WB11,59.2491,-113.9967,2015,11336.4,Natural,Very small
Ontario,NIP19,53.4354,-88.59,2015,200.0,Natural,Very small
Alberta,HWF157,58.241483,-114.629283,2015,6129.0,Natural,Very small
Saskatchewan,15LA-BESNARD,55.272583,-105.826017,2015,2072.0,Natural,Very small
Saskatchewan,15LA-EGG,55.136517,-105.74405,2015,138847.6901,Natural,Medium
Saskatchewan,15LA-CARLSON,57.9112,-104.73515,2015,7274.250447,Natural,Very small
Saskatchewan,15SR-HENDAY,58.4255,-104.1204,2015,3941.673276,Natural,Very small
Saskatchewan,15LA-BEAR,55.6459,-105.557833,2015,7104.261053,Natural,Very small
Saskatchewan,15LA-CLARK,55.422833,-105.637333,2015,24422.0,Natural,Small
Alberta,2015WB9,59.5379,-113.7891,2015,17496.2,Natural,Very small
Northwest Territories,2015WB7,60.0575,-112.7821,2015,4495.6,Natural,Very small
Ontario,COC6,53.815,-84.2118,2015,2500.0,Natural,Very small
Alberta,HWF151,59.271083,-114.25625,2015,8782.5,Natural,Very small
Yukon,2015MA025,64.033333,-132.383333,2015,600.0,Natural,Very small
Yukon,2015MA023,63.746883,-133.372017,2015,675.0,Natural,Very small
Yukon,2015MA024,63.220533,-133.070617,2015,450.0,Natural,Very small
Yukon,2015BC003,62.248467,-139.07825,2015,7674.0,Natural,Very small
Yukon,2015RR009,63.3754,-131.65455,2015,550.0,Natural,Very small
Northwest Territories,2015NA4,61.6933,-127.4938,2015,670.0,Natural,Very small
Northwest Territories,2015NA5,61.4207,-125.2389,2015,356.0,Natural,Very small
Northwest Territories,2015NA6,60.8562,-125.4411,2015,2882.0,Natural,Very small
British Columbia,2015-G90211,58.9878,-124.9953,2015,223.7,Human,Very small
Yukon,2015RR006,62.98575,-133.538683,2015,790.0,Natural,Very small
Northwest Territories,VQ008-15,63.550833,-125.733666,2015,2736.3,Natural,Very small
Northwest Territories,FS029-15,62.518,-121.671166,2015,2482.1,Natural,Very small
Northwest Territories,2015NC1,62.538,-128.855,2015,200.0,Natural,Very small
Northwest Territories,2015NA2,61.5119,-123.9371,2015,12210.0,Natural,Very small
Northwest Territories,FS028-15,60.256166,-119.685333,2015,14406.1,Natural,Very small
Northwest Territories,SS020-15,61.510666,-116.707666,2015,398.72,Natural,Very small
British Columbia,2015-G90180,59.5177,-127.8654,2015,35327.7,Natural,Small
British Columbia,2015-G90195,59.4319,-121.1673,2015,946.7,Natural,Very small
British Columbia,2015-G80163,57.9607,-121.5093,2015,905.0,Natural,Very small
Saskatchewan,15DB-HERMAN,54.333333,-103.883333,2015,4452.746659,Natural,Very small
Saskatchewan,15BN-RON,56.85,-108.233333,2015,245236.6182,Natural,Large
Yukon,2015RR005,63.286533,-131.2846,2015,1550.0,Natural,Very small
Yukon,2015MA011,63.1275,-136.326667,2015,4646.0,Natural,Very small
Yukon,2015RR002,61.996767,-130.5111,2015,1200.0,Natural,Very small
Northwest Territories,FS026-15,62.0615,-123.889166,2015,2905.0,Natural,Very small
Northwest Territories,FS027-15,60.815833,-124.163333,2015,2031.3,Natural,Very small
Northwest Territories,FS024-15,61.205166,-119.379666,2015,1012.0,Natural,Very small
Ontario,RED7,51.341,-94.2985,2015,1256.0,Natural,Very small
Ontario,RED10,51.6116,-94.2196,2015,650.0,Natural,Very small
British Columbia,2015-G90175,58.96,-124.2968,2015,18070.6,Natural,Very small
British Columbia,2015-G80127,57.6178,-121.1905,2015,545.0,Natural,Very small
Alberta,HWF127,57.54835,-116.1527,2015,3852.1,Natural,Very small
Alberta,PWF052,57.2144,-119.183233,2015,841.4,Natural,Very small
Alberta,MWF025,56.761633,-112.958717,2015,406.1,Natural,Very small
Alberta,HWF132,57.511167,-117.003333,2015,1261.6,Natural,Very small
Alberta,LWF125,55.829167,-111.045833,2015,500.0,Human,Very small
Alberta,LWF126,55.828312,-110.984887,2015,2130.8,Human,Very small
Manitoba,NW005,55.127222,-101.09,2015,402.4,Human,Very small
Manitoba,NW006,54.063889,-100.78,2015,410.0,Human,Very small
Yukon,2015MA010,63.488133,-134.757583,2015,3530.0,Natural,Very small
Yukon,2015RR001,62.433333,-130.716667,2015,600.0,Natural,Very small
Yukon,2015WL010,61.256667,-129.258333,2015,780.0,Natural,Very small
Northwest Territories,SS008-15,60.2035,-118.1565,2015,1179.03,Natural,Very small
Northwest Territories,2015NA3,61.9434,-126.6705,2015,17299.0,Natural,Very small
Northwest Territories,2015NA1,61.2029,-126.3667,2015,39924.0,Natural,Small
Alberta,2015WB4,58.6368,-113.3121,2015,214381.4,Natural,Medium
British Columbia,2015-G90194,59.5636,-125.28,2015,305.8,Natural,Very small
Alberta,EWF039,53.8575,-116.9171,2015,678.0,Human,Very small
Saskatchewan,15LF-RIDGE,53.6387,-105.397933,2015,2631.746523,Natural,Very small
Yukon,2015MA008,64.145417,-134.75425,2015,650.0,Natural,Very small
Yukon,2015BC002,62.846017,-138.622167,2015,342.0,Natural,Very small
Yukon,2015DA011,63.159667,-139.00655,2015,17169.0,Natural,Very small
Yukon,2015MA005,63.294117,-133.770217,2015,2000.0,Natural,Very small
Northwest Territories,FS018-15,62.259333,-122.1215,2015,18705.6,Natural,Very small
Northwest Territories,FS023-15,62.437333,-121.714833,2015,710.7,Natural,Very small
Northwest Territories,FS022-15,62.040166,-120.205,2015,2714.4,Natural,Very small
Northwest Territories,FS019-15,61.7715,-122.659666,2015,1126.5,Natural,Very small
Northwest Territories,FS021-15,60.894166,-122.360166,2015,12660.8,Natural,Very small
Alberta,SWF066,56.13475,-113.819167,2015,208.7,Human,Very small
Yukon,2015DA008,63.7909,-140.196983,2015,748.6,Natural,Very small
Yukon,2015BC001,62.7073,-138.758417,2015,1583.0,Natural,Very small
Northwest Territories,FS012-15,62.853166,-124.848333,2015,680.9,Natural,Very small
Northwest Territories,FS011-15,62.658333,-124.7085,2015,907.7,Natural,Very small
Northwest Territories,FS015-15,60.106833,-120.940833,2015,3482.6,Natural,Very small
Northwest Territories,FS014-15,60.754666,-120.707666,2015,679.0,Natural,Very small
British Columbia,2015-R90047,59.2623,-132.4499,2015,4070.0,Natural,Very small
British Columbia,2015-G90176,59.0781,-120.0253,2015,393.8,Natural,Very small
British Columbia,2015-R90046,58.7898,-133.1703,2015,8743.0,Natural,Very small
Alberta,HWF111,59.069167,-119.945833,2015,3521.3,Natural,Very small
Alberta,LWF122,54.807133,-110.364883,2015,31997.0,Human,Small
Saskatchewan,15LF-TORCH,53.524167,-104.066167,2015,1317.200704,Human,Very small
Yukon,2015WL005,61.463333,-129.997833,2015,1000.0,Natural,Very small
Yukon,2015WL004,60.349317,-125.223333,2015,5881.0,Natural,Very small
Yukon,2015XY006,61.197667,-134.594333,2015,4127.0,Natural,Very small
Northwest Territories,VQ004-15,65.040833,-127.194,2015,3712.7,Natural,Very small
Northwest Territories,VQ006-15,64.26,-126.668166,2015,708.2,Natural,Very small
Northwest Territories,VQ003-15,63.71,-125.58,2015,1140.0,Natural,Very small
Northwest Territories,VQ005-15,63.297,-126.205,2015,3094.3,Natural,Very small
Northwest Territories,ZF002-15,62.373333,-116.143333,2015,51251.61,Natural,Small
British Columbia,2015-V30160,50.3775,-123.5557,2015,12495.0,Natural,Very small
British Columbia,2015-R90045,59.4918,-128.578,2015,15000.0,Natural,Very small
British Columbia,2015-G60214,58.223,-126.869,2015,12845.0,Natural,Very small
Saskatchewan,15DN-DIVIDE,53.721667,-108.713,2015,516.829148,Human,Very small
Manitoba,WE012,52.815833,-100.673611,2015,277.8,Human,Very small
Yukon,2015WL001,60.572333,-129.740917,2015,8300.0,Natural,Very small
Northwest Territories,FS005-15,62.970666,-124.283333,2015,2714.3,Natural,Very small
Northwest Territories,FS004-15,62.418666,-123.735333,2015,9984.0,Natural,Very small
Northwest Territories,FS008-15,63.5,-121.333333,2015,1437.1,Natural,Very small
Northwest Territories,FS006-15,63.558333,-122.25,2015,7002.0,Natural,Very small
Northwest Territories,FS010-15,62.866666,-120.866666,2015,1796.1,Natural,Very small
British Columbia,2015-G90081,58.065,-122.4683,2015,1966.8,Natural,Very small
Saskatchewan,15LA-PINE,55.394541,-106.57223,2015,1046.302551,Human,Very small
Alberta,SWF055,56.2115,-115.314167,2015,255.3,Human,Very small
Saskatchewan,15BN-DAVID,56.26775,-109.8,2015,34680.46811,Human,Small
Yukon,2015DA004,65.84965,-138.144967,2015,5000.0,Natural,Very small
Yukon,2015DA005,65.863033,-138.0799,2015,200.0,Natural,Very small
Northwest Territories,FS002-15,63.237333,-124.185333,2015,7889.0,Natural,Very small
British Columbia,2015-R90039,58.8242,-132.9268,2015,700.0,Natural,Very small
Saskatchewan,15SR-BLIB01,59.163467,-105.5713,2015,651.679611,Human,Very small
Saskatchewan,15WY-LRIR08,53.50105,-105.8725,2015,314.0,Human,Very small
Northwest Territories,2015WB2,60.4777,-114.0821,2015,496.0,Unknown,Very small
British Columbia,2015-G90347,59.3511,-125.6095,2015,343.4,Human,Very small
Alberta,EWF015,53.158733,-115.4012,2015,747.7,Human,Very small
Saskatchewan,15PA-SLIR05,53.398383,-106.04305,2015,246.184473,Human,Very small
British Columbia,2015-G10037,53.6909,-123.4334,2015,25000.0,Human,Small
Manitoba,CE026,51.363056,-97.468333,2015,693.7,Human,Very small
British Columbia,2015-G40064,53.5411,-123.7532,2015,420.0,Natural,Very small
Northwest Territories,SS010-15,60.870333,-112.2665,2015,42088.7,Natural,Small
Northwest Territories,SS004-15,61.35,-116.716,2015,411.44,Natural,Very small
Northwest Territories,SS007-15,61.699333,-117.638,2015,1314.5,Natural,Very small
Saskatchewan,15BN-HENRY,55.885567,-109.114033,2015,757.691707,Human,Very small
Saskatchewan,15HB-VEILLAR,52.9006,-102.56055,2015,379.496375,Human,Very small
Alberta,SWF030,55.390133,-115.82015,2015,209.6,Human,Very small
Manitoba,EA012,50.070278,-96.088056,2015,367.0,Human,Very small
Manitoba,CE008,51.89,-99.8,2015,416.0,Human,Very small
Ontario,KEN5,50.2417,-94.9613,2015,259.5,Human,Very small
Saskatchewan,15PA-PAST01,52.679432,-106.019955,2015,200.0,Human,Very small
British Columbia,2015-C20006,51.8499,-122.4824,2015,355.0,Human,Very small
Ontario,RED1,51.2033,-92.6207,2014,220.0,Unknown,Very small
Alberta,PWF116,55.909183,-116.9768,2014,353.0,Human,Very small
Manitoba,NE125,57.837778,-100.250833,2014,1178.7,Natural,Very small
Northwest Territories,ZF143-14,62.276666,-115.622833,2014,701.9,Natural,Very small
Northwest Territories,SS152-14,61.386333,-119.073166,2014,372.93,Natural,Very small
Saskatchewan,14LX-OTTER,56.7583,-107.296933,2014,276.8,Natural,Very small
Northwest Territories,SS147-14,60.040333,-107.616166,2014,300.0,Natural,Very small
Northwest Territories,SS143-14,60.524333,-113.8975,2014,1893.65,Natural,Very small
Northwest Territories,FS052-14,62.1175,-123.088333,2014,704.8,Natural,Very small
British Columbia,2014-G60456,55.2978,-122.5094,2014,1541.56,Natural,Very small
British Columbia,2014-G70476,55.2183,-122.1644,2014,215.0,Natural,Very small
British Columbia,2014-C50158,52.7283,-124.2766,2014,609.0,Natural,Very small
Saskatchewan,14BN-JAZZ,58.760283,-109.952483,2014,774.3,Natural,Very small
British Columbia,2014-G80439,57.5179,-121.8855,2014,4057.0,Natural,Very small
Northwest Territories,SS140-14,60.379333,-110.914666,2014,684.42,Natural,Very small
British Columbia,2014-G80434,56.5075,-123.0254,2014,827.0,Natural,Very small
Manitoba,NE106,53.327778,-96.496389,2014,308.1,Natural,Very small
British Columbia,2014-R20116,54.3696,-126.4297,2014,3450.0,Natural,Very small
British Columbia,2014-C50145,52.1012,-123.5851,2014,940.0,Human,Very small
Saskatchewan,14SR-STROME,59.484283,-108.0005,2014,430.9,Natural,Very small
Manitoba,NE102,53.429167,-95.895833,2014,362.5,Natural,Very small
Saskatchewan,14LX-STUDER2,56.171733,-107.25335,2014,407.8,Natural,Very small
Saskatchewan,14BN-COOL,57.216383,-108.532867,2014,905.6,Natural,Very small
Northwest Territories,ZF133-14,62.7675,-114.6415,2014,2000.0,Natural,Very small
Saskatchewan,14LA-WEKKA,54.93,-104.2,2014,1092.1,Natural,Very small
Saskatchewan,14LX-BARR,57.2363,-107.171267,2014,12993.0,Natural,Very small
Manitoba,NE135,56.523333,-91.206667,2014,587.4,Natural,Very small
Quebec,2014-254,51.2269,-60.9008,2014,521.2,Natural,Very small
Northwest Territories,SS137-14,60.612166,-112.037833,2014,8845.88,Natural,Very small
British Columbia,2014-N20399,50.1109,-115.0812,2014,232.0,Natural,Very small
Saskatchewan,14LX-GROAT,57.641083,-106.56905,2014,2218.0,Natural,Very small
Saskatchewan,14LA-ISAAC,56.769933,-102.22175,2014,511.4,Natural,Very small
British Columbia,2014-G60369,56.1415,-125.0881,2014,1998.2,Natural,Very small
Saskatchewan,14SR-NOLAN,59.886533,-108.971333,2014,1247.7,Natural,Very small
Saskatchewan,14LA-TAYLOR,57.148933,-104.121983,2014,1253.6,Natural,Very small
Saskatchewan,14LX-PORTER,56.32025,-107.352467,2014,1674.9,Natural,Very small
Northwest Territories,SS134-14,61.671,-112.305666,2014,279.06,Natural,Very small
Northwest Territories,ZF128-14,62.082833,-115.547666,2014,4865.0,Natural,Very small
Northwest Territories,SS130-14,60.902833,-116.481,2014,14335.59,Natural,Very small
British Columbia,2014-G80365,56.3496,-122.8427,2014,210.0,Natural,Very small
Northwest Territories,SS129-14,61.717166,-112.4015,2014,1673.26,Natural,Very small
Northwest Territories,SS128-14,60.055,-108.831833,2014,500.68,Natural,Very small
Northwest Territories,SS127-14,60.355333,-110.761833,2014,316.71,Natural,Very small
Northwest Territories,SS125-14,60.8155,-112.3565,2014,792.48,Natural,Very small
Northwest Territories,SS126-14,60.491666,-110.884333,2014,1466.74,Natural,Very small
Saskatchewan,14LA-SUNDAY,57.047717,-105.264067,2014,1998.9,Natural,Very small
Saskatchewan,14SR-MOORE2,58.135667,-104.219333,2014,648.8,Natural,Very small
Saskatchewan,14LA-TOMPSON,56.9963,-104.092567,2014,2352.3,Natural,Very small
Saskatchewan,14LX-JAVA,56.647633,-106.500583,2014,2171.1,Natural,Very small
Saskatchewan,14SR-DAVY,58.8378,-108.754083,2014,3743.1,Natural,Very small
Manitoba,NE075,57.171667,-100.691667,2014,3676.9,Natural,Very small
Manitoba,NE076,57.176111,-100.503333,2014,6596.3,Natural,Very small
Manitoba,NE077,57.358333,-100.674722,2014,3358.4,Natural,Very small
Northwest Territories,SS121-14,61.391,-112.141833,2014,3472.3,Natural,Very small
Northwest Territories,SS122-14,61.149833,-111.314,2014,1757.56,Natural,Very small
Northwest Territories,SS120-14,60.839333,-112.260833,2014,1439.56,Natural,Very small
British Columbia,2014-G80354,57.3105,-120.4275,2014,7932.0,Natural,Very small
Saskatchewan,14SR-BAR,58.286333,-102.731167,2014,5382.6,Natural,Very small
Saskatchewan,14LA-MIDDLE,57.463767,-104.503633,2014,6832.7,Natural,Very small
Saskatchewan,14BN-JAKE,56.859233,-108.302267,2014,1622.0,Natural,Very small
Northwest Territories,SS117-14,61.312666,-111.597666,2014,1743.79,Natural,Very small
Northwest Territories,ZF126-14,62.437333,-115.865166,2014,19271.4,Natural,Very small
Northwest Territories,ZF129-14,61.868,-115.2545,2014,18571.4,Natural,Very small
Saskatchewan,14LX-MARLENE,56.9625,-106.83595,2014,16502.2,Natural,Very small
Saskatchewan,14BN-WAYNE,57.7912,-108.659367,2014,28062.4,Natural,Small
Northwest Territories,ZF120-14,62.105666,-112.988666,2014,2468.4,Natural,Very small
Northwest Territories,ZF124-14,62.810166,-115.06,2014,3278.7,Natural,Very small
Northwest Territories,ZF121-14,62.055666,-113.127833,2014,4854.2,Natural,Very small
Northwest Territories,SS106-14,60.963833,-103.059166,2014,1974.18,Natural,Very small
Northwest Territories,FS049-14,61.698333,-120.04,2014,27305.1,Natural,Small
Northwest Territories,SS111-14,60.847,-113.6305,2014,1704.75,Natural,Very small
Northwest Territories,SS109-14,60.7295,-112.772,2014,315.08,Natural,Very small
Northwest Territories,SS108-14,60.590666,-112.599,2014,1922.46,Natural,Very small
Northwest Territories,2014NA2,61.525,-125.755,2014,2872.0,Natural,Very small
Northwest Territories,2014WB28,60.37275,-114.30242,2014,61287.7,Natural,Small
Saskatchewan,14LA-SHARPE,56.73285,-103.32785,2014,15006.8,Natural,Very small
Saskatchewan,14LX-SHANE,56.216667,-106.916667,2014,623.3,Natural,Very small
Manitoba,NE124,57.806667,-101.034167,2014,3451.9,Natural,Very small
Manitoba,NE063,56.851389,-101.789722,2014,1000.0,Natural,Very small
Manitoba,NE064,56.858889,-101.755,2014,9071.3,Natural,Very small
Manitoba,NE070,57.318333,-101.785833,2014,4721.8,Natural,Very small
Northwest Territories,FS047-14,60.383333,-122.55,2014,891.7,Natural,Very small
British Columbia,2014-N10277,49.7007,-115.4505,2014,676.0,Natural,Very small
Alberta,MWF051,58.580816,-110.049053,2014,2711.7,Natural,Very small
Saskatchewan,14SR-WATER2,58.42075,-104.670383,2014,794.4,Natural,Very small
Saskatchewan,14LX-STUDER,56.166667,-107.316667,2014,659.7,Natural,Very small
Saskatchewan,14BN-LES,56.522667,-108.176267,2014,3440.0,Natural,Very small
Northwest Territories,SS102-14,61.578833,-106.389333,2014,383.24,Natural,Very small
Northwest Territories,SS104-14,61.864166,-109.853666,2014,4771.09,Natural,Very small
Northwest Territories,SS105-14,61.122166,-108.204,2014,944.0,Natural,Very small
Northwest Territories,SS100-14,60.566,-108.1525,2014,2053.82,Natural,Very small
Northwest Territories,SS103-14,60.909833,-102.9985,2014,2280.69,Natural,Very small
Northwest Territories,SS101-14,60.5025,-107.689666,2014,1356.0,Natural,Very small
Northwest Territories,SS096-14,61.452333,-118.914333,2014,207.82,Natural,Very small
Northwest Territories,SS099-14,60.389833,-115.589,2014,25495.91,Natural,Small
Northwest Territories,FS043-14,60.7945,-121.675833,2014,530.9,Natural,Very small
Northwest Territories,2014WB25,60.38272,-115.51987,2014,85917.7,Natural,Small
British Columbia,2014-G90343,59.504,-120.3898,2014,312.3,Natural,Very small
Saskatchewan,14LX-LOWICK,56.362517,-106.852317,2014,11261.2,Natural,Very small
Saskatchewan,14BN-JAYLEEN,58.4916,-109.58415,2014,268.0,Natural,Very small
Saskatchewan,14BN-CHUCKY,57.1717,-108.25615,2014,7781.6,Natural,Very small
Saskatchewan,14LX-FORCIER,56.138433,-107.593933,2014,542.9,Natural,Very small
Saskatchewan,14BN-RITA,56.647633,-108.077033,2014,8867.5,Natural,Very small
Saskatchewan,14BN-DEAN,58.0465,-109.416567,2014,1353.1,Natural,Very small
Northwest Territories,SS090-14,60.4575,-107.854,2014,12163.29,Natural,Very small
British Columbia,2014-N20200,50.173,-115.6756,2014,1976.0,Natural,Very small
British Columbia,2014-N20227,50.1789,-115.1536,2014,728.0,Natural,Very small
British Columbia,2014-N20235,50.555,-115.6233,2014,240.0,Natural,Very small
British Columbia,2014-N20236,50.175,-115.4206,2014,1222.0,Natural,Very small
Northwest Territories,VQ032-14,65.335166,-124.015,2014,273.0,Natural,Very small
Northwest Territories,ZF111-14,65.283333,-116.196833,2014,4642.9,Natural,Very small
Northwest Territories,ZF116-14,64.938833,-116.852666,2014,427.6,Natural,Very small
Northwest Territories,ZF115-14,64.252166,-116.293333,2014,4327.2,Natural,Very small
Northwest Territories,ZF114-14,63.375166,-115.603333,2014,410.6,Natural,Very small
Northwest Territories,ZF110-14,63.054666,-114.448166,2014,55106.0,Natural,Small
Northwest Territories,ZF112-14,63.374166,-115.154166,2014,4976.0,Natural,Very small
Northwest Territories,ZF108-14,63.274833,-112.786166,2014,13520.7,Natural,Very small
Northwest Territories,ZF109-14,63.9175,-113.0645,2014,3341.8,Natural,Very small
Northwest Territories,ZF107-14,63.482166,-111.8495,2014,418.4,Natural,Very small
Northwest Territories,ZF106-14,63.518333,-111.689,2014,1380.6,Natural,Very small
Northwest Territories,SS086-14,61.6165,-107.857166,2014,4284.77,Natural,Very small
Northwest Territories,ZF117-14,64.196666,-118.126833,2014,4753.7,Natural,Very small
Northwest Territories,ZF105-14,63.905,-118.94,2014,3122.9,Natural,Very small
Northwest Territories,SS085-14,60.177166,-112.634666,2014,1438.48,Natural,Very small
Northwest Territories,FS036-14,63.242333,-121.549833,2014,898.0,Natural,Very small
Northwest Territories,FS032-14,61.739333,-120.260333,2014,1000.0,Natural,Very small
Northwest Territories,SS083-14,61.3215,-119.4255,2014,5000.0,Natural,Very small
Northwest Territories,FS033-14,61.321666,-119.641666,2014,31661.7,Natural,Small
Northwest Territories,SS082-14,61.189833,-119.126833,2014,7176.36,Natural,Very small
Saskatchewan,14SR-FOURTH2,59.29705,-106.429667,2014,8496.4,Natural,Very small
Northwest Territories,VQ030-14,67.021333,-123.391666,2014,1459.8,Natural,Very small
Northwest Territories,ZF104-14,63.15,-113.933333,2014,36368.8,Natural,Small
British Columbia,2014-R90100,59.034,-128.4785,2014,2830.0,Natural,Very small
Northwest Territories,SS079-14,61.396166,-110.267666,2014,1062.54,Natural,Very small
Northwest Territories,VQ031-14,65.5045,-118.925166,2014,1213.7,Natural,Very small
Northwest Territories,FS031-14,60.178333,-119.721666,2014,3486.1,Natural,Very small
British Columbia,2014-N20173,51.012,-116.9166,2014,708.0,Natural,Very small
Saskatchewan,14SR-JORJARAE,58.412523,-107.805639,2014,4123.3,Natural,Very small
Northwest Territories,FS026-14,61.533333,-120.56,2014,42310.7,Natural,Small
Northwest Territories,2014WB20,60.0843,-112.6503,2014,13419.6,Natural,Very small
Ontario,RED29,51.9228,-92.5702,2014,697.0,Natural,Very small
Northwest Territories,ZF094-14,64.15,-114.934,2014,5025.1,Natural,Very small
Manitoba,EA032,53.128333,-95.881944,2014,386.6,Natural,Very small
Northwest Territories,ZF092-14,62.989,-115.423333,2014,159913.9,Natural,Medium
British Columbia,2014-G60283,56.1218,-123.6473,2014,2289.46,Natural,Very small
British Columbia,2014-G60293,56.0118,-123.5116,2014,1386.46,Natural,Very small
British Columbia,2014-G60376,56.3432,-123.4607,2014,7979.49,Natural,Very small
British Columbia,2014-K50293,49.8575,-119.6554,2014,345.0,Human,Very small
Northwest Territories,ZF089-14,62.733333,-113.416666,2014,1000.0,Natural,Very small
British Columbia,2014-K60286,49.6455,-120.4227,2014,375.0,Human,Very small
Quebec,2014-172,52.3983,-66.9336,2014,1696.0,Natural,Very small
Northwest Territories,ZF085-14,62.610666,-114.820666,2014,23640.0,Natural,Very small
Ontario,COC9,52.6582,-82.902,2014,1000.0,Natural,Very small
British Columbia,2014-K70270,50.2696,-121.5608,2014,1389.0,Human,Very small
British Columbia,2014-V30247,50.334,-123.5565,2014,300.0,Human,Very small
British Columbia,2014-K50272,49.4189,-119.8209,2014,345.0,Human,Very small
Alberta,GWF044,54.6599,-119.9646,2014,4173.06,Natural,Very small
Alberta,EWF054,54.06746,-118.29377,2014,419.0,Natural,Very small
Saskatchewan,14SR-WATER,58.447333,-104.632317,2014,200.0,Natural,Very small
Saskatchewan,14SR-ROAD,58.219383,-104.173433,2014,391.6,Natural,Very small
Northwest Territories,ZF077-14,63.051666,-114.9845,2014,200.0,Natural,Very small
Northwest Territories,ZF078-14,63.071666,-114.715333,2014,250.0,Natural,Very small
Northwest Territories,ZF080-14,64.072666,-113.439666,2014,334.0,Natural,Very small
Northwest Territories,ZF079-14,64.311833,-113.566,2014,1210.3,Natural,Very small
Northwest Territories,VQ025-14,65.850666,-128.023,2014,433.83,Natural,Very small
Northwest Territories,VQ026-14,64.487666,-122.458166,2014,606.4,Natural,Very small
Northwest Territories,SS072-14,60.714,-117.0455,2014,6034.37,Natural,Very small
Northwest Territories,SS071-14,61.050666,-117.2065,2014,1051.0,Natural,Very small
Northwest Territories,FS019-14,60.052,-120.469166,2014,417.0,Natural,Very small
British Columbia,2014-G90232,59.2032,-121.1964,2014,1290.0,Natural,Very small
British Columbia,2014-G50226,54.8785,-123.8334,2014,1648.0,Natural,Very small
British Columbia,2014-V10237,49.9443,-121.9596,2014,540.0,Natural,Very small
British Columbia,2014-K60265,49.7593,-121.0627,2014,400.0,Natural,Very small
Northwest Territories,ZF072-14,64.327166,-114.638166,2014,5593.6,Natural,Very small
Northwest Territories,ZF076-14,62.623333,-108.005333,2014,430.1,Natural,Very small
Northwest Territories,ZF068-14,62.4615,-111.576666,2014,5706.3,Natural,Very small
Northwest Territories,EV005-14,67.294,-134.760666,2014,495.5,Natural,Very small
Northwest Territories,ZF071-14,63.183333,-116.7,2014,13564.0,Natural,Very small
British Columbia,2014-G70221,55.8178,-122.4897,2014,26280.8,Natural,Small
Saskatchewan,14LX-BOFFA,56.669033,-106.8755,2014,31358.7,Natural,Small
Northwest Territories,VQ024-14,67.531333,-128.779666,2014,347.5,Natural,Very small
Northwest Territories,FS015-14,63.918333,-123.669,2014,2414.6,Natural,Very small
Alberta,2014BA7,51.9962,-116.6564,2014,2300.0,Natural,Very small
British Columbia,2014-G60195,56.286,-125.2878,2014,61285.0,Natural,Small
British Columbia,2014-R10070,53.3982,-125.7346,2014,133100.0,Natural,Medium
British Columbia,2014-G40198,53.1431,-124.3816,2014,21518.0,Natural,Very small
Alberta,SWF113,57.264667,-115.757833,2014,4211.0,Natural,Very small
Northwest Territories,SS065-14,61.855666,-112.4865,2014,400.0,Natural,Very small
Northwest Territories,VQ021-14,66.246333,-126.204,2014,426.5,Natural,Very small
Northwest Territories,VQ023-14,64.703666,-121.470333,2014,2178.2,Natural,Very small
British Columbia,2014-G70182,54.5772,-120.408,2014,33547.0,Natural,Small
Saskatchewan,14LX-HOLT,56.25,-106.8,2014,8655.0,Natural,Very small
Saskatchewan,14SR-KEWEN,58.248817,-104.683017,2014,1954.5,Natural,Very small
Northwest Territories,SS064-14,61.169166,-104.327833,2014,375.0,Natural,Very small
Northwest Territories,SS063-14,60.7425,-105.91,2014,853.79,Natural,Very small
Northwest Territories,VQ019-14,66.743,-125.580833,2014,2105.9,Natural,Very small
Northwest Territories,VQ020-14,64.897166,-126.392666,2014,7885.1,Natural,Very small
Northwest Territories,VQ018-14,64.2505,-121.462,2014,1632.1,Natural,Very small
Saskatchewan,14BN-KEN,56.826333,-108.97375,2014,13036.6,Natural,Very small
Northwest Territories,ZF058-14,63.235166,-104.424833,2014,4047.3,Natural,Very small
Northwest Territories,ZF064-14,62.589833,-109.646166,2014,16083.4,Natural,Very small
Northwest Territories,SS059-14,61.385333,-105.092333,2014,1868.91,Natural,Very small
Northwest Territories,SS060-14,61.359833,-105.301166,2014,389.93,Natural,Very small
Northwest Territories,SS057-14,60.789833,-102.639833,2014,3508.59,Natural,Very small
Northwest Territories,SS058-14,60.5115,-106.817833,2014,709.91,Natural,Very small
Alberta,RWF034,51.988983,-116.656067,2014,8972.0,Natural,Very small
Saskatchewan,14SR-SQUIRREL,58.86237,-107.262611,2014,200.0,Natural,Very small
Quebec,2014-147,52.5506,-64.0406,2014,9793.3,Natural,Very small
Quebec,2014-145,51.4825,-66.2958,2014,1200.0,Natural,Very small
Northwest Territories,ZF057-14,65.031833,-116.7735,2014,994.8,Natural,Very small
Northwest Territories,ZF049-14,65.06,-116.478833,2014,19422.7,Natural,Very small
Northwest Territories,ZF055-14,63.851833,-114.916666,2014,6867.2,Natural,Very small
Northwest Territories,ZF056-14,63.8955,-115.521,2014,4041.5,Natural,Very small
Northwest Territories,ZF045-14,62.759166,-112.939333,2014,54193.1,Natural,Small
Northwest Territories,ZF052-14,62.680833,-103.513,2014,514.4,Natural,Very small
Northwest Territories,ZF053-14,61.998166,-109.277833,2014,17157.9,Natural,Very small
Northwest Territories,ZF047-14,63.8135,-120.291,2014,11528.3,Natural,Very small
Northwest Territories,ZF048-14,63.971,-120.441333,2014,7601.4,Natural,Very small
Northwest Territories,ZF046-14,62.534666,-117.083,2014,109970.3,Natural,Medium
Northwest Territories,SS056-14,60.4745,-115.5505,2014,3320.0,Natural,Very small
Northwest Territories,SS055-14,60.891,-112.948,2014,270.31,Natural,Very small
Northwest Territories,SS054-14,60.027,-110.935833,2014,417.38,Natural,Very small
Northwest Territories,VQ017-14,64.449,-121.039,2014,4443.4,Natural,Very small
Northwest Territories,VQ015-14,65.948,-117.804666,2014,15362.7,Natural,Very small
Northwest Territories,ZF044-14,64.025333,-116.704333,2014,160656.5,Natural,Medium
Northwest Territories,ZF043-14,64.0335,-116.201833,2014,32563.4,Natural,Small
Northwest Territories,ZF042-14,64.115666,-114.496833,2014,12561.9,Natural,Very small
Northwest Territories,SS051-14,61.5095,-108.652833,2014,686.67,Natural,Very small
Northwest Territories,SS050-14,61.500666,-109.508833,2014,3194.26,Natural,Very small
Northwest Territories,SS053-14,61.462333,-112.411833,2014,838.77,Natural,Very small
Northwest Territories,SS048-14,60.430333,-110.323,2014,3812.17,Natural,Very small
Northwest Territories,VQ014-14,64.372666,-123.6295,2014,789.1,Natural,Very small
Saskatchewan,14SR-BUTULA,59.448333,-106.025,2014,1289.8,Natural,Very small
Quebec,2014-157,52.2853,-76.0672,2014,633.0,Natural,Very small
Quebec,2014-140,54.6464,-70.9269,2014,246.0,Natural,Very small
Northwest Territories,ZF041-14,62.377333,-111.2845,2014,5353.5,Human,Very small
Northwest Territories,VQ016-14,64.1975,-125.306,2014,4987.0,Natural,Very small
Saskatchewan,14LX-LANSDOWNE,57.52425,-107.005967,2014,78256.9,Natural,Small
Yukon,2014CA004,62.55835,-134.957867,2014,353.566,Natural,Very small
Northwest Territories,ZF062-14,62.660666,-104.803833,2014,21301.5,Natural,Very small
Northwest Territories,ZF060-14,63.050833,-103.799666,2014,4795.0,Natural,Very small
Northwest Territories,ZF054-14,63.0855,-103.772166,2014,547.8,Natural,Very small
Northwest Territories,ZF061-14,62.0435,-107.6105,2014,888.3,Natural,Very small
Northwest Territories,SS046-14,60.691,-107.649166,2014,1206.2,Natural,Very small
Northwest Territories,SS038-14,60.15,-111.1,2014,7050.5,Natural,Very small
Northwest Territories,SS045-14,60.459666,-107.274333,2014,407.76,Natural,Very small
Northwest Territories,FS012-14,62.9225,-124.291,2014,756.8,Natural,Very small
Saskatchewan,14SR-FOURTH,59.286333,-106.361667,2014,1700.5,Natural,Very small
Saskatchewan,14BN-GRANT,58.116983,-109.294517,2014,10900.2,Natural,Very small
Quebec,2014-114,51.8292,-65.5194,2014,6933.0,Human,Very small
Northwest Territories,ZF051-14,63.931,-115.7995,2014,3798.0,Natural,Very small
Northwest Territories,SS036-14,60.894166,-106.112166,2014,427.22,Natural,Very small
Northwest Territories,ZF038-14,62.024666,-116.1995,2014,6435.0,Natural,Very small
Ontario,COC8,51.5034,-81.5396,2014,2800.0,Natural,Very small
Saskatchewan,14BN-GARRY,58.593767,-108.91815,2014,3312.6,Natural,Very small
Manitoba,NE048,57.218611,-96.8275,2014,943.1,Natural,Very small
Northwest Territories,SS044-14,60.570833,-107.289333,2014,957.33,Natural,Very small
Quebec,2014-109,56.6983,-69.3006,2014,23210.2,Natural,Very small
Northwest Territories,SS029-14,60.464166,-111.340666,2014,15194.0,Natural,Very small
Northwest Territories,ZF035-14,63.617,-118.088166,2014,282988.9,Natural,Large
Northwest Territories,ZF033-14,63.583,-117.649833,2014,14932.0,Natural,Very small
Northwest Territories,ZF032-14,63.751833,-117.5665,2014,15162.0,Natural,Very small
Northwest Territories,ZF034-14,63.6705,-117.817166,2014,20302.0,Natural,Very small
Northwest Territories,2014WB10,60.49968,-115.49987,2014,5910.3,Natural,Very small
Alberta,2014WB13,59.75122,-113.83295,2014,2804.6,Natural,Very small
Northwest Territories,2014WB14,60.236667,-113.338683,2014,654.3,Natural,Very small
Northwest Territories,ZF031-14,64.116666,-115.4225,2014,57107.0,Natural,Small
Northwest Territories,ZF029-14,64.948,-118.750166,2014,3799.0,Natural,Very small
Northwest Territories,VQ012-14,65.332333,-126.275,2014,703.5,Natural,Very small
Northwest Territories,2014WB8,60.47955,-113.24858,2014,14266.5,Natural,Very small
Northwest Territories,SS033-14,60.632,-114.071666,2014,3578.43,Natural,Very small
Alberta,2014WB6,59.546983,-114.777417,2014,6363.9,Natural,Very small
Northwest Territories,SS023-14,61.331666,-116.2195,2014,18055.77,Natural,Very small
Quebec,2014-93,54.8569,-66.7522,2014,655.5,Human,Very small
Northwest Territories,SS031-14,60.309166,-115.725,2014,8189.42,Natural,Very small
Northwest Territories,SS032-14,60.688666,-111.398,2014,366.82,Natural,Very small
Northwest Territories,EV002-14,65.599166,-131.138333,2014,523.7,Natural,Very small
British Columbia,2014-R10077,53.3828,-126.8899,2014,3750.0,Natural,Very small
Northwest Territories,ZF026-14,64.1055,-114.144166,2014,11128.8,Natural,Very small
Northwest Territories,VQ008-14,65.633666,-129.658666,2014,650.6,Natural,Very small
Northwest Territories,VQ007-14,65.590666,-130.917166,2014,1471.0,Natural,Very small
Northwest Territories,ZF050-14,64.729,-119.3355,2014,221.3,Natural,Very small
Northwest Territories,ZF023-14,64.674166,-118.468,2014,19690.6,Natural,Very small
Northwest Territories,ZF022-14,64.439666,-119.99,2014,14158.0,Natural,Very small
Northwest Territories,FS008-14,64.233333,-121.916666,2014,18213.0,Natural,Very small
Northwest Territories,ZF020-14,62.066666,-116.983333,2014,632984.1,Natural,Extremely large
Northwest Territories,ZF021-14,62.2,-117.216666,2014,6635.0,Natural,Very small
Northwest Territories,FS007-14,60.4,-119.506666,2014,609.0,Natural,Very small
Northwest Territories,SS015-14,60.7245,-114.293,2014,7695.3,Natural,Very small
Saskatchewan,14LA-WARNER,57.14605,-103.931017,2014,5121.6,Natural,Very small
Northwest Territories,ZF024-14,63.725166,-112.726166,2014,23677.9,Natural,Very small
Northwest Territories,ZF017-14,62.537,-112.793666,2014,296963.3,Natural,Large
Northwest Territories,ZF007-14,62.776166,-108.8,2014,145796.2,Natural,Medium
Northwest Territories,ZF013-14,63.002166,-111.499833,2014,63991.0,Natural,Small
Northwest Territories,ZF014-14,62.747833,-111.6535,2014,102000.0,Natural,Medium
Northwest Territories,ZF009-14,62.343833,-107.896166,2014,6650.8,Natural,Very small
Northwest Territories,VQ005-14,64.8665,-120.7205,2014,30665.2,Natural,Small
Northwest Territories,ZF019-14,62.016666,-116.816666,2014,566.0,Natural,Very small
Northwest Territories,SS019-14,61.796,-112.405333,2014,218.15,Natural,Very small
Northwest Territories,ZF008-14,62.492666,-108.435,2014,36154.0,Natural,Small
Northwest Territories,SS014-14,61.490333,-116.013666,2014,85425.47,Natural,Small
Alberta,2014WB4,59.83635,-112.674183,2014,7727.0,Natural,Very small
Alberta,2014WB2,59.633333,-112.283333,2014,43444.4,Natural,Small
Saskatchewan,14BN-ZARRIN,56.722583,-108.5511,2014,11438.3,Natural,Very small
Northwest Territories,VQ004-14,64.601,-123.838666,2014,12294.7,Natural,Very small
Northwest Territories,SS018-14,61.729333,-112.557166,2014,34644.73,Natural,Small
Northwest Territories,SS016-14,61.159833,-106.477,2014,12518.84,Natural,Very small
Northwest Territories,SS017-14,60.716833,-111.792666,2014,49531.55,Natural,Small
Yukon,2014MA003,65.884333,-133.237333,2014,1929.443,Natural,Very small
Yukon,2014DA002,65.867667,-137.581833,2014,239.176,Natural,Very small
Northwest Territories,SS022-14,61.201166,-110.319666,2014,9312.85,Natural,Very small
Northwest Territories,EV001-14,66.104833,-133.421166,2014,1308.7,Natural,Very small
Northwest Territories,VQ003-14,65.4545,-127.107166,2014,31611.5,Natural,Small
Northwest Territories,FS002-14,61.4945,-121.521666,2014,298.0,Natural,Very small
Northwest Territories,FS003-14,62.461,-123.486166,2014,4009.2,Natural,Very small
Alberta,2014WB1,59.36063,-113.92445,2014,19481.3,Natural,Very small
Yukon,2014MA002,63.270833,-137.464667,2014,379.555,Natural,Very small
Northwest Territories,SS007-14,60.647333,-119.1715,2014,3461.0,Natural,Very small
Northwest Territories,SS035-14,60.891666,-106.591166,2014,1125.92,Natural,Very small
Northwest Territories,SS009-14,60.195333,-118.597,2014,10789.9,Natural,Very small
British Columbia,2014-G60096,56.8007,-125.7188,2014,33068.0,Natural,Small
Alberta,HWF058,59.972183,-118.065767,2014,702.3,Natural,Very small
Northwest Territories,SS005-14,61.125833,-116.808666,2014,5195.42,Human,Very small
Northwest Territories,SS003-14,60.804666,-117.335333,2014,74276.75,Natural,Small
Quebec,2014-54,51.6194,-77.8617,2014,2297.1,Natural,Very small
Quebec,2014-55,51.1661,-77.4397,2014,392.4,Natural,Very small
Quebec,2014-61,52.2925,-74.9236,2014,14694.0,Natural,Very small
Saskatchewan,14LA-STANLEY,55.4008,-104.6076,2014,10051.6,Human,Very small
Saskatchewan,14PN-PEARL,55.183333,-102.916,2014,499.2,Human,Very small
British Columbia,2014-G80070,56.5253,-121.7888,2014,285.0,Human,Very small
Saskatchewan,14HB-SLIR04,53.481067,-102.635883,2014,378.06,Human,Very small
Saskatchewan,14HB-CONNELL,53.153933,-103.226967,2014,3454.2,Human,Very small
Manitoba,CE013,51.431667,-97.556944,2014,230.1,Human,Very small
British Columbia,2014-G60297,56.2999,-124.0387,2014,1688.34,Human,Very small
Saskatchewan,14PA-SLIR05,53.39405,-106.092033,2014,433.0,Human,Very small
Nova Scotia,04-006-2014,44.01148,-65.7171,2014,200.9,Human,Very small
Manitoba,CE001,51.856944,-99.708611,2014,234.6,Human,Very small
Newfoundland and Labrador,2014-NL63214,53.2756582,-60.0100636,2014,8832.0,Unknown,Very small
Ontario,SLK2,50.5506,-91.1438,2014,200.0,Unknown,Very small
